obs_date,frb,ra_deg,dec_deg,coord_semantics,gate1_mechanical_pass,gate2_airmass_pass,gate3_moon_pass,gate4_dark_pass,gate5_dome_pass,duration_pass,rigorous_science_pass,obs_window_start_utc,obs_window_end_utc,best_start_utc,best_end_utc,min_airmass,min_moon_sep_deg,max_target_alt_deg,moon_illumination_frac,parallactic_angle_deg
2026-06-24,20171020A,333.8531,-19.5853,host,True,False,True,True,True,False,False,2026-06-24 21:47:46,2026-06-25 04:40:26,,,,,,0.792,
2026-06-24,20180924B,326.105236,-40.900253,host,False,False,True,True,True,False,False,2026-06-24 21:47:46,2026-06-25 04:40:26,,,,,,0.792,
2026-06-24,20190102C,322.415209,-79.475758,host,False,False,True,True,True,False,False,2026-06-24 21:47:46,2026-06-25 04:40:26,,,,,,0.792,
2026-06-24,20190608B,334.020406,-7.898868,host,True,True,True,True,True,True,True,2026-06-24 21:47:46,2026-06-25 04:40:26,2026-06-25 03:07:46,2026-06-25 04:37:46,1.338,60.05,48.35,0.801,-27.4
2026-06-24,20190714A,183.979525,-13.021079,host,True,False,True,True,True,False,False,2026-06-24 21:47:46,2026-06-25 04:40:26,,,,,,0.792,
2026-06-24,20191001A,323.352187,-54.747748,host,False,False,True,True,True,False,False,2026-06-24 21:47:46,2026-06-25 04:40:26,,,,,,0.792,
2026-06-24,20200906A,53.496,-14.083,host,True,False,True,True,True,False,False,2026-06-24 21:47:46,2026-06-25 04:40:26,,,,,,0.792,
2026-06-24,20210320C,204.458854,-16.122552,host,True,True,False,True,True,False,False,2026-06-24 21:47:46,2026-06-25 04:40:26,,,,,,0.792,
2026-06-24,20210410D,326.086,-79.318,host,False,False,True,True,True,False,False,2026-06-24 21:47:46,2026-06-25 04:40:26,,,,,,0.792,
2026-06-24,20210807D,299.2214,-0.7624,host,True,True,True,True,True,True,True,2026-06-24 21:47:46,2026-06-25 04:40:26,2026-06-25 00:17:46,2026-06-25 04:37:46,1.158,33.89,59.74,0.796,-12.07
2026-06-24,20211127I,199.808,-18.838,host,True,False,False,True,True,False,False,2026-06-24 21:47:46,2026-06-25 04:40:26,,,,,,0.792,
2026-06-24,20211203C,204.56526,-31.379107,host,True,False,False,True,True,False,False,2026-06-24 21:47:46,2026-06-25 04:40:26,,,,,,0.792,
2026-06-24,20211212A,157.351,1.361,host,True,False,True,True,True,False,False,2026-06-24 21:47:46,2026-06-25 04:40:26,,,,,,0.792,
2026-06-24,20220207C,310.197679,72.882658,host,True,True,True,True,True,True,True,2026-06-24 21:47:46,2026-06-25 04:40:26,2026-06-25 01:17:46,2026-06-25 04:37:46,1.403,99.43,45.44,0.798,-166.99
2026-06-24,20220307B,350.875,72.192,host,True,True,True,True,True,True,True,2026-06-24 21:47:46,2026-06-25 04:40:26,2026-06-25 03:52:46,2026-06-25 04:37:46,1.458,108.53,43.3,0.802,-141.55
2026-06-24,20220310F,134.721,73.491,host,True,False,True,True,True,False,False,2026-06-24 21:47:46,2026-06-25 04:40:26,,,,,,0.792,
2026-06-24,20220319D,32.177917,71.03525,host,True,False,True,True,True,False,False,2026-06-24 21:47:46,2026-06-25 04:40:26,,,,,,0.792,
2026-06-24,20220509G,282.674806,70.242726,host,True,True,True,True,True,True,True,2026-06-24 21:47:46,2026-06-25 04:40:26,2026-06-24 22:57:46,2026-06-25 04:37:46,1.335,93.89,48.49,0.794,-179.49
2026-06-24,20220825A,311.982,72.585,host,True,True,True,True,True,True,True,2026-06-24 21:47:46,2026-06-25 04:40:26,2026-06-25 01:17:46,2026-06-25 04:37:46,1.4,99.48,45.6,0.798,-164.69
2026-06-24,20220912A,347.270174,48.706618,host,True,True,True,True,True,True,True,2026-06-24 21:47:46,2026-06-25 04:40:26,2026-06-25 02:17:46,2026-06-25 04:37:46,1.246,97.55,53.4,0.8,-108.46
2026-06-24,20220914A,282.058507,73.336282,host,True,True,True,True,True,True,True,2026-06-24 21:47:46,2026-06-25 04:40:26,2026-06-24 23:27:46,2026-06-25 04:02:46,1.405,96.93,45.39,0.794,179.71
2026-06-24,20220920A,240.256794,70.918007,host,True,True,True,True,True,True,True,2026-06-24 21:47:46,2026-06-25 04:40:26,2026-06-24 21:47:46,2026-06-25 01:47:46,1.359,97.09,47.38,0.788,164.47
2026-06-24,20221012A,280.801417,70.524175,host,True,True,True,True,True,True,True,2026-06-24 21:47:46,2026-06-25 04:40:26,2026-06-24 22:52:46,2026-06-25 04:32:46,1.341,94.09,48.21,0.794,179.69
2026-06-24,20181112A,327.348458,-52.970944,signal,False,False,True,True,True,False,False,2026-06-24 21:47:46,2026-06-25 04:40:26,,,,,,0.792,
2026-06-24,20190611B,320.742887,-79.397286,host,False,False,True,True,True,False,False,2026-06-24 21:47:46,2026-06-25 04:40:26,,,,,,0.792,
2026-06-24,20190711A,329.419,-80.358,host,False,False,True,True,True,False,False,2026-06-24 21:47:46,2026-06-25 04:40:26,,,,,,0.792,
2026-06-24,20191228A,344.430542,-29.594111,signal,True,False,True,True,True,False,False,2026-06-24 21:47:46,2026-06-25 04:40:26,,,,,,0.792,
2026-06-24,20200430A,229.706377,12.376607,host,True,True,True,True,True,True,True,2026-06-24 21:47:46,2026-06-25 04:40:26,2026-06-24 22:52:46,2026-06-25 01:32:46,1.169,55.55,58.82,0.789,54.12
2026-06-24,20200627A,326.695833,-39.484722,signal,False,False,True,True,True,False,False,2026-06-24 21:47:46,2026-06-25 04:40:26,,,,,,0.792,
2026-06-24,20210117A,339.979208,-16.151444,signal,True,True,True,True,True,False,False,2026-06-24 21:47:46,2026-06-25 04:40:26,,,,,,0.792,
2026-06-24,20210214G,6.93,-5.832222,signal,True,False,True,True,True,False,False,2026-06-24 21:47:46,2026-06-25 04:40:26,,,,,,0.792,
2026-06-24,20210407E,78.650958,27.05825,signal,True,False,True,True,True,False,False,2026-06-24 21:47:46,2026-06-25 04:40:26,,,,,,0.792,
2026-06-24,20210809C,271.157083,1.328889,signal,True,True,True,True,True,True,True,2026-06-24 21:47:46,2026-06-25 04:40:26,2026-06-24 22:22:46,2026-06-25 03:47:46,1.127,24.82,62.56,0.792,2.1
2026-06-24,20210912A,350.7935,-30.405583,signal,True,False,True,True,True,False,False,2026-06-24 21:47:46,2026-06-25 04:40:26,,,,,,0.792,
2026-06-24,20220105A,208.803803,22.466479,host,True,True,True,True,True,True,True,2026-06-24 21:47:46,2026-06-25 04:40:26,2026-06-24 22:12:46,2026-06-25 00:27:46,1.202,77.53,56.3,0.786,71.46
2026-06-24,20220501C,352.379167,-32.490722,signal,True,False,True,True,True,False,False,2026-06-24 21:47:46,2026-06-25 04:40:26,,,,,,0.792,
2026-06-24,20220531A,294.709167,-60.296667,signal,False,False,True,True,True,False,False,2026-06-24 21:47:46,2026-06-25 04:40:26,,,,,,0.792,
2026-06-24,20220610A,351.073,-33.514,host,True,False,True,True,True,False,False,2026-06-24 21:47:46,2026-06-25 04:40:26,,,,,,0.792,
2026-06-24,20220725A,353.315342,-35.990268,host,True,False,True,True,True,False,False,2026-06-24 21:47:46,2026-06-25 04:40:26,,,,,,0.792,
2026-06-24,20220918A,17.592125,-70.811389,signal,False,False,True,True,True,False,False,2026-06-24 21:47:46,2026-06-25 04:40:26,,,,,,0.792,
2026-06-24,20221106A,56.704551,-25.569831,host,True,False,True,True,True,False,False,2026-06-24 21:47:46,2026-06-25 04:40:26,,,,,,0.792,
2026-06-24,20230521A,327.75125,-2.386111,signal,True,True,True,True,True,True,True,2026-06-24 21:47:46,2026-06-25 04:40:26,2026-06-25 02:17:46,2026-06-25 04:37:46,1.25,56.67,53.15,0.8,-30.68
2026-06-24,20230526A,22.232615,-52.717373,host,False,False,True,True,True,False,False,2026-06-24 21:47:46,2026-06-25 04:40:26,,,,,,0.792,
2026-06-24,20230708A,303.115511,-55.356262,host,False,False,True,True,True,False,False,2026-06-24 21:47:46,2026-06-25 04:40:26,,,,,,0.792,
2026-06-24,20230718A,128.161917,-40.451944,signal,False,False,True,True,True,False,False,2026-06-24 21:47:46,2026-06-25 04:40:26,,,,,,0.792,
2026-06-24,20230731A,174.601458,-56.799056,signal,False,False,True,True,True,False,False,2026-06-24 21:47:46,2026-06-25 04:40:26,,,,,,0.792,
2026-06-24,20230902A,52.139961,-47.333434,host,False,False,True,True,True,False,False,2026-06-24 21:47:46,2026-06-25 04:40:26,,,,,,0.792,
2026-06-24,20231006A,296.003333,-64.648889,signal,False,False,True,True,True,False,False,2026-06-24 21:47:46,2026-06-25 04:40:26,,,,,,0.792,
2026-06-24,20231226A,155.363856,6.109704,host,True,False,True,True,True,False,False,2026-06-24 21:47:46,2026-06-25 04:40:26,,,,,,0.792,
2026-06-24,20240201A,149.906029,14.088739,host,True,False,True,True,True,False,False,2026-06-24 21:47:46,2026-06-25 04:40:26,,,,,,0.792,
2026-06-24,20240208A,159.229001,-0.953397,host,True,False,True,True,True,False,False,2026-06-24 21:47:46,2026-06-25 04:40:26,,,,,,0.792,
2026-06-24,20240210A,8.77693,-28.271997,host,True,False,True,True,True,False,False,2026-06-24 21:47:46,2026-06-25 04:40:26,,,,,,0.792,
2026-06-24,20240304A,136.330524,-16.166242,host,True,False,True,True,True,False,False,2026-06-24 21:47:46,2026-06-25 04:40:26,,,,,,0.792,
2026-06-24,20240310A,17.621847,-44.439331,host,False,False,True,True,True,False,False,2026-06-24 21:47:46,2026-06-25 04:40:26,,,,,,0.792,
2026-06-24,20240318A,150.393564,37.616432,host,True,False,True,True,True,False,False,2026-06-24 21:47:46,2026-06-25 04:40:26,,,,,,0.792,
2026-06-24,20240304B,182.997,11.813,host,True,True,True,True,True,True,True,2026-06-24 21:47:46,2026-06-25 04:40:26,2026-06-24 21:47:46,2026-06-24 22:22:46,1.395,94.71,45.8,0.782,60.73
2026-06-24,20230521B,351.036,71.138,host,True,True,True,True,True,True,True,2026-06-24 21:47:46,2026-06-25 04:40:26,2026-06-25 03:42:46,2026-06-25 04:37:46,1.444,108.23,43.83,0.802,-139.24
2026-06-24,20240104A,348.874,72.821,host,True,True,True,True,True,True,True,2026-06-24 21:47:46,2026-06-25 04:40:26,2026-06-25 03:52:46,2026-06-25 04:37:46,1.462,108.18,43.17,0.802,-144.27
2026-06-24,20221029A,141.966,72.452,host,True,False,True,True,True,False,False,2026-06-24 21:47:46,2026-06-25 04:40:26,,,,,,0.792,
2026-06-24,20240123A,68.263,71.945,host,True,False,True,True,True,False,False,2026-06-24 21:47:46,2026-06-25 04:40:26,,,,,,0.792,
2026-06-24,20220222C,203.904,-28.027,host,True,False,False,True,True,False,False,2026-06-24 21:47:46,2026-06-25 04:40:26,,,,,,0.792,
2026-06-24,20190523A,207.064,72.471,host,True,True,True,True,True,True,True,2026-06-24 21:47:46,2026-06-25 04:40:26,2026-06-24 21:47:46,2026-06-24 23:17:46,1.435,105.46,44.19,0.784,147.23
2026-06-24,20250518,207.992,71.282,host,True,True,True,True,True,True,True,2026-06-24 21:47:46,2026-06-25 04:40:26,2026-06-24 21:47:46,2026-06-24 23:37:46,1.417,104.61,44.9,0.784,144.68
2026-06-24,20220224C,166.678,-22.94,host,True,False,True,True,True,False,False,2026-06-24 21:47:46,2026-06-25 04:40:26,,,,,,0.792,
2026-06-24,20220418A,219.106,70.095,host,True,True,True,True,True,True,True,2026-06-24 21:47:46,2026-06-25 04:40:26,2026-06-24 21:47:46,2026-06-25 00:32:46,1.378,100.95,46.53,0.786,148.41
2026-06-24,20190614D,65.076,73.707,host,True,False,True,True,True,False,False,2026-06-24 21:47:46,2026-06-25 04:40:26,,,,,,0.792,
2026-06-24,20221219A,257.63,71.627,host,True,True,True,True,True,True,True,2026-06-24 21:47:46,2026-06-25 04:40:26,2026-06-24 21:47:46,2026-06-25 02:47:46,1.364,95.64,47.15,0.789,177.3
2026-06-24,20230814B,335.976,73.026,host,True,True,True,True,True,True,True,2026-06-24 21:47:46,2026-06-25 04:40:26,2026-06-25 03:02:46,2026-06-25 04:37:46,1.438,104.89,44.04,0.801,-152.3
2026-06-24,20231020B,57.278,-37.77,host,False,False,True,True,True,False,False,2026-06-24 21:47:46,2026-06-25 04:40:26,,,,,,0.792,
2026-06-24,20230907D,187.142,8.658,host,True,True,True,True,True,True,True,2026-06-24 21:47:46,2026-06-25 04:40:26,2026-06-24 21:47:46,2026-06-24 22:32:46,1.377,89.72,46.59,0.783,56.93
2026-06-24,20230712A,167.36,72.558,host,True,False,True,True,True,False,False,2026-06-24 21:47:46,2026-06-25 04:40:26,,,,,,0.792,
2026-06-24,20220204A,274.228,69.722,host,True,True,True,True,True,True,True,2026-06-24 21:47:46,2026-06-25 04:40:26,2026-06-24 22:17:46,2026-06-25 04:12:46,1.324,93.13,49.03,0.793,179.28
2026-06-24,20230613A,356.853,-27.053,host,True,False,True,True,True,False,False,2026-06-24 21:47:46,2026-06-25 04:40:26,,,,,,0.792,
2026-06-24,20240119A,224.467,71.612,host,True,True,True,True,True,True,True,2026-06-24 21:47:46,2026-06-25 04:40:26,2026-06-24 21:47:46,2026-06-25 00:37:46,1.39,100.7,46.0,0.786,155.83
2026-06-24,20220717A,293.304,-19.288,host,True,True,True,True,True,True,True,2026-06-24 21:47:46,2026-06-25 04:40:26,2026-06-25 02:17:46,2026-06-25 02:47:46,1.494,19.12,42.01,0.797,0.31
2026-06-24,20220726A,73.946,69.93,host,True,False,True,True,True,False,False,2026-06-24 21:47:46,2026-06-25 04:40:26,,,,,,0.792,
2026-06-24,20231220A,123.909,73.66,host,True,False,True,True,True,False,False,2026-06-24 21:47:46,2026-06-25 04:40:26,,,,,,0.792,
2026-06-24,20180301A,93.227,4.671,host,True,False,True,True,True,False,False,2026-06-24 21:47:46,2026-06-25 04:40:26,,,,,,0.792,
2026-06-24,20230626A,235.63,71.134,host,True,True,True,True,True,True,True,2026-06-24 21:47:46,2026-06-25 04:40:26,2026-06-24 21:47:46,2026-06-25 01:27:46,1.368,98.08,46.98,0.787,161.82
2026-06-24,20230125D,150.205,-31.545,host,True,False,True,True,True,False,False,2026-06-24 21:47:46,2026-06-25 04:40:26,,,,,,0.792,
2026-06-24,20230913,305.037,70.793,host,True,True,True,True,True,True,True,2026-06-24 21:47:46,2026-06-25 04:40:26,2026-06-25 00:32:46,2026-06-25 04:37:46,1.356,96.81,47.5,0.797,-166.68
2026-06-24,20230501A,340.027,70.922,host,True,True,True,True,True,True,True,2026-06-24 21:47:46,2026-06-25 04:40:26,2026-06-25 02:52:46,2026-06-25 04:37:46,1.415,104.89,44.97,0.801,-144.79
2026-06-24,20220506D,318.045,72.827,host,True,True,True,True,True,True,True,2026-06-24 21:47:46,2026-06-25 04:40:26,2026-06-25 01:47:46,2026-06-25 04:37:46,1.41,100.79,45.16,0.799,-161.9
2026-06-24,20240229A,169.984,70.676,host,True,False,True,True,True,False,False,2026-06-24 21:47:46,2026-06-25 04:40:26,,,,,,0.792,
2026-06-24,20221116A,21.211,72.654,host,True,False,True,True,True,False,False,2026-06-24 21:47:46,2026-06-25 04:40:26,,,,,,0.792,
2026-06-24,20230307A,177.782,71.695,host,True,False,True,True,True,False,False,2026-06-24 21:47:46,2026-06-25 04:40:26,,,,,,0.792,
2026-06-24,20231123B,242.538,70.785,host,True,True,True,True,True,True,True,2026-06-24 21:47:46,2026-06-25 04:40:26,2026-06-24 21:47:46,2026-06-25 01:57:46,1.354,96.61,47.59,0.788,165.76
2026-06-24,20221113A,71.411,70.307,host,True,False,True,True,True,False,False,2026-06-24 21:47:46,2026-06-25 04:40:26,,,,,,0.792,
2026-06-24,20221101B,342.216,70.682,host,True,True,True,True,True,True,True,2026-06-24 21:47:46,2026-06-25 04:40:26,2026-06-25 03:02:46,2026-06-25 04:37:46,1.415,105.41,44.98,0.801,-143.51
2026-06-24,20240215A,268.441,70.232,host,True,True,True,True,True,True,True,2026-06-24 21:47:46,2026-06-25 04:40:26,2026-06-24 21:57:46,2026-06-25 03:42:46,1.335,93.7,48.53,0.791,179.92
2026-06-24,20121102A,82.994542,33.147897,host,True,False,True,True,True,False,False,2026-06-24 21:47:46,2026-06-25 04:40:26,,,,,,0.792,
2026-06-24,20230628A,166.787,72.282,host,True,False,True,True,True,False,False,2026-06-24 21:47:46,2026-06-25 04:40:26,,,,,,0.792,
2026-06-24,20240213A,166.168,74.075,host,True,False,True,True,True,False,False,2026-06-24 21:47:46,2026-06-25 04:40:26,,,,,,0.792,
2026-06-24,20201124A,77.015,26.061,host,True,False,True,True,True,False,False,2026-06-24 21:47:46,2026-06-25 04:40:26,,,,,,0.792,
2026-06-24,20230124A,231.917,70.968,host,True,True,True,True,True,True,True,2026-06-24 21:47:46,2026-06-25 04:40:26,2026-06-24 21:47:46,2026-06-25 01:12:46,1.37,98.65,46.88,0.787,158.63
2026-06-24,20230930A,10.507,41.417,host,True,True,True,True,True,True,True,2026-06-24 21:47:46,2026-06-25 04:40:26,2026-06-25 03:52:46,2026-06-25 04:37:46,1.366,110.42,47.07,0.802,-90.61
2026-06-24,20240203,312.621,73.9,host,True,True,True,True,True,True,True,2026-06-24 21:47:46,2026-06-25 04:40:26,2026-06-25 01:42:46,2026-06-25 04:37:46,1.426,100.66,44.52,0.799,-168.86
2026-06-24,20231120A,143.985,73.285,host,True,False,True,True,True,False,False,2026-06-24 21:47:46,2026-06-25 04:40:26,,,,,,0.792,
2026-06-24,20201123A,263.66,-50.764,host,False,False,True,True,True,False,False,2026-06-24 21:47:46,2026-06-25 04:40:26,,,,,,0.792,
2026-06-25,20171020A,333.8531,-19.5853,host,True,False,True,True,True,False,False,2026-06-25 21:47:52,2026-06-26 04:40:47,,,,,,0.864,
2026-06-25,20180924B,326.105236,-40.900253,host,False,False,True,True,True,False,False,2026-06-25 21:47:52,2026-06-26 04:40:47,,,,,,0.864,
2026-06-25,20190102C,322.415209,-79.475758,host,False,False,True,True,True,False,False,2026-06-25 21:47:52,2026-06-26 04:40:47,,,,,,0.864,
2026-06-25,20190608B,334.020406,-7.898868,host,True,True,True,True,True,True,True,2026-06-25 21:47:52,2026-06-26 04:40:47,2026-06-26 03:02:52,2026-06-26 04:37:52,1.329,59.09,48.81,0.871,-26.25
2026-06-25,20190714A,183.979525,-13.021079,host,True,False,True,True,True,False,False,2026-06-25 21:47:52,2026-06-26 04:40:47,,,,,,0.864,
2026-06-25,20191001A,323.352187,-54.747748,host,False,False,True,True,True,False,False,2026-06-25 21:47:52,2026-06-26 04:40:47,,,,,,0.864,
2026-06-25,20200906A,53.496,-14.083,host,True,False,True,True,True,False,False,2026-06-25 21:47:52,2026-06-26 04:40:47,,,,,,0.864,
2026-06-25,20210320C,204.458854,-16.122552,host,True,False,False,True,True,False,False,2026-06-25 21:47:52,2026-06-26 04:40:47,,,,,,0.864,
2026-06-25,20210410D,326.086,-79.318,host,False,False,True,True,True,False,False,2026-06-25 21:47:52,2026-06-26 04:40:47,,,,,,0.864,
2026-06-25,20210807D,299.2214,-0.7624,host,True,True,True,True,True,True,True,2026-06-25 21:47:52,2026-06-26 04:40:47,2026-06-26 00:17:52,2026-06-26 04:37:52,1.155,33.12,59.95,0.867,-10.36
2026-06-25,20211127I,199.808,-18.838,host,True,False,False,True,True,False,False,2026-06-25 21:47:52,2026-06-26 04:40:47,,,,,,0.864,
2026-06-25,20211203C,204.56526,-31.379107,host,True,False,False,True,True,False,False,2026-06-25 21:47:52,2026-06-26 04:40:47,,,,,,0.864,
2026-06-25,20211212A,157.351,1.361,host,True,False,True,True,True,False,False,2026-06-25 21:47:52,2026-06-26 04:40:47,,,,,,0.864,
2026-06-25,20220207C,310.197679,72.882658,host,True,True,True,True,True,True,True,2026-06-25 21:47:52,2026-06-26 04:40:47,2026-06-26 01:12:52,2026-06-26 04:37:52,1.402,99.23,45.51,0.869,-168.25
2026-06-25,20220307B,350.875,72.192,host,True,True,True,True,True,True,True,2026-06-25 21:47:52,2026-06-26 04:40:47,2026-06-26 03:47:52,2026-06-26 04:37:52,1.459,108.2,43.26,0.872,-141.27
2026-06-25,20220310F,134.721,73.491,host,True,False,True,True,True,False,False,2026-06-25 21:47:52,2026-06-26 04:40:47,,,,,,0.864,
2026-06-25,20220319D,32.177917,71.03525,host,True,False,True,True,True,False,False,2026-06-25 21:47:52,2026-06-26 04:40:47,,,,,,0.864,
2026-06-25,20220509G,282.674806,70.242726,host,True,True,True,True,True,True,True,2026-06-25 21:47:52,2026-06-26 04:40:47,2026-06-25 22:52:52,2026-06-26 04:37:52,1.336,93.82,48.48,0.866,179.17
2026-06-25,20220825A,311.982,72.585,host,True,True,True,True,True,True,True,2026-06-25 21:47:52,2026-06-26 04:40:47,2026-06-26 01:17:52,2026-06-26 04:37:52,1.398,99.28,45.67,0.869,-165.95
2026-06-25,20220912A,347.270174,48.706618,host,True,True,True,True,True,True,True,2026-06-25 21:47:52,2026-06-26 04:40:47,2026-06-26 02:12:52,2026-06-26 04:37:52,1.236,96.92,54.03,0.87,-109.51
2026-06-25,20220914A,282.058507,73.336282,host,True,True,True,True,True,True,True,2026-06-25 21:47:52,2026-06-26 04:40:47,2026-06-25 23:27:52,2026-06-26 03:57:52,1.405,96.86,45.39,0.865,-179.98
2026-06-25,20220920A,240.256794,70.918007,host,True,True,True,True,True,True,True,2026-06-25 21:47:52,2026-06-26 04:40:47,2026-06-25 21:47:52,2026-06-26 01:42:52,1.361,97.25,47.29,0.86,163.17
2026-06-25,20221012A,280.801417,70.524175,host,True,True,True,True,True,True,True,2026-06-25 21:47:52,2026-06-26 04:40:47,2026-06-25 22:47:52,2026-06-26 04:27:52,1.341,94.02,48.21,0.865,-179.99
2026-06-25,20181112A,327.348458,-52.970944,signal,False,False,True,True,True,False,False,2026-06-25 21:47:52,2026-06-26 04:40:47,,,,,,0.864,
2026-06-25,20190611B,320.742887,-79.397286,host,False,False,True,True,True,False,False,2026-06-25 21:47:52,2026-06-26 04:40:47,,,,,,0.864,
2026-06-25,20190711A,329.419,-80.358,host,False,False,True,True,True,False,False,2026-06-25 21:47:52,2026-06-26 04:40:47,,,,,,0.864,
2026-06-25,20191228A,344.430542,-29.594111,signal,True,False,True,True,True,False,False,2026-06-25 21:47:52,2026-06-26 04:40:47,,,,,,0.864,
2026-06-25,20200430A,229.706377,12.376607,host,True,True,True,True,True,True,True,2026-06-25 21:47:52,2026-06-26 04:40:47,2026-06-25 22:47:52,2026-06-26 01:27:52,1.167,56.32,59.01,0.861,53.94
2026-06-25,20200627A,326.695833,-39.484722,signal,False,False,True,True,True,False,False,2026-06-25 21:47:52,2026-06-26 04:40:47,,,,,,0.864,
2026-06-25,20210117A,339.979208,-16.151444,signal,True,True,True,True,True,False,False,2026-06-25 21:47:52,2026-06-26 04:40:47,,,,,,0.864,
2026-06-25,20210214G,6.93,-5.832222,signal,True,False,True,True,True,False,False,2026-06-25 21:47:52,2026-06-26 04:40:47,,,,,,0.864,
2026-06-25,20210407E,78.650958,27.05825,signal,True,False,True,True,True,False,False,2026-06-25 21:47:52,2026-06-26 04:40:47,,,,,,0.864,
2026-06-25,20210809C,271.157083,1.328889,signal,True,True,True,True,True,True,True,2026-06-25 21:47:52,2026-06-26 04:40:47,2026-06-25 22:17:52,2026-06-26 03:42:52,1.127,24.9,62.57,0.864,1.64
2026-06-25,20210912A,350.7935,-30.405583,signal,True,False,True,True,True,False,False,2026-06-25 21:47:52,2026-06-26 04:40:47,,,,,,0.864,
2026-06-25,20220105A,208.803803,22.466479,host,True,True,True,True,True,True,True,2026-06-25 21:47:52,2026-06-26 04:40:47,2026-06-25 22:07:52,2026-06-26 00:22:52,1.199,78.34,56.51,0.859,71.44
2026-06-25,20220501C,352.379167,-32.490722,signal,True,False,True,True,True,False,False,2026-06-25 21:47:52,2026-06-26 04:40:47,,,,,,0.864,
2026-06-25,20220531A,294.709167,-60.296667,signal,False,False,True,True,True,False,False,2026-06-25 21:47:52,2026-06-26 04:40:47,,,,,,0.864,
2026-06-25,20220610A,351.073,-33.514,host,True,False,True,True,True,False,False,2026-06-25 21:47:52,2026-06-26 04:40:47,,,,,,0.864,
2026-06-25,20220725A,353.315342,-35.990268,host,True,False,True,True,True,False,False,2026-06-25 21:47:52,2026-06-26 04:40:47,,,,,,0.864,
2026-06-25,20220918A,17.592125,-70.811389,signal,False,False,True,True,True,False,False,2026-06-25 21:47:52,2026-06-26 04:40:47,,,,,,0.864,
2026-06-25,20221106A,56.704551,-25.569831,host,True,False,True,True,True,False,False,2026-06-25 21:47:52,2026-06-26 04:40:47,,,,,,0.864,
2026-06-25,20230521A,327.75125,-2.386111,signal,True,True,True,True,True,True,True,2026-06-25 21:47:52,2026-06-26 04:40:47,2026-06-26 02:17:52,2026-06-26 04:37:52,1.241,55.73,53.66,0.87,-29.46
2026-06-25,20230526A,22.232615,-52.717373,host,False,False,True,True,True,False,False,2026-06-25 21:47:52,2026-06-26 04:40:47,,,,,,0.864,
2026-06-25,20230708A,303.115511,-55.356262,host,False,False,True,True,True,False,False,2026-06-25 21:47:52,2026-06-26 04:40:47,,,,,,0.864,
2026-06-25,20230718A,128.161917,-40.451944,signal,False,False,True,True,True,False,False,2026-06-25 21:47:52,2026-06-26 04:40:47,,,,,,0.864,
2026-06-25,20230731A,174.601458,-56.799056,signal,False,False,True,True,True,False,False,2026-06-25 21:47:52,2026-06-26 04:40:47,,,,,,0.864,
2026-06-25,20230902A,52.139961,-47.333434,host,False,False,True,True,True,False,False,2026-06-25 21:47:52,2026-06-26 04:40:47,,,,,,0.864,
2026-06-25,20231006A,296.003333,-64.648889,signal,False,False,True,True,True,False,False,2026-06-25 21:47:52,2026-06-26 04:40:47,,,,,,0.864,
2026-06-25,20231226A,155.363856,6.109704,host,True,False,True,True,True,False,False,2026-06-25 21:47:52,2026-06-26 04:40:47,,,,,,0.864,
2026-06-25,20240201A,149.906029,14.088739,host,True,False,True,True,True,False,False,2026-06-25 21:47:52,2026-06-26 04:40:47,,,,,,0.864,
2026-06-25,20240208A,159.229001,-0.953397,host,True,False,True,True,True,False,False,2026-06-25 21:47:52,2026-06-26 04:40:47,,,,,,0.864,
2026-06-25,20240210A,8.77693,-28.271997,host,True,False,True,True,True,False,False,2026-06-25 21:47:52,2026-06-26 04:40:47,,,,,,0.864,
2026-06-25,20240304A,136.330524,-16.166242,host,True,False,True,True,True,False,False,2026-06-25 21:47:52,2026-06-26 04:40:47,,,,,,0.864,
2026-06-25,20240310A,17.621847,-44.439331,host,False,False,True,True,True,False,False,2026-06-25 21:47:52,2026-06-26 04:40:47,,,,,,0.864,
2026-06-25,20240318A,150.393564,37.616432,host,True,False,True,True,True,False,False,2026-06-25 21:47:52,2026-06-26 04:40:47,,,,,,0.864,
2026-06-25,20240304B,182.997,11.813,host,True,True,True,True,True,True,True,2026-06-25 21:47:52,2026-06-26 04:40:47,2026-06-25 21:47:52,2026-06-25 22:17:52,1.39,95.66,46.01,0.855,60.66
2026-06-25,20230521B,351.036,71.138,host,True,True,True,True,True,True,True,2026-06-25 21:47:52,2026-06-26 04:40:47,2026-06-26 03:37:52,2026-06-26 04:37:52,1.445,107.89,43.78,0.872,-138.95
2026-06-25,20240104A,348.874,72.821,host,True,True,True,True,True,True,True,2026-06-25 21:47:52,2026-06-26 04:40:47,2026-06-26 03:47:52,2026-06-26 04:37:52,1.463,107.86,43.13,0.872,-143.99
2026-06-25,20221029A,141.966,72.452,host,True,False,True,True,True,False,False,2026-06-25 21:47:52,2026-06-26 04:40:47,,,,,,0.864,
2026-06-25,20240123A,68.263,71.945,host,True,False,True,True,True,False,False,2026-06-25 21:47:52,2026-06-26 04:40:47,,,,,,0.864,
2026-06-25,20220222C,203.904,-28.027,host,True,False,False,True,True,False,False,2026-06-25 21:47:52,2026-06-26 04:40:47,,,,,,0.864,
2026-06-25,20190523A,207.064,72.471,host,True,True,True,True,True,True,True,2026-06-25 21:47:52,2026-06-26 04:40:47,2026-06-25 21:47:52,2026-06-25 23:12:52,1.439,105.71,44.02,0.857,146.02
2026-06-25,20250518,207.992,71.282,host,True,True,True,True,True,True,True,2026-06-25 21:47:52,2026-06-26 04:40:47,2026-06-25 21:47:52,2026-06-25 23:32:52,1.421,104.88,44.71,0.857,143.46
2026-06-25,20220224C,166.678,-22.94,host,True,False,True,True,True,False,False,2026-06-25 21:47:52,2026-06-26 04:40:47,,,,,,0.864,
2026-06-25,20220418A,219.106,70.095,host,True,True,True,True,True,True,True,2026-06-25 21:47:52,2026-06-26 04:40:47,2026-06-25 21:47:52,2026-06-26 00:27:52,1.377,101.2,46.57,0.858,148.72
2026-06-25,20190614D,65.076,73.707,host,True,False,True,True,True,False,False,2026-06-25 21:47:52,2026-06-26 04:40:47,,,,,,0.864,
2026-06-25,20221219A,257.63,71.627,host,True,True,True,True,True,True,True,2026-06-25 21:47:52,2026-06-26 04:40:47,2026-06-25 21:47:52,2026-06-26 02:42:52,1.364,95.7,47.13,0.861,176.0
2026-06-25,20230814B,335.976,73.026,host,True,True,True,True,True,True,True,2026-06-25 21:47:52,2026-06-26 04:40:47,2026-06-26 02:57:52,2026-06-26 04:37:52,1.439,104.61,44.01,0.871,-152.01
2026-06-25,20231020B,57.278,-37.77,host,False,False,True,True,True,False,False,2026-06-25 21:47:52,2026-06-26 04:40:47,,,,,,0.864,
2026-06-25,20230907D,187.142,8.658,host,True,True,True,True,True,True,True,2026-06-25 21:47:52,2026-06-26 04:40:47,2026-06-25 21:47:52,2026-06-25 22:27:52,1.372,90.67,46.79,0.855,56.83
2026-06-25,20230712A,167.36,72.558,host,True,False,True,True,True,False,False,2026-06-25 21:47:52,2026-06-26 04:40:47,,,,,,0.864,
2026-06-25,20220204A,274.228,69.722,host,True,True,True,True,True,True,True,2026-06-25 21:47:52,2026-06-26 04:40:47,2026-06-25 22:12:52,2026-06-26 04:07:52,1.324,93.11,49.03,0.864,179.6
2026-06-25,20230613A,356.853,-27.053,host,True,False,True,True,True,False,False,2026-06-25 21:47:52,2026-06-26 04:40:47,,,,,,0.864,
2026-06-25,20240119A,224.467,71.612,host,True,True,True,True,True,True,True,2026-06-25 21:47:52,2026-06-26 04:40:47,2026-06-25 21:47:52,2026-06-26 00:32:52,1.393,100.92,45.86,0.858,154.58
2026-06-25,20220717A,293.304,-19.288,host,True,True,True,True,True,True,True,2026-06-25 21:47:52,2026-06-26 04:40:47,2026-06-26 02:12:52,2026-06-26 02:42:52,1.494,18.16,42.01,0.867,0.03
2026-06-25,20220726A,73.946,69.93,host,True,False,True,True,True,False,False,2026-06-25 21:47:52,2026-06-26 04:40:47,,,,,,0.864,
2026-06-25,20231220A,123.909,73.66,host,True,False,True,True,True,False,False,2026-06-25 21:47:52,2026-06-26 04:40:47,,,,,,0.864,
2026-06-25,20180301A,93.227,4.671,host,True,False,True,True,True,False,False,2026-06-25 21:47:52,2026-06-26 04:40:47,,,,,,0.864,
2026-06-25,20230626A,235.63,71.134,host,True,True,True,True,True,True,True,2026-06-25 21:47:52,2026-06-26 04:40:47,2026-06-25 21:47:52,2026-06-26 01:22:52,1.37,98.25,46.88,0.86,160.54
2026-06-25,20230125D,150.205,-31.545,host,True,False,True,True,True,False,False,2026-06-25 21:47:52,2026-06-26 04:40:47,,,,,,0.864,
2026-06-25,20230913,305.037,70.793,host,True,True,True,True,True,True,True,2026-06-25 21:47:52,2026-06-26 04:40:47,2026-06-26 00:27:52,2026-06-26 04:37:52,1.357,96.62,47.48,0.868,-166.36
2026-06-25,20230501A,340.027,70.922,host,True,True,True,True,True,True,True,2026-06-25 21:47:52,2026-06-26 04:40:47,2026-06-26 02:47:52,2026-06-26 04:37:52,1.416,104.57,44.92,0.871,-144.49
2026-06-25,20220506D,318.045,72.827,host,True,True,True,True,True,True,True,2026-06-25 21:47:52,2026-06-26 04:40:47,2026-06-26 01:42:52,2026-06-26 04:37:52,1.408,100.56,45.25,0.869,-163.15
2026-06-25,20240229A,169.984,70.676,host,True,False,True,True,True,False,False,2026-06-25 21:47:52,2026-06-26 04:40:47,,,,,,0.864,
2026-06-25,20221116A,21.211,72.654,host,True,False,True,True,True,False,False,2026-06-25 21:47:52,2026-06-26 04:40:47,,,,,,0.864,
2026-06-25,20230307A,177.782,71.695,host,True,False,True,True,True,False,False,2026-06-25 21:47:52,2026-06-26 04:40:47,,,,,,0.864,
2026-06-25,20231123B,242.538,70.785,host,True,True,True,True,True,True,True,2026-06-25 21:47:52,2026-06-26 04:40:47,2026-06-25 21:47:52,2026-06-26 01:52:52,1.356,96.76,47.51,0.86,164.46
2026-06-25,20221113A,71.411,70.307,host,True,False,True,True,True,False,False,2026-06-25 21:47:52,2026-06-26 04:40:47,,,,,,0.864,
2026-06-25,20221101B,342.216,70.682,host,True,True,True,True,True,True,True,2026-06-25 21:47:52,2026-06-26 04:40:47,2026-06-26 02:57:52,2026-06-26 04:37:52,1.416,105.08,44.93,0.871,-143.22
2026-06-25,20240215A,268.441,70.232,host,True,True,True,True,True,True,True,2026-06-25 21:47:52,2026-06-26 04:40:47,2026-06-25 21:57:52,2026-06-26 03:42:52,1.335,93.71,48.53,0.863,178.58
2026-06-25,20121102A,82.994542,33.147897,host,True,False,True,True,True,False,False,2026-06-25 21:47:52,2026-06-26 04:40:47,,,,,,0.864,
2026-06-25,20230628A,166.787,72.282,host,True,False,True,True,True,False,False,2026-06-25 21:47:52,2026-06-26 04:40:47,,,,,,0.864,
2026-06-25,20240213A,166.168,74.075,host,True,False,True,True,True,False,False,2026-06-25 21:47:52,2026-06-26 04:40:47,,,,,,0.864,
2026-06-25,20201124A,77.015,26.061,host,True,False,True,True,True,False,False,2026-06-25 21:47:52,2026-06-26 04:40:47,,,,,,0.864,
2026-06-25,20230124A,231.917,70.968,host,True,True,True,True,True,True,True,2026-06-25 21:47:52,2026-06-26 04:40:47,2026-06-25 21:47:52,2026-06-26 01:07:52,1.369,98.84,46.91,0.859,158.94
2026-06-25,20230930A,10.507,41.417,host,True,True,True,True,True,True,True,2026-06-25 21:47:52,2026-06-26 04:40:47,2026-06-26 03:47:52,2026-06-26 04:37:52,1.37,109.64,46.89,0.872,-90.44
2026-06-25,20240203,312.621,73.9,host,True,True,True,True,True,True,True,2026-06-25 21:47:52,2026-06-26 04:40:47,2026-06-26 01:37:52,2026-06-26 04:37:52,1.426,100.46,44.51,0.869,-168.56
2026-06-25,20231120A,143.985,73.285,host,True,False,True,True,True,False,False,2026-06-25 21:47:52,2026-06-26 04:40:47,,,,,,0.864,
2026-06-25,20201123A,263.66,-50.764,host,False,False,True,True,True,False,False,2026-06-25 21:47:52,2026-06-26 04:40:47,,,,,,0.864,
2026-06-26,20171020A,333.8531,-19.5853,host,True,False,True,True,True,False,False,2026-06-26 21:47:56,2026-06-27 04:41:08,,,,,,0.922,
2026-06-26,20180924B,326.105236,-40.900253,host,False,False,True,True,True,False,False,2026-06-26 21:47:56,2026-06-27 04:41:08,,,,,,0.922,
2026-06-26,20190102C,322.415209,-79.475758,host,False,False,True,True,True,False,False,2026-06-26 21:47:56,2026-06-27 04:41:08,,,,,,0.922,
2026-06-26,20190608B,334.020406,-7.898868,host,True,True,True,True,True,True,True,2026-06-26 21:47:56,2026-06-27 04:41:08,2026-06-27 02:57:56,2026-06-27 04:37:56,1.331,58.12,48.7,0.927,-26.53
2026-06-26,20190714A,183.979525,-13.021079,host,True,False,True,True,True,False,False,2026-06-26 21:47:56,2026-06-27 04:41:08,,,,,,0.922,
2026-06-26,20191001A,323.352187,-54.747748,host,False,False,True,True,True,False,False,2026-06-26 21:47:56,2026-06-27 04:41:08,,,,,,0.922,
2026-06-26,20200906A,53.496,-14.083,host,True,False,True,True,True,False,False,2026-06-26 21:47:56,2026-06-27 04:41:08,,,,,,0.922,
2026-06-26,20210320C,204.458854,-16.122552,host,True,False,True,True,True,False,False,2026-06-26 21:47:56,2026-06-27 04:41:08,,,,,,0.922,
2026-06-26,20210410D,326.086,-79.318,host,False,False,True,True,True,False,False,2026-06-26 21:47:56,2026-06-27 04:41:08,,,,,,0.922,
2026-06-26,20210807D,299.2214,-0.7624,host,True,True,True,True,True,True,True,2026-06-26 21:47:56,2026-06-27 04:41:08,2026-06-27 00:12:56,2026-06-27 04:37:56,1.153,32.35,60.13,0.924,-8.63
2026-06-26,20211127I,199.808,-18.838,host,True,False,True,True,True,False,False,2026-06-26 21:47:56,2026-06-27 04:41:08,,,,,,0.922,
2026-06-26,20211203C,204.56526,-31.379107,host,True,False,True,True,True,False,False,2026-06-26 21:47:56,2026-06-27 04:41:08,,,,,,0.922,
2026-06-26,20211212A,157.351,1.361,host,True,False,True,True,True,False,False,2026-06-26 21:47:56,2026-06-27 04:41:08,,,,,,0.922,
2026-06-26,20220207C,310.197679,72.882658,host,True,True,True,True,True,True,True,2026-06-26 21:47:56,2026-06-27 04:41:08,2026-06-27 01:07:56,2026-06-27 04:37:56,1.402,99.03,45.49,0.925,-167.94
2026-06-26,20220307B,350.875,72.192,host,True,True,True,True,True,True,True,2026-06-26 21:47:56,2026-06-27 04:41:08,2026-06-27 03:42:56,2026-06-27 04:37:56,1.454,107.87,43.45,0.928,-142.45
2026-06-26,20220310F,134.721,73.491,host,True,False,True,True,True,False,False,2026-06-26 21:47:56,2026-06-27 04:41:08,,,,,,0.922,
2026-06-26,20220319D,32.177917,71.03525,host,True,False,True,True,True,False,False,2026-06-26 21:47:56,2026-06-27 04:41:08,,,,,,0.922,
2026-06-26,20220509G,282.674806,70.242726,host,True,True,True,True,True,True,True,2026-06-26 21:47:56,2026-06-27 04:41:08,2026-06-26 22:47:56,2026-06-27 04:32:56,1.335,93.74,48.49,0.923,179.51
2026-06-26,20220825A,311.982,72.585,host,True,True,True,True,True,True,True,2026-06-26 21:47:56,2026-06-27 04:41:08,2026-06-27 01:12:56,2026-06-27 04:37:56,1.396,99.07,45.74,0.925,-167.21
2026-06-26,20220912A,347.270174,48.706618,host,True,True,True,True,True,True,True,2026-06-26 21:47:56,2026-06-27 04:41:08,2026-06-27 02:12:56,2026-06-27 04:37:56,1.226,96.28,54.65,0.926,-110.58
2026-06-26,20220914A,282.058507,73.336282,host,True,True,True,True,True,True,True,2026-06-26 21:47:56,2026-06-27 04:41:08,2026-06-26 23:22:56,2026-06-27 03:57:56,1.405,96.79,45.39,0.923,178.77
2026-06-26,20220920A,240.256794,70.918007,host,True,True,True,True,True,True,True,2026-06-26 21:47:56,2026-06-27 04:41:08,2026-06-26 21:47:56,2026-06-27 01:37:56,1.36,97.4,47.31,0.919,163.5
2026-06-26,20221012A,280.801417,70.524175,host,True,True,True,True,True,True,True,2026-06-26 21:47:56,2026-06-27 04:41:08,2026-06-26 22:42:56,2026-06-27 04:22:56,1.341,93.96,48.21,0.923,-179.66
2026-06-26,20181112A,327.348458,-52.970944,signal,False,False,True,True,True,False,False,2026-06-26 21:47:56,2026-06-27 04:41:08,,,,,,0.922,
2026-06-26,20190611B,320.742887,-79.397286,host,False,False,True,True,True,False,False,2026-06-26 21:47:56,2026-06-27 04:41:08,,,,,,0.922,
2026-06-26,20190711A,329.419,-80.358,host,False,False,True,True,True,False,False,2026-06-26 21:47:56,2026-06-27 04:41:08,,,,,,0.922,
2026-06-26,20191228A,344.430542,-29.594111,signal,True,False,True,True,True,False,False,2026-06-26 21:47:56,2026-06-27 04:41:08,,,,,,0.922,
2026-06-26,20200430A,229.706377,12.376607,host,True,True,True,True,True,True,True,2026-06-26 21:47:56,2026-06-27 04:41:08,2026-06-26 22:42:56,2026-06-27 01:22:56,1.164,57.1,59.2,0.919,53.75
2026-06-26,20200627A,326.695833,-39.484722,signal,False,False,True,True,True,False,False,2026-06-26 21:47:56,2026-06-27 04:41:08,,,,,,0.922,
2026-06-26,20210117A,339.979208,-16.151444,signal,True,True,True,True,True,False,False,2026-06-26 21:47:56,2026-06-27 04:41:08,,,,,,0.922,
2026-06-26,20210214G,6.93,-5.832222,signal,True,False,True,True,True,False,False,2026-06-26 21:47:56,2026-06-27 04:41:08,,,,,,0.922,
2026-06-26,20210407E,78.650958,27.05825,signal,True,False,True,True,True,False,False,2026-06-26 21:47:56,2026-06-27 04:41:08,,,,,,0.922,
2026-06-26,20210809C,271.157083,1.328889,signal,True,True,True,True,True,True,True,2026-06-26 21:47:56,2026-06-27 04:41:08,2026-06-26 22:12:56,2026-06-27 03:37:56,1.127,25.01,62.57,0.921,1.16
2026-06-26,20210912A,350.7935,-30.405583,signal,True,False,True,True,True,False,False,2026-06-26 21:47:56,2026-06-27 04:41:08,,,,,,0.922,
2026-06-26,20220105A,208.803803,22.466479,host,True,True,True,True,True,True,True,2026-06-26 21:47:56,2026-06-27 04:41:08,2026-06-26 22:02:56,2026-06-27 00:17:56,1.196,79.16,56.74,0.918,71.43
2026-06-26,20220501C,352.379167,-32.490722,signal,True,False,True,True,True,False,False,2026-06-26 21:47:56,2026-06-27 04:41:08,,,,,,0.922,
2026-06-26,20220531A,294.709167,-60.296667,signal,False,False,True,True,True,False,False,2026-06-26 21:47:56,2026-06-27 04:41:08,,,,,,0.922,
2026-06-26,20220610A,351.073,-33.514,host,True,False,True,True,True,False,False,2026-06-26 21:47:56,2026-06-27 04:41:08,,,,,,0.922,
2026-06-26,20220725A,353.315342,-35.990268,host,True,False,True,True,True,False,False,2026-06-26 21:47:56,2026-06-27 04:41:08,,,,,,0.922,
2026-06-26,20220918A,17.592125,-70.811389,signal,False,False,True,True,True,False,False,2026-06-26 21:47:56,2026-06-27 04:41:08,,,,,,0.922,
2026-06-26,20221106A,56.704551,-25.569831,host,True,False,True,True,True,False,False,2026-06-26 21:47:56,2026-06-27 04:41:08,,,,,,0.922,
2026-06-26,20230521A,327.75125,-2.386111,signal,True,True,True,True,True,True,True,2026-06-26 21:47:56,2026-06-27 04:41:08,2026-06-27 02:12:56,2026-06-27 04:37:56,1.234,54.78,54.15,0.926,-28.21
2026-06-26,20230526A,22.232615,-52.717373,host,False,False,True,True,True,False,False,2026-06-26 21:47:56,2026-06-27 04:41:08,,,,,,0.922,
2026-06-26,20230708A,303.115511,-55.356262,host,False,False,True,True,True,False,False,2026-06-26 21:47:56,2026-06-27 04:41:08,,,,,,0.922,
2026-06-26,20230718A,128.161917,-40.451944,signal,False,False,True,True,True,False,False,2026-06-26 21:47:56,2026-06-27 04:41:08,,,,,,0.922,
2026-06-26,20230731A,174.601458,-56.799056,signal,False,False,True,True,True,False,False,2026-06-26 21:47:56,2026-06-27 04:41:08,,,,,,0.922,
2026-06-26,20230902A,52.139961,-47.333434,host,False,False,True,True,True,False,False,2026-06-26 21:47:56,2026-06-27 04:41:08,,,,,,0.922,
2026-06-26,20231006A,296.003333,-64.648889,signal,False,False,True,True,True,False,False,2026-06-26 21:47:56,2026-06-27 04:41:08,,,,,,0.922,
2026-06-26,20231226A,155.363856,6.109704,host,True,False,True,True,True,False,False,2026-06-26 21:47:56,2026-06-27 04:41:08,,,,,,0.922,
2026-06-26,20240201A,149.906029,14.088739,host,True,False,True,True,True,False,False,2026-06-26 21:47:56,2026-06-27 04:41:08,,,,,,0.922,
2026-06-26,20240208A,159.229001,-0.953397,host,True,False,True,True,True,False,False,2026-06-26 21:47:56,2026-06-27 04:41:08,,,,,,0.922,
2026-06-26,20240210A,8.77693,-28.271997,host,True,False,True,True,True,False,False,2026-06-26 21:47:56,2026-06-27 04:41:08,,,,,,0.922,
2026-06-26,20240304A,136.330524,-16.166242,host,True,False,True,True,True,False,False,2026-06-26 21:47:56,2026-06-27 04:41:08,,,,,,0.922,
2026-06-26,20240310A,17.621847,-44.439331,host,False,False,True,True,True,False,False,2026-06-26 21:47:56,2026-06-27 04:41:08,,,,,,0.922,
2026-06-26,20240318A,150.393564,37.616432,host,True,False,True,True,True,False,False,2026-06-26 21:47:56,2026-06-27 04:41:08,,,,,,0.922,
2026-06-26,20240304B,182.997,11.813,host,True,True,True,True,True,True,True,2026-06-26 21:47:56,2026-06-27 04:41:08,2026-06-26 21:47:56,2026-06-26 22:17:56,1.41,96.61,45.16,0.915,60.94
2026-06-26,20230521B,351.036,71.138,host,True,True,True,True,True,True,True,2026-06-26 21:47:56,2026-06-27 04:41:08,2026-06-27 03:32:56,2026-06-27 04:37:56,1.44,107.54,43.99,0.928,-140.14
2026-06-26,20240104A,348.874,72.821,host,True,True,True,True,True,True,True,2026-06-26 21:47:56,2026-06-27 04:41:08,2026-06-27 03:42:56,2026-06-27 04:37:56,1.458,107.54,43.3,0.928,-145.17
2026-06-26,20221029A,141.966,72.452,host,True,False,True,True,True,False,False,2026-06-26 21:47:56,2026-06-27 04:41:08,,,,,,0.922,
2026-06-26,20240123A,68.263,71.945,host,True,False,True,True,True,False,False,2026-06-26 21:47:56,2026-06-27 04:41:08,,,,,,0.922,
2026-06-26,20220222C,203.904,-28.027,host,True,False,True,True,True,False,False,2026-06-26 21:47:56,2026-06-27 04:41:08,,,,,,0.922,
2026-06-26,20190523A,207.064,72.471,host,True,True,True,True,True,True,True,2026-06-26 21:47:56,2026-06-27 04:41:08,2026-06-26 21:47:56,2026-06-26 23:12:56,1.443,105.96,43.85,0.916,144.83
2026-06-26,20250518,207.992,71.282,host,True,True,True,True,True,True,True,2026-06-26 21:47:56,2026-06-27 04:41:08,2026-06-26 21:47:56,2026-06-26 23:27:56,1.42,105.15,44.76,0.916,143.76
2026-06-26,20220224C,166.678,-22.94,host,True,False,True,True,True,False,False,2026-06-26 21:47:56,2026-06-27 04:41:08,,,,,,0.922,
2026-06-26,20220418A,219.106,70.095,host,True,True,True,True,True,True,True,2026-06-26 21:47:56,2026-06-27 04:41:08,2026-06-26 21:47:56,2026-06-27 00:22:56,1.381,101.45,46.39,0.917,147.47
2026-06-26,20190614D,65.076,73.707,host,True,False,True,True,True,False,False,2026-06-26 21:47:56,2026-06-27 04:41:08,,,,,,0.922,
2026-06-26,20221219A,257.63,71.627,host,True,True,True,True,True,True,True,2026-06-26 21:47:56,2026-06-27 04:41:08,2026-06-26 21:47:56,2026-06-27 02:42:56,1.365,95.76,47.1,0.92,174.71
2026-06-26,20230814B,335.976,73.026,host,True,True,True,True,True,True,True,2026-06-26 21:47:56,2026-06-27 04:41:08,2026-06-27 02:52:56,2026-06-27 04:37:56,1.436,104.32,44.14,0.927,-153.22
2026-06-26,20231020B,57.278,-37.77,host,False,False,True,True,True,False,False,2026-06-26 21:47:56,2026-06-27 04:41:08,,,,,,0.922,
2026-06-26,20230907D,187.142,8.658,host,True,True,True,True,True,True,True,2026-06-26 21:47:56,2026-06-27 04:41:08,2026-06-26 21:47:56,2026-06-26 22:22:56,1.391,91.62,45.96,0.915,57.24
2026-06-26,20230712A,167.36,72.558,host,True,False,True,True,True,False,False,2026-06-26 21:47:56,2026-06-27 04:41:08,,,,,,0.922,
2026-06-26,20220204A,274.228,69.722,host,True,True,True,True,True,True,True,2026-06-26 21:47:56,2026-06-27 04:41:08,2026-06-26 22:12:56,2026-06-27 04:02:56,1.324,93.08,49.03,0.922,179.94
2026-06-26,20230613A,356.853,-27.053,host,True,False,True,True,True,False,False,2026-06-26 21:47:56,2026-06-27 04:41:08,,,,,,0.922,
2026-06-26,20240119A,224.467,71.612,host,True,True,True,True,True,True,True,2026-06-26 21:47:56,2026-06-27 04:41:08,2026-06-26 21:47:56,2026-06-27 00:27:56,1.393,101.12,45.9,0.917,154.89
2026-06-26,20220717A,293.304,-19.288,host,True,True,True,True,True,True,True,2026-06-26 21:47:56,2026-06-27 04:41:08,2026-06-27 02:07:56,2026-06-27 02:42:56,1.494,17.2,42.01,0.924,1.21
2026-06-26,20220726A,73.946,69.93,host,True,False,True,True,True,False,False,2026-06-26 21:47:56,2026-06-27 04:41:08,,,,,,0.922,
2026-06-26,20231220A,123.909,73.66,host,True,False,True,True,True,False,False,2026-06-26 21:47:56,2026-06-27 04:41:08,,,,,,0.922,
2026-06-26,20180301A,93.227,4.671,host,True,False,True,True,True,False,False,2026-06-26 21:47:56,2026-06-27 04:41:08,,,,,,0.922,
2026-06-26,20230626A,235.63,71.134,host,True,True,True,True,True,True,True,2026-06-26 21:47:56,2026-06-27 04:41:08,2026-06-26 21:47:56,2026-06-27 01:17:56,1.369,98.42,46.91,0.918,160.86
2026-06-26,20230125D,150.205,-31.545,host,True,False,True,True,True,False,False,2026-06-26 21:47:56,2026-06-27 04:41:08,,,,,,0.922,
2026-06-26,20230913,305.037,70.793,host,True,True,True,True,True,True,True,2026-06-26 21:47:56,2026-06-27 04:41:08,2026-06-27 00:22:56,2026-06-27 04:37:56,1.355,96.43,47.55,0.925,-167.66
2026-06-26,20230501A,340.027,70.922,host,True,True,True,True,True,True,True,2026-06-26 21:47:56,2026-06-27 04:41:08,2026-06-27 02:47:56,2026-06-27 04:37:56,1.412,104.24,45.11,0.927,-145.71
2026-06-26,20220506D,318.045,72.827,host,True,True,True,True,True,True,True,2026-06-26 21:47:56,2026-06-27 04:41:08,2026-06-27 01:37:56,2026-06-27 04:37:56,1.409,100.33,45.23,0.926,-162.84
2026-06-26,20240229A,169.984,70.676,host,True,False,True,True,True,False,False,2026-06-26 21:47:56,2026-06-27 04:41:08,,,,,,0.922,
2026-06-26,20221116A,21.211,72.654,host,True,False,True,True,True,False,False,2026-06-26 21:47:56,2026-06-27 04:41:08,,,,,,0.922,
2026-06-26,20230307A,177.782,71.695,host,True,False,True,True,True,False,False,2026-06-26 21:47:56,2026-06-27 04:41:08,,,,,,0.922,
2026-06-26,20231123B,242.538,70.785,host,True,True,True,True,True,True,True,2026-06-26 21:47:56,2026-06-27 04:41:08,2026-06-26 21:47:56,2026-06-27 01:47:56,1.356,96.9,47.53,0.919,164.78
2026-06-26,20221113A,71.411,70.307,host,True,False,True,True,True,False,False,2026-06-26 21:47:56,2026-06-27 04:41:08,,,,,,0.922,
2026-06-26,20221101B,342.216,70.682,host,True,True,True,True,True,True,True,2026-06-26 21:47:56,2026-06-27 04:41:08,2026-06-27 02:52:56,2026-06-27 04:37:56,1.411,104.74,45.12,0.927,-144.43
2026-06-26,20240215A,268.441,70.232,host,True,True,True,True,True,True,True,2026-06-26 21:47:56,2026-06-27 04:41:08,2026-06-26 21:52:56,2026-06-27 03:37:56,1.335,93.71,48.53,0.921,178.92
2026-06-26,20121102A,82.994542,33.147897,host,True,False,True,True,True,False,False,2026-06-26 21:47:56,2026-06-27 04:41:08,,,,,,0.922,
2026-06-26,20230628A,166.787,72.282,host,True,False,True,True,True,False,False,2026-06-26 21:47:56,2026-06-27 04:41:08,,,,,,0.922,
2026-06-26,20240213A,166.168,74.075,host,True,False,True,True,True,False,False,2026-06-26 21:47:56,2026-06-27 04:41:08,,,,,,0.922,
2026-06-26,20201124A,77.015,26.061,host,True,False,True,True,True,False,False,2026-06-26 21:47:56,2026-06-27 04:41:08,,,,,,0.922,
2026-06-26,20230124A,231.917,70.968,host,True,True,True,True,True,True,True,2026-06-26 21:47:56,2026-06-27 04:41:08,2026-06-26 21:47:56,2026-06-27 01:07:56,1.372,99.03,46.79,0.918,157.67
2026-06-26,20230930A,10.507,41.417,host,True,True,True,True,True,True,True,2026-06-26 21:47:56,2026-06-27 04:41:08,2026-06-27 03:42:56,2026-06-27 04:37:56,1.353,108.85,47.64,0.928,-91.12
2026-06-26,20240203,312.621,73.9,host,True,True,True,True,True,True,True,2026-06-26 21:47:56,2026-06-27 04:41:08,2026-06-27 01:32:56,2026-06-27 04:37:56,1.425,100.26,44.56,0.926,-169.79
2026-06-26,20231120A,143.985,73.285,host,True,False,True,True,True,False,False,2026-06-26 21:47:56,2026-06-27 04:41:08,,,,,,0.922,
2026-06-26,20201123A,263.66,-50.764,host,False,False,True,True,True,False,False,2026-06-26 21:47:56,2026-06-27 04:41:08,,,,,,0.922,
2026-06-27,20171020A,333.8531,-19.5853,host,True,False,True,True,True,False,False,2026-06-27 21:47:58,2026-06-28 04:41:32,,,,,,0.964,
2026-06-27,20180924B,326.105236,-40.900253,host,False,False,True,True,True,False,False,2026-06-27 21:47:58,2026-06-28 04:41:32,,,,,,0.964,
2026-06-27,20190102C,322.415209,-79.475758,host,False,False,True,True,True,False,False,2026-06-27 21:47:58,2026-06-28 04:41:32,,,,,,0.964,
2026-06-27,20190608B,334.020406,-7.898868,host,True,True,True,True,True,True,True,2026-06-27 21:47:58,2026-06-28 04:41:32,2026-06-28 02:57:58,2026-06-28 04:37:58,1.322,57.15,49.14,0.968,-25.38
2026-06-27,20190714A,183.979525,-13.021079,host,True,False,True,True,True,False,False,2026-06-27 21:47:58,2026-06-28 04:41:32,,,,,,0.964,
2026-06-27,20191001A,323.352187,-54.747748,host,False,False,True,True,True,False,False,2026-06-27 21:47:58,2026-06-28 04:41:32,,,,,,0.964,
2026-06-27,20200906A,53.496,-14.083,host,True,False,True,True,True,False,False,2026-06-27 21:47:58,2026-06-28 04:41:32,,,,,,0.964,
2026-06-27,20210320C,204.458854,-16.122552,host,True,False,True,True,True,False,False,2026-06-27 21:47:58,2026-06-28 04:41:32,,,,,,0.964,
2026-06-27,20210410D,326.086,-79.318,host,False,False,True,True,True,False,False,2026-06-27 21:47:58,2026-06-28 04:41:32,,,,,,0.964,
2026-06-27,20210807D,299.2214,-0.7624,host,True,True,True,True,True,True,True,2026-06-27 21:47:58,2026-06-28 04:41:32,2026-06-28 00:07:58,2026-06-28 04:37:58,1.154,31.6,60.08,0.966,-9.08
2026-06-27,20211127I,199.808,-18.838,host,True,False,True,True,True,False,False,2026-06-27 21:47:58,2026-06-28 04:41:32,,,,,,0.964,
2026-06-27,20211203C,204.56526,-31.379107,host,True,False,True,True,True,False,False,2026-06-27 21:47:58,2026-06-28 04:41:32,,,,,,0.964,
2026-06-27,20211212A,157.351,1.361,host,True,False,True,True,True,False,False,2026-06-27 21:47:58,2026-06-28 04:41:32,,,,,,0.964,
2026-06-27,20220207C,310.197679,72.882658,host,True,True,True,True,True,True,True,2026-06-27 21:47:58,2026-06-28 04:41:32,2026-06-28 01:02:58,2026-06-28 04:37:58,1.401,98.83,45.55,0.967,-169.18
2026-06-27,20220307B,350.875,72.192,host,True,True,True,True,True,True,True,2026-06-27 21:47:58,2026-06-28 04:41:32,2026-06-28 03:37:58,2026-06-28 04:37:58,1.455,107.53,43.4,0.968,-142.14
2026-06-27,20220310F,134.721,73.491,host,True,False,True,True,True,False,False,2026-06-27 21:47:58,2026-06-28 04:41:32,,,,,,0.964,
2026-06-27,20220319D,32.177917,71.03525,host,True,False,True,True,True,False,False,2026-06-27 21:47:58,2026-06-28 04:41:32,,,,,,0.964,
2026-06-27,20220509G,282.674806,70.242726,host,True,True,True,True,True,True,True,2026-06-27 21:47:58,2026-06-28 04:41:32,2026-06-27 22:42:58,2026-06-28 04:27:58,1.335,93.66,48.49,0.965,179.85
2026-06-27,20220825A,311.982,72.585,host,True,True,True,True,True,True,True,2026-06-27 21:47:58,2026-06-28 04:41:32,2026-06-28 01:07:58,2026-06-28 04:37:58,1.397,98.86,45.73,0.967,-166.88
2026-06-27,20220912A,347.270174,48.706618,host,True,True,True,True,True,True,True,2026-06-27 21:47:58,2026-06-28 04:41:32,2026-06-28 02:07:58,2026-06-28 04:37:58,1.229,95.63,54.48,0.967,-110.3
2026-06-27,20220914A,282.058507,73.336282,host,True,True,True,True,True,True,True,2026-06-27 21:47:58,2026-06-28 04:41:32,2026-06-27 23:17:58,2026-06-28 03:52:58,1.405,96.72,45.39,0.965,179.09
2026-06-27,20220920A,240.256794,70.918007,host,True,True,True,True,True,True,True,2026-06-27 21:47:58,2026-06-28 04:41:32,2026-06-27 21:47:58,2026-06-28 01:32:58,1.363,97.54,47.22,0.962,162.22
2026-06-27,20221012A,280.801417,70.524175,host,True,True,True,True,True,True,True,2026-06-27 21:47:58,2026-06-28 04:41:32,2026-06-27 22:37:58,2026-06-28 04:17:58,1.341,93.89,48.21,0.965,-179.31
2026-06-27,20181112A,327.348458,-52.970944,signal,False,False,True,True,True,False,False,2026-06-27 21:47:58,2026-06-28 04:41:32,,,,,,0.964,
2026-06-27,20190611B,320.742887,-79.397286,host,False,False,True,True,True,False,False,2026-06-27 21:47:58,2026-06-28 04:41:32,,,,,,0.964,
2026-06-27,20190711A,329.419,-80.358,host,False,False,True,True,True,False,False,2026-06-27 21:47:58,2026-06-28 04:41:32,,,,,,0.964,
2026-06-27,20191228A,344.430542,-29.594111,signal,True,False,True,True,True,False,False,2026-06-27 21:47:58,2026-06-28 04:41:32,,,,,,0.964,
2026-06-27,20200430A,229.706377,12.376607,host,True,True,True,True,True,True,True,2026-06-27 21:47:58,2026-06-28 04:41:32,2026-06-27 22:42:58,2026-06-28 01:17:58,1.174,57.89,58.42,0.963,54.47
2026-06-27,20200627A,326.695833,-39.484722,signal,False,False,True,True,True,False,False,2026-06-27 21:47:58,2026-06-28 04:41:32,,,,,,0.964,
2026-06-27,20210117A,339.979208,-16.151444,signal,True,True,True,True,True,False,False,2026-06-27 21:47:58,2026-06-28 04:41:32,,,,,,0.964,
2026-06-27,20210214G,6.93,-5.832222,signal,True,False,True,True,True,False,False,2026-06-27 21:47:58,2026-06-28 04:41:32,,,,,,0.964,
2026-06-27,20210407E,78.650958,27.05825,signal,True,False,True,True,True,False,False,2026-06-27 21:47:58,2026-06-28 04:41:32,,,,,,0.964,
2026-06-27,20210809C,271.157083,1.328889,signal,True,True,True,True,True,True,True,2026-06-27 21:47:58,2026-06-28 04:41:32,2026-06-27 22:07:58,2026-06-28 03:37:58,1.127,25.15,62.57,0.964,0.67
2026-06-27,20210912A,350.7935,-30.405583,signal,True,False,True,True,True,False,False,2026-06-27 21:47:58,2026-06-28 04:41:32,,,,,,0.964,
2026-06-27,20220105A,208.803803,22.466479,host,True,True,True,True,True,True,True,2026-06-27 21:47:58,2026-06-28 04:41:32,2026-06-27 22:02:58,2026-06-28 00:12:58,1.193,79.98,56.96,0.961,71.41
2026-06-27,20220501C,352.379167,-32.490722,signal,True,False,True,True,True,False,False,2026-06-27 21:47:58,2026-06-28 04:41:32,,,,,,0.964,
2026-06-27,20220531A,294.709167,-60.296667,signal,False,False,True,True,True,False,False,2026-06-27 21:47:58,2026-06-28 04:41:32,,,,,,0.964,
2026-06-27,20220610A,351.073,-33.514,host,True,False,True,True,True,False,False,2026-06-27 21:47:58,2026-06-28 04:41:32,,,,,,0.964,
2026-06-27,20220725A,353.315342,-35.990268,host,True,False,True,True,True,False,False,2026-06-27 21:47:58,2026-06-28 04:41:32,,,,,,0.964,
2026-06-27,20220918A,17.592125,-70.811389,signal,False,False,True,True,True,False,False,2026-06-27 21:47:58,2026-06-28 04:41:32,,,,,,0.964,
2026-06-27,20221106A,56.704551,-25.569831,host,True,False,True,True,True,False,False,2026-06-27 21:47:58,2026-06-28 04:41:32,,,,,,0.964,
2026-06-27,20230521A,327.75125,-2.386111,signal,True,True,True,True,True,True,True,2026-06-27 21:47:58,2026-06-28 04:41:32,2026-06-28 02:07:58,2026-06-28 04:37:58,1.236,53.83,54.03,0.967,-28.54
2026-06-27,20230526A,22.232615,-52.717373,host,False,False,True,True,True,False,False,2026-06-27 21:47:58,2026-06-28 04:41:32,,,,,,0.964,
2026-06-27,20230708A,303.115511,-55.356262,host,False,False,True,True,True,False,False,2026-06-27 21:47:58,2026-06-28 04:41:32,,,,,,0.964,
2026-06-27,20230718A,128.161917,-40.451944,signal,False,False,True,True,True,False,False,2026-06-27 21:47:58,2026-06-28 04:41:32,,,,,,0.964,
2026-06-27,20230731A,174.601458,-56.799056,signal,False,False,True,True,True,False,False,2026-06-27 21:47:58,2026-06-28 04:41:32,,,,,,0.964,
2026-06-27,20230902A,52.139961,-47.333434,host,False,False,True,True,True,False,False,2026-06-27 21:47:58,2026-06-28 04:41:32,,,,,,0.964,
2026-06-27,20231006A,296.003333,-64.648889,signal,False,False,True,True,True,False,False,2026-06-27 21:47:58,2026-06-28 04:41:32,,,,,,0.964,
2026-06-27,20231226A,155.363856,6.109704,host,True,False,True,True,True,False,False,2026-06-27 21:47:58,2026-06-28 04:41:32,,,,,,0.964,
2026-06-27,20240201A,149.906029,14.088739,host,True,False,True,True,True,False,False,2026-06-27 21:47:58,2026-06-28 04:41:32,,,,,,0.964,
2026-06-27,20240208A,159.229001,-0.953397,host,True,False,True,True,True,False,False,2026-06-27 21:47:58,2026-06-28 04:41:32,,,,,,0.964,
2026-06-27,20240210A,8.77693,-28.271997,host,True,False,True,True,True,False,False,2026-06-27 21:47:58,2026-06-28 04:41:32,,,,,,0.964,
2026-06-27,20240304A,136.330524,-16.166242,host,True,False,True,True,True,False,False,2026-06-27 21:47:58,2026-06-28 04:41:32,,,,,,0.964,
2026-06-27,20240310A,17.621847,-44.439331,host,False,False,True,True,True,False,False,2026-06-27 21:47:58,2026-06-28 04:41:32,,,,,,0.964,
2026-06-27,20240318A,150.393564,37.616432,host,True,False,True,True,True,False,False,2026-06-27 21:47:58,2026-06-28 04:41:32,,,,,,0.964,
2026-06-27,20240304B,182.997,11.813,host,True,True,True,True,True,True,True,2026-06-27 21:47:58,2026-06-28 04:41:32,2026-06-27 21:47:58,2026-06-27 22:12:58,1.432,97.56,44.31,0.96,61.2
2026-06-27,20230521B,351.036,71.138,host,True,True,True,True,True,True,True,2026-06-27 21:47:58,2026-06-28 04:41:32,2026-06-28 03:27:58,2026-06-28 04:37:58,1.441,107.18,43.93,0.968,-139.83
2026-06-27,20240104A,348.874,72.821,host,True,True,True,True,True,True,True,2026-06-27 21:47:58,2026-06-28 04:41:32,2026-06-28 03:37:58,2026-06-28 04:37:58,1.459,107.22,43.26,0.968,-144.86
2026-06-27,20221029A,141.966,72.452,host,True,False,True,True,True,False,False,2026-06-27 21:47:58,2026-06-28 04:41:32,,,,,,0.964,
2026-06-27,20240123A,68.263,71.945,host,True,False,True,True,True,False,False,2026-06-27 21:47:58,2026-06-28 04:41:32,,,,,,0.964,
2026-06-27,20220222C,203.904,-28.027,host,True,False,True,True,True,False,False,2026-06-27 21:47:58,2026-06-28 04:41:32,,,,,,0.964,
2026-06-27,20190523A,207.064,72.471,host,True,True,True,True,True,True,True,2026-06-27 21:47:58,2026-06-28 04:41:32,2026-06-27 21:47:58,2026-06-27 23:07:58,1.442,106.21,43.89,0.96,145.14
2026-06-27,20250518,207.992,71.282,host,True,True,True,True,True,True,True,2026-06-27 21:47:58,2026-06-28 04:41:32,2026-06-27 21:47:58,2026-06-27 23:22:58,1.425,105.41,44.57,0.961,142.57
2026-06-27,20220224C,166.678,-22.94,host,True,False,True,True,True,False,False,2026-06-27 21:47:58,2026-06-28 04:41:32,,,,,,0.964,
2026-06-27,20220418A,219.106,70.095,host,True,True,True,True,True,True,True,2026-06-27 21:47:58,2026-06-28 04:41:32,2026-06-27 21:47:58,2026-06-28 00:17:58,1.38,101.69,46.44,0.961,147.79
2026-06-27,20190614D,65.076,73.707,host,True,False,True,True,True,False,False,2026-06-27 21:47:58,2026-06-28 04:41:32,,,,,,0.964,
2026-06-27,20221219A,257.63,71.627,host,True,True,True,True,True,True,True,2026-06-27 21:47:58,2026-06-28 04:41:32,2026-06-27 21:47:58,2026-06-28 02:37:58,1.365,95.82,47.11,0.963,175.04
2026-06-27,20230814B,335.976,73.026,host,True,True,True,True,True,True,True,2026-06-27 21:47:58,2026-06-28 04:41:32,2026-06-28 02:52:58,2026-06-28 04:37:58,1.433,104.03,44.27,0.968,-154.42
2026-06-27,20231020B,57.278,-37.77,host,False,False,True,True,True,False,False,2026-06-27 21:47:58,2026-06-28 04:41:32,,,,,,0.964,
2026-06-27,20230907D,187.142,8.658,host,True,True,True,True,True,True,True,2026-06-27 21:47:58,2026-06-28 04:41:32,2026-06-27 21:47:58,2026-06-27 22:22:58,1.411,92.58,45.13,0.96,57.62
2026-06-27,20230712A,167.36,72.558,host,True,False,True,True,True,False,False,2026-06-27 21:47:58,2026-06-28 04:41:32,,,,,,0.964,
2026-06-27,20220204A,274.228,69.722,host,True,True,True,True,True,True,True,2026-06-27 21:47:58,2026-06-28 04:41:32,2026-06-27 22:07:58,2026-06-28 03:57:58,1.324,93.05,49.03,0.964,-179.71
2026-06-27,20230613A,356.853,-27.053,host,True,False,True,True,True,False,False,2026-06-27 21:47:58,2026-06-28 04:41:32,,,,,,0.964,
2026-06-27,20240119A,224.467,71.612,host,True,True,True,True,True,True,True,2026-06-27 21:47:58,2026-06-28 04:41:32,2026-06-27 21:47:58,2026-06-28 00:27:58,1.396,101.33,45.76,0.961,153.66
2026-06-27,20220717A,293.304,-19.288,host,True,True,True,True,True,True,True,2026-06-27 21:47:58,2026-06-28 04:41:32,2026-06-28 02:07:58,2026-06-28 02:37:58,1.494,16.24,42.01,0.966,0.9
2026-06-27,20220726A,73.946,69.93,host,True,False,True,True,True,False,False,2026-06-27 21:47:58,2026-06-28 04:41:32,,,,,,0.964,
2026-06-27,20231220A,123.909,73.66,host,True,False,True,True,True,False,False,2026-06-27 21:47:58,2026-06-28 04:41:32,,,,,,0.964,
2026-06-27,20180301A,93.227,4.671,host,True,False,True,True,True,False,False,2026-06-27 21:47:58,2026-06-28 04:41:32,,,,,,0.964,
2026-06-27,20230626A,235.63,71.134,host,True,True,True,True,True,True,True,2026-06-27 21:47:58,2026-06-28 04:41:32,2026-06-27 21:47:58,2026-06-28 01:12:58,1.372,98.58,46.8,0.962,159.6
2026-06-27,20230125D,150.205,-31.545,host,True,False,True,True,True,False,False,2026-06-27 21:47:58,2026-06-28 04:41:32,,,,,,0.964,
2026-06-27,20230913,305.037,70.793,host,True,True,True,True,True,True,True,2026-06-27 21:47:58,2026-06-28 04:41:32,2026-06-28 00:17:58,2026-06-28 04:37:58,1.356,96.23,47.53,0.966,-167.32
2026-06-27,20230501A,340.027,70.922,host,True,True,True,True,True,True,True,2026-06-27 21:47:58,2026-06-28 04:41:32,2026-06-28 02:42:58,2026-06-28 04:37:58,1.407,103.9,45.29,0.968,-146.92
2026-06-27,20220506D,318.045,72.827,host,True,True,True,True,True,True,True,2026-06-27 21:47:58,2026-06-28 04:41:32,2026-06-28 01:37:58,2026-06-28 04:37:58,1.407,100.1,45.31,0.967,-164.07
2026-06-27,20240229A,169.984,70.676,host,True,False,True,True,True,False,False,2026-06-27 21:47:58,2026-06-28 04:41:32,,,,,,0.964,
2026-06-27,20221116A,21.211,72.654,host,True,False,True,True,True,False,False,2026-06-27 21:47:58,2026-06-28 04:41:32,,,,,,0.964,
2026-06-27,20230307A,177.782,71.695,host,True,False,True,True,True,False,False,2026-06-27 21:47:58,2026-06-28 04:41:32,,,,,,0.964,
2026-06-27,20231123B,242.538,70.785,host,True,True,True,True,True,True,True,2026-06-27 21:47:58,2026-06-28 04:41:32,2026-06-27 21:47:58,2026-06-28 01:42:58,1.358,97.04,47.44,0.962,163.5
2026-06-27,20221113A,71.411,70.307,host,True,False,True,True,True,False,False,2026-06-27 21:47:58,2026-06-28 04:41:32,,,,,,0.964,
2026-06-27,20221101B,342.216,70.682,host,True,True,True,True,True,True,True,2026-06-27 21:47:58,2026-06-28 04:41:32,2026-06-28 02:47:58,2026-06-28 04:37:58,1.412,104.4,45.07,0.968,-144.12
2026-06-27,20240215A,268.441,70.232,host,True,True,True,True,True,True,True,2026-06-27 21:47:58,2026-06-28 04:41:32,2026-06-27 21:47:58,2026-06-28 03:32:58,1.335,93.72,48.53,0.964,179.26
2026-06-27,20121102A,82.994542,33.147897,host,True,False,True,True,True,False,False,2026-06-27 21:47:58,2026-06-28 04:41:32,,,,,,0.964,
2026-06-27,20230628A,166.787,72.282,host,True,False,True,True,True,False,False,2026-06-27 21:47:58,2026-06-28 04:41:32,,,,,,0.964,
2026-06-27,20240213A,166.168,74.075,host,True,False,True,True,True,False,False,2026-06-27 21:47:58,2026-06-28 04:41:32,,,,,,0.964,
2026-06-27,20201124A,77.015,26.061,host,True,False,True,True,True,False,False,2026-06-27 21:47:58,2026-06-28 04:41:32,,,,,,0.964,
2026-06-27,20230124A,231.917,70.968,host,True,True,True,True,True,True,True,2026-06-27 21:47:58,2026-06-28 04:41:32,2026-06-27 21:47:58,2026-06-28 01:02:58,1.375,99.21,46.66,0.962,156.42
2026-06-27,20230930A,10.507,41.417,host,True,True,True,True,True,True,True,2026-06-27 21:47:58,2026-06-28 04:41:32,2026-06-28 03:37:58,2026-06-28 04:37:58,1.358,108.06,47.44,0.968,-90.94
2026-06-27,20240203,312.621,73.9,host,True,True,True,True,True,True,True,2026-06-27 21:47:58,2026-06-28 04:41:32,2026-06-28 01:27:58,2026-06-28 04:37:58,1.425,100.06,44.55,0.967,-169.48
2026-06-27,20231120A,143.985,73.285,host,True,False,True,True,True,False,False,2026-06-27 21:47:58,2026-06-28 04:41:32,,,,,,0.964,
2026-06-27,20201123A,263.66,-50.764,host,False,False,False,True,True,False,False,2026-06-27 21:47:58,2026-06-28 04:41:32,,,,,,0.964,
2026-06-28,20171020A,333.8531,-19.5853,host,True,False,True,True,True,False,False,2026-06-28 21:47:58,2026-06-29 04:41:56,,,,,,0.99,
2026-06-28,20180924B,326.105236,-40.900253,host,False,False,True,True,True,False,False,2026-06-28 21:47:58,2026-06-29 04:41:56,,,,,,0.99,
2026-06-28,20190102C,322.415209,-79.475758,host,False,False,True,True,True,False,False,2026-06-28 21:47:58,2026-06-29 04:41:56,,,,,,0.99,
2026-06-28,20190608B,334.020406,-7.898868,host,True,True,True,True,True,True,True,2026-06-28 21:47:58,2026-06-29 04:41:56,2026-06-29 02:52:58,2026-06-29 04:37:58,1.314,56.17,49.56,0.992,-24.21
2026-06-28,20190714A,183.979525,-13.021079,host,True,False,True,True,True,False,False,2026-06-28 21:47:58,2026-06-29 04:41:56,,,,,,0.99,
2026-06-28,20191001A,323.352187,-54.747748,host,False,False,True,True,True,False,False,2026-06-28 21:47:58,2026-06-29 04:41:56,,,,,,0.99,
2026-06-28,20200906A,53.496,-14.083,host,True,False,True,True,True,False,False,2026-06-28 21:47:58,2026-06-29 04:41:56,,,,,,0.99,
2026-06-28,20210320C,204.458854,-16.122552,host,True,False,True,True,True,False,False,2026-06-28 21:47:58,2026-06-29 04:41:56,,,,,,0.99,
2026-06-28,20210410D,326.086,-79.318,host,False,False,True,True,True,False,False,2026-06-28 21:47:58,2026-06-29 04:41:56,,,,,,0.99,
2026-06-28,20210807D,299.2214,-0.7624,host,True,True,True,True,True,True,True,2026-06-28 21:47:58,2026-06-29 04:41:56,2026-06-29 00:02:58,2026-06-29 04:37:58,1.152,30.86,60.23,0.991,-7.37
2026-06-28,20211127I,199.808,-18.838,host,True,False,True,True,True,False,False,2026-06-28 21:47:58,2026-06-29 04:41:56,,,,,,0.99,
2026-06-28,20211203C,204.56526,-31.379107,host,True,False,True,True,True,False,False,2026-06-28 21:47:58,2026-06-29 04:41:56,,,,,,0.99,
2026-06-28,20211212A,157.351,1.361,host,True,False,True,True,True,False,False,2026-06-28 21:47:58,2026-06-29 04:41:56,,,,,,0.99,
2026-06-28,20220207C,310.197679,72.882658,host,True,True,True,True,True,True,True,2026-06-28 21:47:58,2026-06-29 04:41:56,2026-06-29 01:02:58,2026-06-29 04:37:58,1.4,98.62,45.6,0.991,-170.42
2026-06-28,20220307B,350.875,72.192,host,True,True,True,True,True,True,True,2026-06-28 21:47:58,2026-06-29 04:41:56,2026-06-29 03:37:58,2026-06-29 04:37:58,1.451,107.18,43.58,0.992,-143.31
2026-06-28,20220310F,134.721,73.491,host,True,False,True,True,True,False,False,2026-06-28 21:47:58,2026-06-29 04:41:56,,,,,,0.99,
2026-06-28,20220319D,32.177917,71.03525,host,True,False,True,True,True,False,False,2026-06-28 21:47:58,2026-06-29 04:41:56,,,,,,0.99,
2026-06-28,20220509G,282.674806,70.242726,host,True,True,True,True,True,True,True,2026-06-28 21:47:58,2026-06-29 04:41:56,2026-06-28 22:42:58,2026-06-29 04:22:58,1.335,93.58,48.49,0.991,-179.8
2026-06-28,20220825A,311.982,72.585,host,True,True,True,True,True,True,True,2026-06-28 21:47:58,2026-06-29 04:41:56,2026-06-29 01:02:58,2026-06-29 04:37:58,1.395,98.64,45.79,0.991,-168.12
2026-06-28,20220912A,347.270174,48.706618,host,True,True,True,True,True,True,True,2026-06-28 21:47:58,2026-06-29 04:41:56,2026-06-29 02:02:58,2026-06-29 04:37:58,1.219,94.99,55.09,0.992,-111.38
2026-06-28,20220914A,282.058507,73.336282,host,True,True,True,True,True,True,True,2026-06-28 21:47:58,2026-06-29 04:41:56,2026-06-28 23:12:58,2026-06-29 03:47:58,1.405,96.65,45.39,0.991,179.42
2026-06-28,20220920A,240.256794,70.918007,host,True,True,True,True,True,True,True,2026-06-28 21:47:58,2026-06-29 04:41:56,2026-06-28 21:47:58,2026-06-29 01:32:58,1.365,97.69,47.11,0.989,160.96
2026-06-28,20221012A,280.801417,70.524175,host,True,True,True,True,True,True,True,2026-06-28 21:47:58,2026-06-29 04:41:56,2026-06-28 22:37:58,2026-06-29 04:17:58,1.341,93.82,48.21,0.991,179.39
2026-06-28,20181112A,327.348458,-52.970944,signal,False,False,True,True,True,False,False,2026-06-28 21:47:58,2026-06-29 04:41:56,,,,,,0.99,
2026-06-28,20190611B,320.742887,-79.397286,host,False,False,True,True,True,False,False,2026-06-28 21:47:58,2026-06-29 04:41:56,,,,,,0.99,
2026-06-28,20190711A,329.419,-80.358,host,False,False,True,True,True,False,False,2026-06-28 21:47:58,2026-06-29 04:41:56,,,,,,0.99,
2026-06-28,20191228A,344.430542,-29.594111,signal,True,False,True,True,True,False,False,2026-06-28 21:47:58,2026-06-29 04:41:56,,,,,,0.99,
2026-06-28,20200430A,229.706377,12.376607,host,True,True,True,True,True,True,True,2026-06-28 21:47:58,2026-06-29 04:41:56,2026-06-28 22:37:58,2026-06-29 01:17:58,1.171,58.69,58.63,0.989,54.28
2026-06-28,20200627A,326.695833,-39.484722,signal,False,False,True,True,True,False,False,2026-06-28 21:47:58,2026-06-29 04:41:56,,,,,,0.99,
2026-06-28,20210117A,339.979208,-16.151444,signal,True,True,True,True,True,True,True,2026-06-28 21:47:58,2026-06-29 04:41:56,2026-06-29 04:12:58,2026-06-29 04:37:58,1.46,58.77,43.24,0.993,-16.42
2026-06-28,20210214G,6.93,-5.832222,signal,True,False,True,True,True,False,False,2026-06-28 21:47:58,2026-06-29 04:41:56,,,,,,0.99,
2026-06-28,20210407E,78.650958,27.05825,signal,True,False,True,True,True,False,False,2026-06-28 21:47:58,2026-06-29 04:41:56,,,,,,0.99,
2026-06-28,20210809C,271.157083,1.328889,signal,True,True,True,True,True,True,True,2026-06-28 21:47:58,2026-06-29 04:41:56,2026-06-28 22:07:58,2026-06-29 03:32:58,1.127,25.34,62.56,0.99,2.54
2026-06-28,20210912A,350.7935,-30.405583,signal,True,False,True,True,True,False,False,2026-06-28 21:47:58,2026-06-29 04:41:56,,,,,,0.99,
2026-06-28,20220105A,208.803803,22.466479,host,True,True,True,True,True,True,True,2026-06-28 21:47:58,2026-06-29 04:41:56,2026-06-28 21:57:58,2026-06-29 00:12:58,1.205,80.8,56.1,0.989,71.47
2026-06-28,20220501C,352.379167,-32.490722,signal,True,False,True,True,True,False,False,2026-06-28 21:47:58,2026-06-29 04:41:56,,,,,,0.99,
2026-06-28,20220531A,294.709167,-60.296667,signal,False,False,True,True,True,False,False,2026-06-28 21:47:58,2026-06-29 04:41:56,,,,,,0.99,
2026-06-28,20220610A,351.073,-33.514,host,True,False,True,True,True,False,False,2026-06-28 21:47:58,2026-06-29 04:41:56,,,,,,0.99,
2026-06-28,20220725A,353.315342,-35.990268,host,True,False,True,True,True,False,False,2026-06-28 21:47:58,2026-06-29 04:41:56,,,,,,0.99,
2026-06-28,20220918A,17.592125,-70.811389,signal,False,False,True,True,True,False,False,2026-06-28 21:47:58,2026-06-29 04:41:56,,,,,,0.99,
2026-06-28,20221106A,56.704551,-25.569831,host,True,False,True,True,True,False,False,2026-06-28 21:47:58,2026-06-29 04:41:56,,,,,,0.99,
2026-06-28,20230521A,327.75125,-2.386111,signal,True,True,True,True,True,True,True,2026-06-28 21:47:58,2026-06-29 04:41:56,2026-06-29 02:02:58,2026-06-29 04:37:58,1.228,52.87,54.5,0.992,-27.28
2026-06-28,20230526A,22.232615,-52.717373,host,False,False,True,True,True,False,False,2026-06-28 21:47:58,2026-06-29 04:41:56,,,,,,0.99,
2026-06-28,20230708A,303.115511,-55.356262,host,False,False,True,True,True,False,False,2026-06-28 21:47:58,2026-06-29 04:41:56,,,,,,0.99,
2026-06-28,20230718A,128.161917,-40.451944,signal,False,False,True,True,True,False,False,2026-06-28 21:47:58,2026-06-29 04:41:56,,,,,,0.99,
2026-06-28,20230731A,174.601458,-56.799056,signal,False,False,True,True,True,False,False,2026-06-28 21:47:58,2026-06-29 04:41:56,,,,,,0.99,
2026-06-28,20230902A,52.139961,-47.333434,host,False,False,True,True,True,False,False,2026-06-28 21:47:58,2026-06-29 04:41:56,,,,,,0.99,
2026-06-28,20231006A,296.003333,-64.648889,signal,False,False,True,True,True,False,False,2026-06-28 21:47:58,2026-06-29 04:41:56,,,,,,0.99,
2026-06-28,20231226A,155.363856,6.109704,host,True,False,True,True,True,False,False,2026-06-28 21:47:58,2026-06-29 04:41:56,,,,,,0.99,
2026-06-28,20240201A,149.906029,14.088739,host,True,False,True,True,True,False,False,2026-06-28 21:47:58,2026-06-29 04:41:56,,,,,,0.99,
2026-06-28,20240208A,159.229001,-0.953397,host,True,False,True,True,True,False,False,2026-06-28 21:47:58,2026-06-29 04:41:56,,,,,,0.99,
2026-06-28,20240210A,8.77693,-28.271997,host,True,False,True,True,True,False,False,2026-06-28 21:47:58,2026-06-29 04:41:56,,,,,,0.99,
2026-06-28,20240304A,136.330524,-16.166242,host,True,False,True,True,True,False,False,2026-06-28 21:47:58,2026-06-29 04:41:56,,,,,,0.99,
2026-06-28,20240310A,17.621847,-44.439331,host,False,False,True,True,True,False,False,2026-06-28 21:47:58,2026-06-29 04:41:56,,,,,,0.99,
2026-06-28,20240318A,150.393564,37.616432,host,True,False,True,True,True,False,False,2026-06-28 21:47:58,2026-06-29 04:41:56,,,,,,0.99,
2026-06-28,20240304B,182.997,11.813,host,True,True,True,True,True,False,False,2026-06-28 21:47:58,2026-06-29 04:41:56,,,,,,0.99,
2026-06-28,20230521B,351.036,71.138,host,True,True,True,True,True,True,True,2026-06-28 21:47:58,2026-06-29 04:41:56,2026-06-29 03:22:58,2026-06-29 04:37:58,1.436,106.82,44.14,0.992,-141.0
2026-06-28,20240104A,348.874,72.821,host,True,True,True,True,True,True,True,2026-06-28 21:47:58,2026-06-29 04:41:56,2026-06-29 03:37:58,2026-06-29 04:37:58,1.455,106.88,43.42,0.992,-146.03
2026-06-28,20221029A,141.966,72.452,host,True,False,True,True,True,False,False,2026-06-28 21:47:58,2026-06-29 04:41:56,,,,,,0.99,
2026-06-28,20240123A,68.263,71.945,host,True,False,True,True,True,False,False,2026-06-28 21:47:58,2026-06-29 04:41:56,,,,,,0.99,
2026-06-28,20220222C,203.904,-28.027,host,True,False,True,True,True,False,False,2026-06-28 21:47:58,2026-06-29 04:41:56,,,,,,0.99,
2026-06-28,20190523A,207.064,72.471,host,True,True,True,True,True,True,True,2026-06-28 21:47:58,2026-06-29 04:41:56,2026-06-28 21:47:58,2026-06-28 23:02:58,1.447,106.45,43.72,0.988,143.96
2026-06-28,20250518,207.992,71.282,host,True,True,True,True,True,True,True,2026-06-28 21:47:58,2026-06-29 04:41:56,2026-06-28 21:47:58,2026-06-28 23:17:58,1.424,105.67,44.62,0.988,142.89
2026-06-28,20220224C,166.678,-22.94,host,True,False,True,True,True,False,False,2026-06-28 21:47:58,2026-06-29 04:41:56,,,,,,0.99,
2026-06-28,20220418A,219.106,70.095,host,True,True,True,True,True,True,True,2026-06-28 21:47:58,2026-06-29 04:41:56,2026-06-28 21:47:58,2026-06-29 00:12:58,1.384,101.93,46.25,0.989,146.57
2026-06-28,20190614D,65.076,73.707,host,True,False,True,True,True,False,False,2026-06-28 21:47:58,2026-06-29 04:41:56,,,,,,0.99,
2026-06-28,20221219A,257.63,71.627,host,True,True,True,True,True,True,True,2026-06-28 21:47:58,2026-06-29 04:41:56,2026-06-28 21:47:58,2026-06-29 02:32:58,1.366,95.88,47.08,0.99,173.77
2026-06-28,20230814B,335.976,73.026,host,True,True,True,True,True,True,True,2026-06-28 21:47:58,2026-06-29 04:41:56,2026-06-29 02:47:58,2026-06-29 04:37:58,1.433,103.73,44.24,0.992,-154.1
2026-06-28,20231020B,57.278,-37.77,host,False,False,True,True,True,False,False,2026-06-28 21:47:58,2026-06-29 04:41:56,,,,,,0.99,
2026-06-28,20230907D,187.142,8.658,host,True,True,True,True,True,True,True,2026-06-28 21:47:58,2026-06-29 04:41:56,2026-06-28 21:47:58,2026-06-28 22:17:58,1.405,93.53,45.36,0.988,57.52
2026-06-28,20230712A,167.36,72.558,host,True,False,True,True,True,False,False,2026-06-28 21:47:58,2026-06-29 04:41:56,,,,,,0.99,
2026-06-28,20220204A,274.228,69.722,host,True,True,True,True,True,True,True,2026-06-28 21:47:58,2026-06-29 04:41:56,2026-06-28 22:02:58,2026-06-29 03:57:58,1.325,93.02,49.02,0.99,178.97
2026-06-28,20230613A,356.853,-27.053,host,True,False,True,True,True,False,False,2026-06-28 21:47:58,2026-06-29 04:41:56,,,,,,0.99,
2026-06-28,20240119A,224.467,71.612,host,True,True,True,True,True,True,True,2026-06-28 21:47:58,2026-06-29 04:41:56,2026-06-28 21:47:58,2026-06-29 00:22:58,1.399,101.53,45.62,0.989,152.44
2026-06-28,20220717A,293.304,-19.288,host,True,True,False,True,True,False,False,2026-06-28 21:47:58,2026-06-29 04:41:56,,,,,,0.99,
2026-06-28,20220726A,73.946,69.93,host,True,False,True,True,True,False,False,2026-06-28 21:47:58,2026-06-29 04:41:56,,,,,,0.99,
2026-06-28,20231220A,123.909,73.66,host,True,False,True,True,True,False,False,2026-06-28 21:47:58,2026-06-29 04:41:56,,,,,,0.99,
2026-06-28,20180301A,93.227,4.671,host,True,False,True,True,True,False,False,2026-06-28 21:47:58,2026-06-29 04:41:56,,,,,,0.99,
2026-06-28,20230626A,235.63,71.134,host,True,True,True,True,True,True,True,2026-06-28 21:47:58,2026-06-29 04:41:56,2026-06-28 21:47:58,2026-06-29 01:12:58,1.374,98.75,46.68,0.989,158.35
2026-06-28,20230125D,150.205,-31.545,host,True,False,True,True,True,False,False,2026-06-28 21:47:58,2026-06-29 04:41:56,,,,,,0.99,
2026-06-28,20230913,305.037,70.793,host,True,True,True,True,True,True,True,2026-06-28 21:47:58,2026-06-29 04:41:56,2026-06-29 00:17:58,2026-06-29 04:37:58,1.354,96.03,47.6,0.991,-168.6
2026-06-28,20230501A,340.027,70.922,host,True,True,True,True,True,True,True,2026-06-28 21:47:58,2026-06-29 04:41:56,2026-06-29 02:37:58,2026-06-29 04:37:58,1.408,103.57,45.24,0.992,-146.6
2026-06-28,20220506D,318.045,72.827,host,True,True,True,True,True,True,True,2026-06-28 21:47:58,2026-06-29 04:41:56,2026-06-29 01:32:58,2026-06-29 04:37:58,1.405,99.86,45.39,0.992,-165.3
2026-06-28,20240229A,169.984,70.676,host,True,False,True,True,True,False,False,2026-06-28 21:47:58,2026-06-29 04:41:56,,,,,,0.99,
2026-06-28,20221116A,21.211,72.654,host,True,False,True,True,True,False,False,2026-06-28 21:47:58,2026-06-29 04:41:56,,,,,,0.99,
2026-06-28,20230307A,177.782,71.695,host,True,False,True,True,True,False,False,2026-06-28 21:47:58,2026-06-29 04:41:56,,,,,,0.99,
2026-06-28,20231123B,242.538,70.785,host,True,True,True,True,True,True,True,2026-06-28 21:47:58,2026-06-29 04:41:56,2026-06-28 21:47:58,2026-06-29 01:42:58,1.36,97.17,47.34,0.989,162.23
2026-06-28,20221113A,71.411,70.307,host,True,False,True,True,True,False,False,2026-06-28 21:47:58,2026-06-29 04:41:56,,,,,,0.99,
2026-06-28,20221101B,342.216,70.682,host,True,True,True,True,True,True,True,2026-06-28 21:47:58,2026-06-29 04:41:56,2026-06-29 02:42:58,2026-06-29 04:37:58,1.408,104.05,45.26,0.992,-145.32
2026-06-28,20240215A,268.441,70.232,host,True,True,True,True,True,True,True,2026-06-28 21:47:58,2026-06-29 04:41:56,2026-06-28 21:47:58,2026-06-29 03:27:58,1.335,93.72,48.53,0.99,179.61
2026-06-28,20121102A,82.994542,33.147897,host,True,False,True,True,True,False,False,2026-06-28 21:47:58,2026-06-29 04:41:56,,,,,,0.99,
2026-06-28,20230628A,166.787,72.282,host,True,False,True,True,True,False,False,2026-06-28 21:47:58,2026-06-29 04:41:56,,,,,,0.99,
2026-06-28,20240213A,166.168,74.075,host,True,False,True,True,True,False,False,2026-06-28 21:47:58,2026-06-29 04:41:56,,,,,,0.99,
2026-06-28,20201124A,77.015,26.061,host,True,False,True,True,True,False,False,2026-06-28 21:47:58,2026-06-29 04:41:56,,,,,,0.99,
2026-06-28,20230124A,231.917,70.968,host,True,True,True,True,True,True,True,2026-06-28 21:47:58,2026-06-29 04:41:56,2026-06-28 21:47:58,2026-06-29 00:57:58,1.374,99.39,46.69,0.989,156.76
2026-06-28,20230930A,10.507,41.417,host,True,True,True,True,True,True,True,2026-06-28 21:47:58,2026-06-29 04:41:56,2026-06-29 03:37:58,2026-06-29 04:37:58,1.342,107.27,48.18,0.992,-91.61
2026-06-28,20240203,312.621,73.9,host,True,True,True,True,True,True,True,2026-06-28 21:47:58,2026-06-29 04:41:56,2026-06-29 01:27:58,2026-06-29 04:37:58,1.424,99.85,44.6,0.992,-170.69
2026-06-28,20231120A,143.985,73.285,host,True,False,True,True,True,False,False,2026-06-28 21:47:58,2026-06-29 04:41:56,,,,,,0.99,
2026-06-28,20201123A,263.66,-50.764,host,False,False,False,True,True,False,False,2026-06-28 21:47:58,2026-06-29 04:41:56,,,,,,0.99,
2026-06-29,20171020A,333.8531,-19.5853,host,True,False,True,True,True,False,False,2026-06-29 21:47:56,2026-06-30 04:42:23,,,,,,0.999,
2026-06-29,20180924B,326.105236,-40.900253,host,False,False,True,True,True,False,False,2026-06-29 21:47:56,2026-06-30 04:42:23,,,,,,0.999,
2026-06-29,20190102C,322.415209,-79.475758,host,False,False,True,True,True,False,False,2026-06-29 21:47:56,2026-06-30 04:42:23,,,,,,0.999,
2026-06-29,20190608B,334.020406,-7.898868,host,True,True,True,True,True,True,True,2026-06-29 21:47:56,2026-06-30 04:42:23,2026-06-30 02:47:56,2026-06-30 04:37:56,1.316,55.2,49.44,0.999,-24.54
2026-06-29,20190714A,183.979525,-13.021079,host,True,False,True,True,True,False,False,2026-06-29 21:47:56,2026-06-30 04:42:23,,,,,,0.999,
2026-06-29,20191001A,323.352187,-54.747748,host,False,False,True,True,True,False,False,2026-06-29 21:47:56,2026-06-30 04:42:23,,,,,,0.999,
2026-06-29,20200906A,53.496,-14.083,host,True,False,True,True,True,False,False,2026-06-29 21:47:56,2026-06-30 04:42:23,,,,,,0.999,
2026-06-29,20210320C,204.458854,-16.122552,host,True,False,True,True,True,False,False,2026-06-29 21:47:56,2026-06-30 04:42:23,,,,,,0.999,
2026-06-29,20210410D,326.086,-79.318,host,False,False,True,True,True,False,False,2026-06-29 21:47:56,2026-06-30 04:42:23,,,,,,0.999,
2026-06-29,20210807D,299.2214,-0.7624,host,True,True,True,True,True,True,True,2026-06-29 21:47:56,2026-06-30 04:42:23,2026-06-29 23:57:56,2026-06-30 04:37:56,1.152,30.12,60.2,0.999,-7.85
2026-06-29,20211127I,199.808,-18.838,host,True,False,True,True,True,False,False,2026-06-29 21:47:56,2026-06-30 04:42:23,,,,,,0.999,
2026-06-29,20211203C,204.56526,-31.379107,host,True,False,True,True,True,False,False,2026-06-29 21:47:56,2026-06-30 04:42:23,,,,,,0.999,
2026-06-29,20211212A,157.351,1.361,host,True,False,True,True,True,False,False,2026-06-29 21:47:56,2026-06-30 04:42:23,,,,,,0.999,
2026-06-29,20220207C,310.197679,72.882658,host,True,True,True,True,True,True,True,2026-06-29 21:47:56,2026-06-30 04:42:23,2026-06-30 00:57:56,2026-06-30 04:37:56,1.4,98.41,45.59,0.999,-170.07
2026-06-29,20220307B,350.875,72.192,host,True,True,True,True,True,True,True,2026-06-29 21:47:56,2026-06-30 04:42:23,2026-06-30 03:32:56,2026-06-30 04:37:56,1.446,106.83,43.76,0.999,-144.47
2026-06-29,20220310F,134.721,73.491,host,True,False,True,True,True,False,False,2026-06-29 21:47:56,2026-06-30 04:42:23,,,,,,0.999,
2026-06-29,20220319D,32.177917,71.03525,host,True,False,True,True,True,False,False,2026-06-29 21:47:56,2026-06-30 04:42:23,,,,,,0.999,
2026-06-29,20220509G,282.674806,70.242726,host,True,True,True,True,True,True,True,2026-06-29 21:47:56,2026-06-30 04:42:23,2026-06-29 22:37:56,2026-06-30 04:22:56,1.336,93.5,48.48,0.999,178.91
2026-06-29,20220825A,311.982,72.585,host,True,True,True,True,True,True,True,2026-06-29 21:47:56,2026-06-30 04:42:23,2026-06-30 00:57:56,2026-06-30 04:37:56,1.396,98.42,45.77,0.999,-167.78
2026-06-29,20220912A,347.270174,48.706618,host,True,True,True,True,True,True,True,2026-06-29 21:47:56,2026-06-30 04:42:23,2026-06-30 01:57:56,2026-06-30 04:37:56,1.222,94.34,54.92,0.999,-111.07
2026-06-29,20220914A,282.058507,73.336282,host,True,True,True,True,True,True,True,2026-06-29 21:47:56,2026-06-30 04:42:23,2026-06-29 23:07:56,2026-06-30 03:42:56,1.405,96.58,45.39,0.999,179.77
2026-06-29,20220920A,240.256794,70.918007,host,True,True,True,True,True,True,True,2026-06-29 21:47:56,2026-06-30 04:42:23,2026-06-29 21:47:56,2026-06-30 01:27:56,1.364,97.83,47.14,0.999,161.31
2026-06-29,20221012A,280.801417,70.524175,host,True,True,True,True,True,True,True,2026-06-29 21:47:56,2026-06-30 04:42:23,2026-06-29 22:32:56,2026-06-30 04:12:56,1.341,93.75,48.21,0.999,179.75
2026-06-29,20181112A,327.348458,-52.970944,signal,False,False,True,True,True,False,False,2026-06-29 21:47:56,2026-06-30 04:42:23,,,,,,0.999,
2026-06-29,20190611B,320.742887,-79.397286,host,False,False,True,True,True,False,False,2026-06-29 21:47:56,2026-06-30 04:42:23,,,,,,0.999,
2026-06-29,20190711A,329.419,-80.358,host,False,False,True,True,True,False,False,2026-06-29 21:47:56,2026-06-30 04:42:23,,,,,,0.999,
2026-06-29,20191228A,344.430542,-29.594111,signal,True,False,True,True,True,False,False,2026-06-29 21:47:56,2026-06-30 04:42:23,,,,,,0.999,
2026-06-29,20200430A,229.706377,12.376607,host,True,True,True,True,True,True,True,2026-06-29 21:47:56,2026-06-30 04:42:23,2026-06-29 22:32:56,2026-06-30 01:12:56,1.168,59.48,58.85,0.999,54.08
2026-06-29,20200627A,326.695833,-39.484722,signal,False,False,True,True,True,False,False,2026-06-29 21:47:56,2026-06-30 04:42:23,,,,,,0.999,
2026-06-29,20210117A,339.979208,-16.151444,signal,True,True,True,True,True,True,True,2026-06-29 21:47:56,2026-06-30 04:42:23,2026-06-30 04:07:56,2026-06-30 04:37:56,1.462,57.81,43.17,0.999,-16.73
2026-06-29,20210214G,6.93,-5.832222,signal,True,False,True,True,True,False,False,2026-06-29 21:47:56,2026-06-30 04:42:23,,,,,,0.999,
2026-06-29,20210407E,78.650958,27.05825,signal,True,False,True,True,True,False,False,2026-06-29 21:47:56,2026-06-30 04:42:23,,,,,,0.999,
2026-06-29,20210809C,271.157083,1.328889,signal,True,True,True,True,True,True,True,2026-06-29 21:47:56,2026-06-30 04:42:23,2026-06-29 22:02:56,2026-06-30 03:27:56,1.127,25.55,62.56,0.999,2.02
2026-06-29,20210912A,350.7935,-30.405583,signal,True,False,True,True,True,False,False,2026-06-29 21:47:56,2026-06-30 04:42:23,,,,,,0.999,
2026-06-29,20220105A,208.803803,22.466479,host,True,True,True,True,True,True,True,2026-06-29 21:47:56,2026-06-30 04:42:23,2026-06-29 21:52:56,2026-06-30 00:07:56,1.201,81.63,56.34,0.999,71.45
2026-06-29,20220501C,352.379167,-32.490722,signal,True,False,True,True,True,False,False,2026-06-29 21:47:56,2026-06-30 04:42:23,,,,,,0.999,
2026-06-29,20220531A,294.709167,-60.296667,signal,False,False,True,True,True,False,False,2026-06-29 21:47:56,2026-06-30 04:42:23,,,,,,0.999,
2026-06-29,20220610A,351.073,-33.514,host,True,False,True,True,True,False,False,2026-06-29 21:47:56,2026-06-30 04:42:23,,,,,,0.999,
2026-06-29,20220725A,353.315342,-35.990268,host,True,False,True,True,True,False,False,2026-06-29 21:47:56,2026-06-30 04:42:23,,,,,,0.999,
2026-06-29,20220918A,17.592125,-70.811389,signal,False,False,True,True,True,False,False,2026-06-29 21:47:56,2026-06-30 04:42:23,,,,,,0.999,
2026-06-29,20221106A,56.704551,-25.569831,host,True,False,True,True,True,False,False,2026-06-29 21:47:56,2026-06-30 04:42:23,,,,,,0.999,
2026-06-29,20230521A,327.75125,-2.386111,signal,True,True,True,True,True,True,True,2026-06-29 21:47:56,2026-06-30 04:42:23,2026-06-30 01:57:56,2026-06-30 04:37:56,1.23,51.92,54.37,0.999,-27.64
2026-06-29,20230526A,22.232615,-52.717373,host,False,False,True,True,True,False,False,2026-06-29 21:47:56,2026-06-30 04:42:23,,,,,,0.999,
2026-06-29,20230708A,303.115511,-55.356262,host,False,False,True,True,True,False,False,2026-06-29 21:47:56,2026-06-30 04:42:23,,,,,,0.999,
2026-06-29,20230718A,128.161917,-40.451944,signal,False,False,True,True,True,False,False,2026-06-29 21:47:56,2026-06-30 04:42:23,,,,,,0.999,
2026-06-29,20230731A,174.601458,-56.799056,signal,False,False,True,True,True,False,False,2026-06-29 21:47:56,2026-06-30 04:42:23,,,,,,0.999,
2026-06-29,20230902A,52.139961,-47.333434,host,False,False,True,True,True,False,False,2026-06-29 21:47:56,2026-06-30 04:42:23,,,,,,0.999,
2026-06-29,20231006A,296.003333,-64.648889,signal,False,False,True,True,True,False,False,2026-06-29 21:47:56,2026-06-30 04:42:23,,,,,,0.999,
2026-06-29,20231226A,155.363856,6.109704,host,True,False,True,True,True,False,False,2026-06-29 21:47:56,2026-06-30 04:42:23,,,,,,0.999,
2026-06-29,20240201A,149.906029,14.088739,host,True,False,True,True,True,False,False,2026-06-29 21:47:56,2026-06-30 04:42:23,,,,,,0.999,
2026-06-29,20240208A,159.229001,-0.953397,host,True,False,True,True,True,False,False,2026-06-29 21:47:56,2026-06-30 04:42:23,,,,,,0.999,
2026-06-29,20240210A,8.77693,-28.271997,host,True,False,True,True,True,False,False,2026-06-29 21:47:56,2026-06-30 04:42:23,,,,,,0.999,
2026-06-29,20240304A,136.330524,-16.166242,host,True,False,True,True,True,False,False,2026-06-29 21:47:56,2026-06-30 04:42:23,,,,,,0.999,
2026-06-29,20240310A,17.621847,-44.439331,host,False,False,True,True,True,False,False,2026-06-29 21:47:56,2026-06-30 04:42:23,,,,,,0.999,
2026-06-29,20240318A,150.393564,37.616432,host,True,False,True,True,True,False,False,2026-06-29 21:47:56,2026-06-30 04:42:23,,,,,,0.999,
2026-06-29,20240304B,182.997,11.813,host,True,True,True,True,True,False,False,2026-06-29 21:47:56,2026-06-30 04:42:23,,,,,,0.999,
2026-06-29,20230521B,351.036,71.138,host,True,True,True,True,True,True,True,2026-06-29 21:47:56,2026-06-30 04:42:23,2026-06-30 03:22:56,2026-06-30 04:37:56,1.431,106.45,44.33,0.999,-142.17
2026-06-29,20240104A,348.874,72.821,host,True,True,True,True,True,True,True,2026-06-29 21:47:56,2026-06-30 04:42:23,2026-06-30 03:32:56,2026-06-30 04:37:56,1.451,106.54,43.58,0.999,-147.2
2026-06-29,20221029A,141.966,72.452,host,True,False,True,True,True,False,False,2026-06-29 21:47:56,2026-06-30 04:42:23,,,,,,0.999,
2026-06-29,20240123A,68.263,71.945,host,True,False,True,True,True,False,False,2026-06-29 21:47:56,2026-06-30 04:42:23,,,,,,0.999,
2026-06-29,20220222C,203.904,-28.027,host,True,False,True,True,True,False,False,2026-06-29 21:47:56,2026-06-30 04:42:23,,,,,,0.999,
2026-06-29,20190523A,207.064,72.471,host,True,True,True,True,True,True,True,2026-06-29 21:47:56,2026-06-30 04:42:23,2026-06-29 21:47:56,2026-06-29 22:57:56,1.446,106.69,43.77,0.999,144.29
2026-06-29,20250518,207.992,71.282,host,True,True,True,True,True,True,True,2026-06-29 21:47:56,2026-06-30 04:42:23,2026-06-29 21:47:56,2026-06-29 23:17:56,1.429,105.92,44.42,0.999,141.72
2026-06-29,20220224C,166.678,-22.94,host,True,False,True,True,True,False,False,2026-06-29 21:47:56,2026-06-30 04:42:23,,,,,,0.999,
2026-06-29,20220418A,219.106,70.095,host,True,True,True,True,True,True,True,2026-06-29 21:47:56,2026-06-30 04:42:23,2026-06-29 21:47:56,2026-06-30 00:12:56,1.389,102.17,46.07,0.999,145.36
2026-06-29,20190614D,65.076,73.707,host,True,False,True,True,True,False,False,2026-06-29 21:47:56,2026-06-30 04:42:23,,,,,,0.999,
2026-06-29,20221219A,257.63,71.627,host,True,True,True,True,True,True,True,2026-06-29 21:47:56,2026-06-30 04:42:23,2026-06-29 21:47:56,2026-06-30 02:27:56,1.365,95.93,47.09,0.999,174.13
2026-06-29,20230814B,335.976,73.026,host,True,True,True,True,True,True,True,2026-06-29 21:47:56,2026-06-30 04:42:23,2026-06-30 02:42:56,2026-06-30 04:37:56,1.43,103.43,44.36,0.999,-155.29
2026-06-29,20231020B,57.278,-37.77,host,False,False,True,True,True,False,False,2026-06-29 21:47:56,2026-06-30 04:42:23,,,,,,0.999,
2026-06-29,20230907D,187.142,8.658,host,True,True,True,True,True,True,True,2026-06-29 21:47:56,2026-06-30 04:42:23,2026-06-29 21:47:56,2026-06-29 22:12:56,1.426,94.49,44.54,0.999,57.88
2026-06-29,20230712A,167.36,72.558,host,True,False,True,True,True,False,False,2026-06-29 21:47:56,2026-06-30 04:42:23,,,,,,0.999,
2026-06-29,20220204A,274.228,69.722,host,True,True,True,True,True,True,True,2026-06-29 21:47:56,2026-06-30 04:42:23,2026-06-29 21:57:56,2026-06-30 03:52:56,1.324,92.98,49.03,0.999,179.34
2026-06-29,20230613A,356.853,-27.053,host,True,False,True,True,True,False,False,2026-06-29 21:47:56,2026-06-30 04:42:23,,,,,,0.999,
2026-06-29,20240119A,224.467,71.612,host,True,True,True,True,True,True,True,2026-06-29 21:47:56,2026-06-30 04:42:23,2026-06-29 21:47:56,2026-06-30 00:17:56,1.398,101.73,45.66,0.999,152.78
2026-06-29,20220717A,293.304,-19.288,host,True,True,False,True,True,False,False,2026-06-29 21:47:56,2026-06-30 04:42:23,,,,,,0.999,
2026-06-29,20220726A,73.946,69.93,host,True,False,True,True,True,False,False,2026-06-29 21:47:56,2026-06-30 04:42:23,,,,,,0.999,
2026-06-29,20231220A,123.909,73.66,host,True,False,True,True,True,False,False,2026-06-29 21:47:56,2026-06-30 04:42:23,,,,,,0.999,
2026-06-29,20180301A,93.227,4.671,host,True,False,True,True,True,False,False,2026-06-29 21:47:56,2026-06-30 04:42:23,,,,,,0.999,
2026-06-29,20230626A,235.63,71.134,host,True,True,True,True,True,True,True,2026-06-29 21:47:56,2026-06-30 04:42:23,2026-06-29 21:47:56,2026-06-30 01:07:56,1.374,98.91,46.71,0.999,158.69
2026-06-29,20230125D,150.205,-31.545,host,True,False,True,True,True,False,False,2026-06-29 21:47:56,2026-06-30 04:42:23,,,,,,0.999,
2026-06-29,20230913,305.037,70.793,host,True,True,True,True,True,True,True,2026-06-29 21:47:56,2026-06-30 04:42:23,2026-06-30 00:12:56,2026-06-30 04:37:56,1.353,95.83,47.66,0.999,-169.87
2026-06-29,20230501A,340.027,70.922,host,True,True,True,True,True,True,True,2026-06-29 21:47:56,2026-06-30 04:42:23,2026-06-30 02:32:56,2026-06-30 04:37:56,1.404,103.22,45.41,0.999,-147.79
2026-06-29,20220506D,318.045,72.827,host,True,True,True,True,True,True,True,2026-06-29 21:47:56,2026-06-30 04:42:23,2026-06-30 01:27:56,2026-06-30 04:37:56,1.405,99.62,45.36,0.999,-164.96
2026-06-29,20240229A,169.984,70.676,host,True,False,True,True,True,False,False,2026-06-29 21:47:56,2026-06-30 04:42:23,,,,,,0.999,
2026-06-29,20221116A,21.211,72.654,host,True,False,True,True,True,False,False,2026-06-29 21:47:56,2026-06-30 04:42:23,,,,,,0.999,
2026-06-29,20230307A,177.782,71.695,host,True,False,True,True,True,False,False,2026-06-29 21:47:56,2026-06-30 04:42:23,,,,,,0.999,
2026-06-29,20231123B,242.538,70.785,host,True,True,True,True,True,True,True,2026-06-29 21:47:56,2026-06-30 04:42:23,2026-06-29 21:47:56,2026-06-30 01:37:56,1.359,97.3,47.37,0.999,162.58
2026-06-29,20221113A,71.411,70.307,host,True,False,True,True,True,False,False,2026-06-29 21:47:56,2026-06-30 04:42:23,,,,,,0.999,
2026-06-29,20221101B,342.216,70.682,host,True,True,True,True,True,True,True,2026-06-29 21:47:56,2026-06-30 04:42:23,2026-06-30 02:42:56,2026-06-30 04:37:56,1.403,103.7,45.44,0.999,-146.51
2026-06-29,20240215A,268.441,70.232,host,True,True,True,True,True,True,True,2026-06-29 21:47:56,2026-06-30 04:42:23,2026-06-29 21:47:56,2026-06-30 03:22:56,1.335,93.72,48.52,0.999,178.32
2026-06-29,20121102A,82.994542,33.147897,host,True,False,True,True,True,False,False,2026-06-29 21:47:56,2026-06-30 04:42:23,,,,,,0.999,
2026-06-29,20230628A,166.787,72.282,host,True,False,True,True,True,False,False,2026-06-29 21:47:56,2026-06-30 04:42:23,,,,,,0.999,
2026-06-29,20240213A,166.168,74.075,host,True,False,True,True,True,False,False,2026-06-29 21:47:56,2026-06-30 04:42:23,,,,,,0.999,
2026-06-29,20201124A,77.015,26.061,host,True,False,True,True,True,False,False,2026-06-29 21:47:56,2026-06-30 04:42:23,,,,,,0.999,
2026-06-29,20230124A,231.917,70.968,host,True,True,True,True,True,True,True,2026-06-29 21:47:56,2026-06-30 04:42:23,2026-06-29 21:47:56,2026-06-30 00:52:56,1.377,99.57,46.56,0.999,155.52
2026-06-29,20230930A,10.507,41.417,host,True,True,True,True,True,True,True,2026-06-29 21:47:56,2026-06-30 04:42:23,2026-06-30 03:32:56,2026-06-30 04:37:56,1.327,106.47,48.91,0.999,-92.29
2026-06-29,20240203,312.621,73.9,host,True,True,True,True,True,True,True,2026-06-29 21:47:56,2026-06-30 04:42:23,2026-06-30 01:22:56,2026-06-30 04:37:56,1.423,99.64,44.64,0.999,-171.89
2026-06-29,20231120A,143.985,73.285,host,True,False,True,True,True,False,False,2026-06-29 21:47:56,2026-06-30 04:42:23,,,,,,0.999,
2026-06-29,20201123A,263.66,-50.764,host,False,False,False,True,True,False,False,2026-06-29 21:47:56,2026-06-30 04:42:23,,,,,,0.999,
2026-06-30,20171020A,333.8531,-19.5853,host,True,False,True,True,True,False,False,2026-06-30 21:47:52,2026-07-01 04:42:50,,,,,,0.989,
2026-06-30,20180924B,326.105236,-40.900253,host,False,False,True,True,True,False,False,2026-06-30 21:47:52,2026-07-01 04:42:50,,,,,,0.989,
2026-06-30,20190102C,322.415209,-79.475758,host,False,False,True,True,True,False,False,2026-06-30 21:47:52,2026-07-01 04:42:50,,,,,,0.989,
2026-06-30,20190608B,334.020406,-7.898868,host,True,True,True,True,True,True,True,2026-06-30 21:47:52,2026-07-01 04:42:50,2026-07-01 02:42:52,2026-07-01 04:37:52,1.308,54.22,49.84,0.987,-23.37
2026-06-30,20190714A,183.979525,-13.021079,host,True,False,True,True,True,False,False,2026-06-30 21:47:52,2026-07-01 04:42:50,,,,,,0.989,
2026-06-30,20191001A,323.352187,-54.747748,host,False,False,True,True,True,False,False,2026-06-30 21:47:52,2026-07-01 04:42:50,,,,,,0.989,
2026-06-30,20200906A,53.496,-14.083,host,True,False,True,True,True,False,False,2026-06-30 21:47:52,2026-07-01 04:42:50,,,,,,0.989,
2026-06-30,20210320C,204.458854,-16.122552,host,True,False,True,True,True,False,False,2026-06-30 21:47:52,2026-07-01 04:42:50,,,,,,0.989,
2026-06-30,20210410D,326.086,-79.318,host,False,False,True,True,True,False,False,2026-06-30 21:47:52,2026-07-01 04:42:50,,,,,,0.989,
2026-06-30,20210807D,299.2214,-0.7624,host,True,True,False,True,True,False,False,2026-06-30 21:47:52,2026-07-01 04:42:50,,,,,,0.989,
2026-06-30,20211127I,199.808,-18.838,host,True,False,True,True,True,False,False,2026-06-30 21:47:52,2026-07-01 04:42:50,,,,,,0.989,
2026-06-30,20211203C,204.56526,-31.379107,host,True,False,True,True,True,False,False,2026-06-30 21:47:52,2026-07-01 04:42:50,,,,,,0.989,
2026-06-30,20211212A,157.351,1.361,host,True,False,True,True,True,False,False,2026-06-30 21:47:52,2026-07-01 04:42:50,,,,,,0.989,
2026-06-30,20220207C,310.197679,72.882658,host,True,True,True,True,True,True,True,2026-06-30 21:47:52,2026-07-01 04:42:50,2026-07-01 00:52:52,2026-07-01 04:37:52,1.399,98.2,45.63,0.988,-171.29
2026-06-30,20220307B,350.875,72.192,host,True,True,True,True,True,True,True,2026-06-30 21:47:52,2026-07-01 04:42:50,2026-07-01 03:27:52,2026-07-01 04:37:52,1.447,106.47,43.71,0.987,-144.14
2026-06-30,20220310F,134.721,73.491,host,True,False,True,True,True,False,False,2026-06-30 21:47:52,2026-07-01 04:42:50,,,,,,0.989,
2026-06-30,20220319D,32.177917,71.03525,host,True,False,True,True,True,False,False,2026-06-30 21:47:52,2026-07-01 04:42:50,,,,,,0.989,
2026-06-30,20220509G,282.674806,70.242726,host,True,True,True,True,True,True,True,2026-06-30 21:47:52,2026-07-01 04:42:50,2026-06-30 22:32:52,2026-07-01 04:17:52,1.336,93.42,48.48,0.989,179.28
2026-06-30,20220825A,311.982,72.585,host,True,True,True,True,True,True,True,2026-06-30 21:47:52,2026-07-01 04:42:50,2026-07-01 00:57:52,2026-07-01 04:37:52,1.394,98.2,45.83,0.988,-169.0
2026-06-30,20220912A,347.270174,48.706618,host,True,True,True,True,True,True,True,2026-06-30 21:47:52,2026-07-01 04:42:50,2026-07-01 01:52:52,2026-07-01 04:37:52,1.213,93.69,55.52,0.987,-112.15
2026-06-30,20220914A,282.058507,73.336282,host,True,True,True,True,True,True,True,2026-06-30 21:47:52,2026-07-01 04:42:50,2026-06-30 23:07:52,2026-07-01 03:37:52,1.405,96.5,45.39,0.989,-179.88
2026-06-30,20220920A,240.256794,70.918007,host,True,True,True,True,True,True,True,2026-06-30 21:47:52,2026-07-01 04:42:50,2026-06-30 21:47:52,2026-07-01 01:22:52,1.366,97.97,47.04,0.99,160.07
2026-06-30,20221012A,280.801417,70.524175,host,True,True,True,True,True,True,True,2026-06-30 21:47:52,2026-07-01 04:42:50,2026-06-30 22:27:52,2026-07-01 04:07:52,1.341,93.68,48.21,0.989,-179.88
2026-06-30,20181112A,327.348458,-52.970944,signal,False,False,True,True,True,False,False,2026-06-30 21:47:52,2026-07-01 04:42:50,,,,,,0.989,
2026-06-30,20190611B,320.742887,-79.397286,host,False,False,True,True,True,False,False,2026-06-30 21:47:52,2026-07-01 04:42:50,,,,,,0.989,
2026-06-30,20190711A,329.419,-80.358,host,False,False,True,True,True,False,False,2026-06-30 21:47:52,2026-07-01 04:42:50,,,,,,0.989,
2026-06-30,20191228A,344.430542,-29.594111,signal,True,False,True,True,True,False,False,2026-06-30 21:47:52,2026-07-01 04:42:50,,,,,,0.989,
2026-06-30,20200430A,229.706377,12.376607,host,True,True,True,True,True,True,True,2026-06-30 21:47:52,2026-07-01 04:42:50,2026-06-30 22:27:52,2026-07-01 01:07:52,1.166,60.28,59.07,0.99,53.88
2026-06-30,20200627A,326.695833,-39.484722,signal,False,False,True,True,True,False,False,2026-06-30 21:47:52,2026-07-01 04:42:50,,,,,,0.989,
2026-06-30,20210117A,339.979208,-16.151444,signal,True,True,True,True,True,True,True,2026-06-30 21:47:52,2026-07-01 04:42:50,2026-07-01 04:02:52,2026-07-01 04:37:52,1.455,56.84,43.43,0.986,-15.62
2026-06-30,20210214G,6.93,-5.832222,signal,True,False,True,True,True,False,False,2026-06-30 21:47:52,2026-07-01 04:42:50,,,,,,0.989,
2026-06-30,20210407E,78.650958,27.05825,signal,True,False,True,True,True,False,False,2026-06-30 21:47:52,2026-07-01 04:42:50,,,,,,0.989,
2026-06-30,20210809C,271.157083,1.328889,signal,True,True,True,True,True,True,True,2026-06-30 21:47:52,2026-07-01 04:42:50,2026-06-30 21:57:52,2026-07-01 03:22:52,1.127,25.8,62.57,0.989,1.48
2026-06-30,20210912A,350.7935,-30.405583,signal,True,False,True,True,True,False,False,2026-06-30 21:47:52,2026-07-01 04:42:50,,,,,,0.989,
2026-06-30,20220105A,208.803803,22.466479,host,True,True,True,True,True,True,True,2026-06-30 21:47:52,2026-07-01 04:42:50,2026-06-30 21:47:52,2026-07-01 00:02:52,1.198,82.45,56.59,0.991,71.44
2026-06-30,20220501C,352.379167,-32.490722,signal,True,False,True,True,True,False,False,2026-06-30 21:47:52,2026-07-01 04:42:50,,,,,,0.989,
2026-06-30,20220531A,294.709167,-60.296667,signal,False,False,True,True,True,False,False,2026-06-30 21:47:52,2026-07-01 04:42:50,,,,,,0.989,
2026-06-30,20220610A,351.073,-33.514,host,True,False,True,True,True,False,False,2026-06-30 21:47:52,2026-07-01 04:42:50,,,,,,0.989,
2026-06-30,20220725A,353.315342,-35.990268,host,True,False,True,True,True,False,False,2026-06-30 21:47:52,2026-07-01 04:42:50,,,,,,0.989,
2026-06-30,20220918A,17.592125,-70.811389,signal,False,False,True,True,True,False,False,2026-06-30 21:47:52,2026-07-01 04:42:50,,,,,,0.989,
2026-06-30,20221106A,56.704551,-25.569831,host,True,False,True,True,True,False,False,2026-06-30 21:47:52,2026-07-01 04:42:50,,,,,,0.989,
2026-06-30,20230521A,327.75125,-2.386111,signal,True,True,True,True,True,True,True,2026-06-30 21:47:52,2026-07-01 04:42:50,2026-07-01 01:57:52,2026-07-01 04:37:52,1.224,50.97,54.82,0.987,-26.38
2026-06-30,20230526A,22.232615,-52.717373,host,False,False,True,True,True,False,False,2026-06-30 21:47:52,2026-07-01 04:42:50,,,,,,0.989,
2026-06-30,20230708A,303.115511,-55.356262,host,False,False,True,True,True,False,False,2026-06-30 21:47:52,2026-07-01 04:42:50,,,,,,0.989,
2026-06-30,20230718A,128.161917,-40.451944,signal,False,False,True,True,True,False,False,2026-06-30 21:47:52,2026-07-01 04:42:50,,,,,,0.989,
2026-06-30,20230731A,174.601458,-56.799056,signal,False,False,True,True,True,False,False,2026-06-30 21:47:52,2026-07-01 04:42:50,,,,,,0.989,
2026-06-30,20230902A,52.139961,-47.333434,host,False,False,True,True,True,False,False,2026-06-30 21:47:52,2026-07-01 04:42:50,,,,,,0.989,
2026-06-30,20231006A,296.003333,-64.648889,signal,False,False,True,True,True,False,False,2026-06-30 21:47:52,2026-07-01 04:42:50,,,,,,0.989,
2026-06-30,20231226A,155.363856,6.109704,host,True,False,True,True,True,False,False,2026-06-30 21:47:52,2026-07-01 04:42:50,,,,,,0.989,
2026-06-30,20240201A,149.906029,14.088739,host,True,False,True,True,True,False,False,2026-06-30 21:47:52,2026-07-01 04:42:50,,,,,,0.989,
2026-06-30,20240208A,159.229001,-0.953397,host,True,False,True,True,True,False,False,2026-06-30 21:47:52,2026-07-01 04:42:50,,,,,,0.989,
2026-06-30,20240210A,8.77693,-28.271997,host,True,False,True,True,True,False,False,2026-06-30 21:47:52,2026-07-01 04:42:50,,,,,,0.989,
2026-06-30,20240304A,136.330524,-16.166242,host,True,False,True,True,True,False,False,2026-06-30 21:47:52,2026-07-01 04:42:50,,,,,,0.989,
2026-06-30,20240310A,17.621847,-44.439331,host,False,False,True,True,True,False,False,2026-06-30 21:47:52,2026-07-01 04:42:50,,,,,,0.989,
2026-06-30,20240318A,150.393564,37.616432,host,True,False,True,True,True,False,False,2026-06-30 21:47:52,2026-07-01 04:42:50,,,,,,0.989,
2026-06-30,20240304B,182.997,11.813,host,True,True,True,True,True,False,False,2026-06-30 21:47:52,2026-07-01 04:42:50,,,,,,0.989,
2026-06-30,20230521B,351.036,71.138,host,True,True,True,True,True,True,True,2026-06-30 21:47:52,2026-07-01 04:42:50,2026-07-01 03:17:52,2026-07-01 04:37:52,1.432,106.08,44.28,0.987,-141.83
2026-06-30,20240104A,348.874,72.821,host,True,True,True,True,True,True,True,2026-06-30 21:47:52,2026-07-01 04:42:50,2026-07-01 03:27:52,2026-07-01 04:37:52,1.452,106.2,43.53,0.987,-146.86
2026-06-30,20221029A,141.966,72.452,host,True,False,True,True,True,False,False,2026-06-30 21:47:52,2026-07-01 04:42:50,,,,,,0.989,
2026-06-30,20240123A,68.263,71.945,host,True,False,True,True,True,False,False,2026-06-30 21:47:52,2026-07-01 04:42:50,,,,,,0.989,
2026-06-30,20220222C,203.904,-28.027,host,True,False,True,True,True,False,False,2026-06-30 21:47:52,2026-07-01 04:42:50,,,,,,0.989,
2026-06-30,20190523A,207.064,72.471,host,True,True,True,True,True,True,True,2026-06-30 21:47:52,2026-07-01 04:42:50,2026-06-30 21:47:52,2026-06-30 22:57:52,1.45,106.92,43.6,0.991,143.14
2026-06-30,20250518,207.992,71.282,host,True,True,True,True,True,True,True,2026-06-30 21:47:52,2026-07-01 04:42:50,2026-06-30 21:47:52,2026-06-30 23:12:52,1.434,106.17,44.23,0.991,140.57
2026-06-30,20220224C,166.678,-22.94,host,True,False,True,True,True,False,False,2026-06-30 21:47:52,2026-07-01 04:42:50,,,,,,0.989,
2026-06-30,20220418A,219.106,70.095,host,True,True,True,True,True,True,True,2026-06-30 21:47:52,2026-07-01 04:42:50,2026-06-30 21:47:52,2026-07-01 00:07:52,1.387,102.4,46.12,0.991,145.71
2026-06-30,20190614D,65.076,73.707,host,True,False,True,True,True,False,False,2026-06-30 21:47:52,2026-07-01 04:42:50,,,,,,0.989,
2026-06-30,20221219A,257.63,71.627,host,True,True,True,True,True,True,True,2026-06-30 21:47:52,2026-07-01 04:42:50,2026-06-30 21:47:52,2026-07-01 02:22:52,1.366,95.98,47.05,0.99,172.88
2026-06-30,20230814B,335.976,73.026,host,True,True,True,True,True,True,True,2026-06-30 21:47:52,2026-07-01 04:42:50,2026-07-01 02:37:52,2026-07-01 04:37:52,1.431,103.12,44.32,0.987,-154.94
2026-06-30,20231020B,57.278,-37.77,host,False,False,True,True,True,False,False,2026-06-30 21:47:52,2026-07-01 04:42:50,,,,,,0.989,
2026-06-30,20230907D,187.142,8.658,host,True,True,True,True,True,False,False,2026-06-30 21:47:52,2026-07-01 04:42:50,,,,,,0.989,
2026-06-30,20230712A,167.36,72.558,host,True,False,True,True,True,False,False,2026-06-30 21:47:52,2026-07-01 04:42:50,,,,,,0.989,
2026-06-30,20220204A,274.228,69.722,host,True,True,True,True,True,True,True,2026-06-30 21:47:52,2026-07-01 04:42:50,2026-06-30 21:57:52,2026-07-01 03:47:52,1.324,92.95,49.03,0.989,179.71
2026-06-30,20230613A,356.853,-27.053,host,True,False,True,True,True,False,False,2026-06-30 21:47:52,2026-07-01 04:42:50,,,,,,0.989,
2026-06-30,20240119A,224.467,71.612,host,True,True,True,True,True,True,True,2026-06-30 21:47:52,2026-07-01 04:42:50,2026-06-30 21:47:52,2026-07-01 00:12:52,1.402,101.93,45.51,0.991,151.58
2026-06-30,20220717A,293.304,-19.288,host,True,True,False,True,True,False,False,2026-06-30 21:47:52,2026-07-01 04:42:50,,,,,,0.989,
2026-06-30,20220726A,73.946,69.93,host,True,False,True,True,True,False,False,2026-06-30 21:47:52,2026-07-01 04:42:50,,,,,,0.989,
2026-06-30,20231220A,123.909,73.66,host,True,False,True,True,True,False,False,2026-06-30 21:47:52,2026-07-01 04:42:50,,,,,,0.989,
2026-06-30,20180301A,93.227,4.671,host,True,False,True,True,True,False,False,2026-06-30 21:47:52,2026-07-01 04:42:50,,,,,,0.989,
2026-06-30,20230626A,235.63,71.134,host,True,True,True,True,True,True,True,2026-06-30 21:47:52,2026-07-01 04:42:50,2026-06-30 21:47:52,2026-07-01 01:02:52,1.376,99.07,46.6,0.99,157.47
2026-06-30,20230125D,150.205,-31.545,host,True,False,True,True,True,False,False,2026-06-30 21:47:52,2026-07-01 04:42:50,,,,,,0.989,
2026-06-30,20230913,305.037,70.793,host,True,True,True,True,True,True,True,2026-06-30 21:47:52,2026-07-01 04:42:50,2026-07-01 00:07:52,2026-07-01 04:37:52,1.353,95.63,47.64,0.988,-169.51
2026-06-30,20230501A,340.027,70.922,host,True,True,True,True,True,True,True,2026-06-30 21:47:52,2026-07-01 04:42:50,2026-07-01 02:32:52,2026-07-01 04:37:52,1.4,102.88,45.58,0.987,-148.99
2026-06-30,20220506D,318.045,72.827,host,True,True,True,True,True,True,True,2026-06-30 21:47:52,2026-07-01 04:42:50,2026-07-01 01:22:52,2026-07-01 04:37:52,1.404,99.37,45.44,0.988,-166.17
2026-06-30,20240229A,169.984,70.676,host,True,False,True,True,True,False,False,2026-06-30 21:47:52,2026-07-01 04:42:50,,,,,,0.989,
2026-06-30,20221116A,21.211,72.654,host,True,False,True,True,True,False,False,2026-06-30 21:47:52,2026-07-01 04:42:50,,,,,,0.989,
2026-06-30,20230307A,177.782,71.695,host,True,False,True,True,True,False,False,2026-06-30 21:47:52,2026-07-01 04:42:50,,,,,,0.989,
2026-06-30,20231123B,242.538,70.785,host,True,True,True,True,True,True,True,2026-06-30 21:47:52,2026-07-01 04:42:50,2026-06-30 21:47:52,2026-07-01 01:32:52,1.361,97.44,47.27,0.99,161.34
2026-06-30,20221113A,71.411,70.307,host,True,False,True,True,True,False,False,2026-06-30 21:47:52,2026-07-01 04:42:50,,,,,,0.989,
2026-06-30,20221101B,342.216,70.682,host,True,True,True,True,True,True,True,2026-06-30 21:47:52,2026-07-01 04:42:50,2026-07-01 02:37:52,2026-07-01 04:37:52,1.405,103.34,45.39,0.987,-146.17
2026-06-30,20240215A,268.441,70.232,host,True,True,True,True,True,True,True,2026-06-30 21:47:52,2026-07-01 04:42:50,2026-06-30 21:47:52,2026-07-01 03:22:52,1.335,93.71,48.51,0.99,177.03
2026-06-30,20121102A,82.994542,33.147897,host,True,False,True,True,True,False,False,2026-06-30 21:47:52,2026-07-01 04:42:50,,,,,,0.989,
2026-06-30,20230628A,166.787,72.282,host,True,False,True,True,True,False,False,2026-06-30 21:47:52,2026-07-01 04:42:50,,,,,,0.989,
2026-06-30,20240213A,166.168,74.075,host,True,False,True,True,True,False,False,2026-06-30 21:47:52,2026-07-01 04:42:50,,,,,,0.989,
2026-06-30,20201124A,77.015,26.061,host,True,False,True,True,True,False,False,2026-06-30 21:47:52,2026-07-01 04:42:50,,,,,,0.989,
2026-06-30,20230124A,231.917,70.968,host,True,True,True,True,True,True,True,2026-06-30 21:47:52,2026-07-01 04:42:50,2026-06-30 21:47:52,2026-07-01 00:47:52,1.376,99.75,46.6,0.991,155.88
2026-06-30,20230930A,10.507,41.417,host,True,True,True,True,True,True,True,2026-06-30 21:47:52,2026-07-01 04:42:50,2026-07-01 03:27:52,2026-07-01 04:37:52,1.331,105.67,48.7,0.987,-92.09
2026-06-30,20240203,312.621,73.9,host,True,True,True,True,True,True,True,2026-06-30 21:47:52,2026-07-01 04:42:50,2026-07-01 01:17:52,2026-07-01 04:37:52,1.424,99.43,44.62,0.988,-171.55
2026-06-30,20231120A,143.985,73.285,host,True,False,True,True,True,False,False,2026-06-30 21:47:52,2026-07-01 04:42:50,,,,,,0.989,
2026-06-30,20201123A,263.66,-50.764,host,False,False,True,True,True,False,False,2026-06-30 21:47:52,2026-07-01 04:42:50,,,,,,0.989,
2026-07-01,20171020A,333.8531,-19.5853,host,True,False,False,True,True,False,False,2026-07-01 21:47:47,2026-07-02 04:43:19,,,,,,0.961,
2026-07-01,20180924B,326.105236,-40.900253,host,False,False,False,True,True,False,False,2026-07-01 21:47:47,2026-07-02 04:43:19,,,,,,0.961,
2026-07-01,20190102C,322.415209,-79.475758,host,False,False,True,True,True,False,False,2026-07-01 21:47:47,2026-07-02 04:43:19,,,,,,0.961,
2026-07-01,20190608B,334.020406,-7.898868,host,True,True,True,True,True,True,True,2026-07-01 21:47:47,2026-07-02 04:43:19,2026-07-02 02:42:47,2026-07-02 04:07:47,1.332,53.26,48.65,0.958,-26.67
2026-07-01,20190714A,183.979525,-13.021079,host,True,False,True,True,True,False,False,2026-07-01 21:47:47,2026-07-02 04:43:19,,,,,,0.961,
2026-07-01,20191001A,323.352187,-54.747748,host,False,False,True,True,True,False,False,2026-07-01 21:47:47,2026-07-02 04:43:19,,,,,,0.961,
2026-07-01,20200906A,53.496,-14.083,host,True,False,True,True,True,False,False,2026-07-01 21:47:47,2026-07-02 04:43:19,,,,,,0.961,
2026-07-01,20210320C,204.458854,-16.122552,host,True,False,True,True,True,False,False,2026-07-01 21:47:47,2026-07-02 04:43:19,,,,,,0.961,
2026-07-01,20210410D,326.086,-79.318,host,False,False,True,True,True,False,False,2026-07-01 21:47:47,2026-07-02 04:43:19,,,,,,0.961,
2026-07-01,20210807D,299.2214,-0.7624,host,True,True,False,True,True,False,False,2026-07-01 21:47:47,2026-07-02 04:43:19,,,,,,0.961,
2026-07-01,20211127I,199.808,-18.838,host,True,False,True,True,True,False,False,2026-07-01 21:47:47,2026-07-02 04:43:19,,,,,,0.961,
2026-07-01,20211203C,204.56526,-31.379107,host,True,False,True,True,True,False,False,2026-07-01 21:47:47,2026-07-02 04:43:19,,,,,,0.961,
2026-07-01,20211212A,157.351,1.361,host,True,False,True,True,True,False,False,2026-07-01 21:47:47,2026-07-02 04:43:19,,,,,,0.961,
2026-07-01,20220207C,310.197679,72.882658,host,True,True,True,True,True,True,True,2026-07-01 21:47:47,2026-07-02 04:43:19,2026-07-02 00:47:47,2026-07-02 04:42:47,1.398,97.99,45.67,0.959,-172.5
2026-07-01,20220307B,350.875,72.192,host,True,True,True,True,True,True,True,2026-07-01 21:47:47,2026-07-02 04:43:19,2026-07-02 03:22:47,2026-07-02 04:42:47,1.443,106.11,43.88,0.957,-145.28
2026-07-01,20220310F,134.721,73.491,host,True,False,True,True,True,False,False,2026-07-01 21:47:47,2026-07-02 04:43:19,,,,,,0.961,
2026-07-01,20220319D,32.177917,71.03525,host,True,False,True,True,True,False,False,2026-07-01 21:47:47,2026-07-02 04:43:19,,,,,,0.961,
2026-07-01,20220509G,282.674806,70.242726,host,True,True,True,True,True,True,True,2026-07-01 21:47:47,2026-07-02 04:43:19,2026-07-01 22:27:47,2026-07-02 04:12:47,1.336,93.33,48.49,0.961,179.67
2026-07-01,20220825A,311.982,72.585,host,True,True,True,True,True,True,True,2026-07-01 21:47:47,2026-07-02 04:43:19,2026-07-02 00:52:47,2026-07-02 04:42:47,1.393,97.97,45.88,0.959,-170.21
2026-07-01,20220912A,347.270174,48.706618,host,True,True,True,True,True,True,True,2026-07-01 21:47:47,2026-07-02 04:43:19,2026-07-02 01:52:47,2026-07-02 04:42:47,1.205,93.04,56.1,0.958,-113.23
2026-07-01,20220914A,282.058507,73.336282,host,True,True,True,True,True,True,True,2026-07-01 21:47:47,2026-07-02 04:43:19,2026-07-01 23:02:47,2026-07-02 03:37:47,1.405,96.42,45.39,0.961,178.92
2026-07-01,20220920A,240.256794,70.918007,host,True,True,True,True,True,True,True,2026-07-01 21:47:47,2026-07-02 04:43:19,2026-07-01 21:47:47,2026-07-02 01:17:47,1.366,98.11,47.07,0.964,160.44
2026-07-01,20221012A,280.801417,70.524175,host,True,True,True,True,True,True,True,2026-07-01 21:47:47,2026-07-02 04:43:19,2026-07-01 22:22:47,2026-07-02 04:02:47,1.341,93.6,48.21,0.961,-179.5
2026-07-01,20181112A,327.348458,-52.970944,signal,False,False,True,True,True,False,False,2026-07-01 21:47:47,2026-07-02 04:43:19,,,,,,0.961,
2026-07-01,20190611B,320.742887,-79.397286,host,False,False,True,True,True,False,False,2026-07-01 21:47:47,2026-07-02 04:43:19,,,,,,0.961,
2026-07-01,20190711A,329.419,-80.358,host,False,False,True,True,True,False,False,2026-07-01 21:47:47,2026-07-02 04:43:19,,,,,,0.961,
2026-07-01,20191228A,344.430542,-29.594111,signal,True,False,True,True,True,False,False,2026-07-01 21:47:47,2026-07-02 04:43:19,,,,,,0.961,
2026-07-01,20200430A,229.706377,12.376607,host,True,True,True,True,True,True,True,2026-07-01 21:47:47,2026-07-02 04:43:19,2026-07-01 22:22:47,2026-07-02 01:02:47,1.163,61.08,59.3,0.964,53.66
2026-07-01,20200627A,326.695833,-39.484722,signal,False,False,False,True,True,False,False,2026-07-01 21:47:47,2026-07-02 04:43:19,,,,,,0.961,
2026-07-01,20210117A,339.979208,-16.151444,signal,True,True,True,True,True,True,True,2026-07-01 21:47:47,2026-07-02 04:43:19,2026-07-02 04:02:47,2026-07-02 04:42:47,1.448,55.88,43.68,0.956,-14.5
2026-07-01,20210214G,6.93,-5.832222,signal,True,True,True,True,True,False,False,2026-07-01 21:47:47,2026-07-02 04:43:19,,,,,,0.961,
2026-07-01,20210407E,78.650958,27.05825,signal,True,False,True,True,True,False,False,2026-07-01 21:47:47,2026-07-02 04:43:19,,,,,,0.961,
2026-07-01,20210809C,271.157083,1.328889,signal,True,True,True,True,True,True,True,2026-07-01 21:47:47,2026-07-02 04:43:19,2026-07-01 21:52:47,2026-07-02 03:22:47,1.127,26.07,62.57,0.962,0.93
2026-07-01,20210912A,350.7935,-30.405583,signal,True,False,True,True,True,False,False,2026-07-01 21:47:47,2026-07-02 04:43:19,,,,,,0.961,
2026-07-01,20220105A,208.803803,22.466479,host,True,True,True,True,True,True,True,2026-07-01 21:47:47,2026-07-02 04:43:19,2026-07-01 21:47:47,2026-07-01 23:57:47,1.195,83.27,56.84,0.965,71.42
2026-07-01,20220501C,352.379167,-32.490722,signal,True,False,True,True,True,False,False,2026-07-01 21:47:47,2026-07-02 04:43:19,,,,,,0.961,
2026-07-01,20220531A,294.709167,-60.296667,signal,False,False,True,True,True,False,False,2026-07-01 21:47:47,2026-07-02 04:43:19,,,,,,0.961,
2026-07-01,20220610A,351.073,-33.514,host,True,False,True,True,True,False,False,2026-07-01 21:47:47,2026-07-02 04:43:19,,,,,,0.961,
2026-07-01,20220725A,353.315342,-35.990268,host,True,False,True,True,True,False,False,2026-07-01 21:47:47,2026-07-02 04:43:19,,,,,,0.961,
2026-07-01,20220918A,17.592125,-70.811389,signal,False,False,True,True,True,False,False,2026-07-01 21:47:47,2026-07-02 04:43:19,,,,,,0.961,
2026-07-01,20221106A,56.704551,-25.569831,host,True,False,True,True,True,False,False,2026-07-01 21:47:47,2026-07-02 04:43:19,,,,,,0.961,
2026-07-01,20230521A,327.75125,-2.386111,signal,True,True,True,True,True,False,False,2026-07-01 21:47:47,2026-07-02 04:43:19,,,,,,0.961,
2026-07-01,20230526A,22.232615,-52.717373,host,False,False,True,True,True,False,False,2026-07-01 21:47:47,2026-07-02 04:43:19,,,,,,0.961,
2026-07-01,20230708A,303.115511,-55.356262,host,False,False,True,True,True,False,False,2026-07-01 21:47:47,2026-07-02 04:43:19,,,,,,0.961,
2026-07-01,20230718A,128.161917,-40.451944,signal,False,False,True,True,True,False,False,2026-07-01 21:47:47,2026-07-02 04:43:19,,,,,,0.961,
2026-07-01,20230731A,174.601458,-56.799056,signal,False,False,True,True,True,False,False,2026-07-01 21:47:47,2026-07-02 04:43:19,,,,,,0.961,
2026-07-01,20230902A,52.139961,-47.333434,host,False,False,True,True,True,False,False,2026-07-01 21:47:47,2026-07-02 04:43:19,,,,,,0.961,
2026-07-01,20231006A,296.003333,-64.648889,signal,False,False,True,True,True,False,False,2026-07-01 21:47:47,2026-07-02 04:43:19,,,,,,0.961,
2026-07-01,20231226A,155.363856,6.109704,host,True,False,True,True,True,False,False,2026-07-01 21:47:47,2026-07-02 04:43:19,,,,,,0.961,
2026-07-01,20240201A,149.906029,14.088739,host,True,False,True,True,True,False,False,2026-07-01 21:47:47,2026-07-02 04:43:19,,,,,,0.961,
2026-07-01,20240208A,159.229001,-0.953397,host,True,False,True,True,True,False,False,2026-07-01 21:47:47,2026-07-02 04:43:19,,,,,,0.961,
2026-07-01,20240210A,8.77693,-28.271997,host,True,False,True,True,True,False,False,2026-07-01 21:47:47,2026-07-02 04:43:19,,,,,,0.961,
2026-07-01,20240304A,136.330524,-16.166242,host,True,False,True,True,True,False,False,2026-07-01 21:47:47,2026-07-02 04:43:19,,,,,,0.961,
2026-07-01,20240310A,17.621847,-44.439331,host,False,False,True,True,True,False,False,2026-07-01 21:47:47,2026-07-02 04:43:19,,,,,,0.961,
2026-07-01,20240318A,150.393564,37.616432,host,True,False,True,True,True,False,False,2026-07-01 21:47:47,2026-07-02 04:43:19,,,,,,0.961,
2026-07-01,20240304B,182.997,11.813,host,True,True,True,True,True,False,False,2026-07-01 21:47:47,2026-07-02 04:43:19,,,,,,0.961,
2026-07-01,20230521B,351.036,71.138,host,True,True,True,True,True,True,True,2026-07-01 21:47:47,2026-07-02 04:43:19,2026-07-02 03:12:47,2026-07-02 04:42:47,1.428,105.7,44.47,0.957,-142.99
2026-07-01,20240104A,348.874,72.821,host,True,True,True,True,True,True,True,2026-07-01 21:47:47,2026-07-02 04:43:19,2026-07-02 03:22:47,2026-07-02 04:42:47,1.448,105.86,43.69,0.957,-148.01
2026-07-01,20221029A,141.966,72.452,host,True,False,True,True,True,False,False,2026-07-01 21:47:47,2026-07-02 04:43:19,,,,,,0.961,
2026-07-01,20240123A,68.263,71.945,host,True,False,True,True,True,False,False,2026-07-01 21:47:47,2026-07-02 04:43:19,,,,,,0.961,
2026-07-01,20220222C,203.904,-28.027,host,True,False,True,True,True,False,False,2026-07-01 21:47:47,2026-07-02 04:43:19,,,,,,0.961,
2026-07-01,20190523A,207.064,72.471,host,True,True,True,True,True,True,True,2026-07-01 21:47:47,2026-07-02 04:43:19,2026-07-01 21:47:47,2026-07-01 22:52:47,1.455,107.15,43.42,0.965,142.0
2026-07-01,20250518,207.992,71.282,host,True,True,True,True,True,True,True,2026-07-01 21:47:47,2026-07-02 04:43:19,2026-07-01 21:47:47,2026-07-01 23:07:47,1.432,106.41,44.29,0.965,140.91
2026-07-01,20220224C,166.678,-22.94,host,True,False,True,True,True,False,False,2026-07-01 21:47:47,2026-07-02 04:43:19,,,,,,0.961,
2026-07-01,20220418A,219.106,70.095,host,True,True,True,True,True,True,True,2026-07-01 21:47:47,2026-07-02 04:43:19,2026-07-01 21:47:47,2026-07-02 00:02:47,1.392,102.63,45.93,0.965,144.53
2026-07-01,20190614D,65.076,73.707,host,True,False,True,True,True,False,False,2026-07-01 21:47:47,2026-07-02 04:43:19,,,,,,0.961,
2026-07-01,20221219A,257.63,71.627,host,True,True,True,True,True,True,True,2026-07-01 21:47:47,2026-07-02 04:43:19,2026-07-01 21:47:47,2026-07-02 02:22:47,1.367,96.03,47.01,0.963,171.64
2026-07-01,20230814B,335.976,73.026,host,True,True,True,True,True,True,True,2026-07-01 21:47:47,2026-07-02 04:43:19,2026-07-02 02:32:47,2026-07-02 04:42:47,1.428,102.81,44.44,0.957,-156.12
2026-07-01,20231020B,57.278,-37.77,host,False,False,True,True,True,False,False,2026-07-01 21:47:47,2026-07-02 04:43:19,,,,,,0.961,
2026-07-01,20230907D,187.142,8.658,host,True,True,True,True,True,False,False,2026-07-01 21:47:47,2026-07-02 04:43:19,,,,,,0.961,
2026-07-01,20230712A,167.36,72.558,host,True,False,True,True,True,False,False,2026-07-01 21:47:47,2026-07-02 04:43:19,,,,,,0.961,
2026-07-01,20220204A,274.228,69.722,host,True,True,True,True,True,True,True,2026-07-01 21:47:47,2026-07-02 04:43:19,2026-07-01 21:52:47,2026-07-02 03:42:47,1.324,92.91,49.03,0.962,-179.9
2026-07-01,20230613A,356.853,-27.053,host,True,False,True,True,True,False,False,2026-07-01 21:47:47,2026-07-02 04:43:19,,,,,,0.961,
2026-07-01,20240119A,224.467,71.612,host,True,True,True,True,True,True,True,2026-07-01 21:47:47,2026-07-02 04:43:19,2026-07-01 21:47:47,2026-07-02 00:07:47,1.401,102.12,45.56,0.965,151.94
2026-07-01,20220717A,293.304,-19.288,host,True,True,False,True,True,False,False,2026-07-01 21:47:47,2026-07-02 04:43:19,,,,,,0.961,
2026-07-01,20220726A,73.946,69.93,host,True,False,True,True,True,False,False,2026-07-01 21:47:47,2026-07-02 04:43:19,,,,,,0.961,
2026-07-01,20231220A,123.909,73.66,host,True,False,True,True,True,False,False,2026-07-01 21:47:47,2026-07-02 04:43:19,,,,,,0.961,
2026-07-01,20180301A,93.227,4.671,host,True,False,True,True,True,False,False,2026-07-01 21:47:47,2026-07-02 04:43:19,,,,,,0.961,
2026-07-01,20230626A,235.63,71.134,host,True,True,True,True,True,True,True,2026-07-01 21:47:47,2026-07-02 04:43:19,2026-07-01 21:47:47,2026-07-02 00:57:47,1.376,99.22,46.63,0.964,157.84
2026-07-01,20230125D,150.205,-31.545,host,True,False,True,True,True,False,False,2026-07-01 21:47:47,2026-07-02 04:43:19,,,,,,0.961,
2026-07-01,20230913,305.037,70.793,host,True,True,True,True,True,True,True,2026-07-01 21:47:47,2026-07-02 04:43:19,2026-07-02 00:02:47,2026-07-02 04:42:47,1.352,95.42,47.7,0.959,-170.76
2026-07-01,20230501A,340.027,70.922,host,True,True,True,True,True,True,True,2026-07-01 21:47:47,2026-07-02 04:43:19,2026-07-02 02:27:47,2026-07-02 04:42:47,1.396,102.53,45.74,0.957,-150.18
2026-07-01,20220506D,318.045,72.827,host,True,True,True,True,True,True,True,2026-07-01 21:47:47,2026-07-02 04:43:19,2026-07-02 01:17:47,2026-07-02 04:42:47,1.402,99.12,45.5,0.958,-167.37
2026-07-01,20240229A,169.984,70.676,host,True,False,True,True,True,False,False,2026-07-01 21:47:47,2026-07-02 04:43:19,,,,,,0.961,
2026-07-01,20221116A,21.211,72.654,host,True,False,True,True,True,False,False,2026-07-01 21:47:47,2026-07-02 04:43:19,,,,,,0.961,
2026-07-01,20230307A,177.782,71.695,host,True,False,True,True,True,False,False,2026-07-01 21:47:47,2026-07-02 04:43:19,,,,,,0.961,
2026-07-01,20231123B,242.538,70.785,host,True,True,True,True,True,True,True,2026-07-01 21:47:47,2026-07-02 04:43:19,2026-07-01 21:47:47,2026-07-02 01:27:47,1.361,97.56,47.3,0.964,161.71
2026-07-01,20221113A,71.411,70.307,host,True,False,True,True,True,False,False,2026-07-01 21:47:47,2026-07-02 04:43:19,,,,,,0.961,
2026-07-01,20221101B,342.216,70.682,host,True,True,True,True,True,True,True,2026-07-01 21:47:47,2026-07-02 04:43:19,2026-07-02 02:32:47,2026-07-02 04:42:47,1.4,102.98,45.56,0.957,-147.35
2026-07-01,20240215A,268.441,70.232,host,True,True,True,True,True,True,True,2026-07-01 21:47:47,2026-07-02 04:43:19,2026-07-01 21:47:47,2026-07-02 03:17:47,1.335,93.71,48.52,0.962,177.42
2026-07-01,20121102A,82.994542,33.147897,host,True,False,True,True,True,False,False,2026-07-01 21:47:47,2026-07-02 04:43:19,,,,,,0.961,
2026-07-01,20230628A,166.787,72.282,host,True,False,True,True,True,False,False,2026-07-01 21:47:47,2026-07-02 04:43:19,,,,,,0.961,
2026-07-01,20240213A,166.168,74.075,host,True,False,True,True,True,False,False,2026-07-01 21:47:47,2026-07-02 04:43:19,,,,,,0.961,
2026-07-01,20201124A,77.015,26.061,host,True,False,True,True,True,False,False,2026-07-01 21:47:47,2026-07-02 04:43:19,,,,,,0.961,
2026-07-01,20230124A,231.917,70.968,host,True,True,True,True,True,True,True,2026-07-01 21:47:47,2026-07-02 04:43:19,2026-07-01 21:47:47,2026-07-02 00:47:47,1.379,99.92,46.47,0.964,154.67
2026-07-01,20230930A,10.507,41.417,host,True,True,True,True,True,True,True,2026-07-01 21:47:47,2026-07-02 04:43:19,2026-07-02 03:22:47,2026-07-02 04:42:47,1.317,104.87,49.42,0.957,-92.77
2026-07-01,20240203,312.621,73.9,host,True,True,True,True,True,True,True,2026-07-01 21:47:47,2026-07-02 04:43:19,2026-07-02 01:12:47,2026-07-02 04:42:47,1.423,99.21,44.66,0.959,-172.73
2026-07-01,20231120A,143.985,73.285,host,True,False,True,True,True,False,False,2026-07-01 21:47:47,2026-07-02 04:43:19,,,,,,0.961,
2026-07-01,20201123A,263.66,-50.764,host,False,False,True,True,True,False,False,2026-07-01 21:47:47,2026-07-02 04:43:19,,,,,,0.961,
2026-07-02,20171020A,333.8531,-19.5853,host,True,False,False,True,True,False,False,2026-07-02 21:47:40,2026-07-03 04:43:50,,,,,,0.916,
2026-07-02,20180924B,326.105236,-40.900253,host,False,False,False,True,True,False,False,2026-07-02 21:47:40,2026-07-03 04:43:50,,,,,,0.916,
2026-07-02,20190102C,322.415209,-79.475758,host,False,False,True,True,True,False,False,2026-07-02 21:47:40,2026-07-03 04:43:50,,,,,,0.916,
2026-07-02,20190608B,334.020406,-7.898868,host,True,True,False,True,True,False,False,2026-07-02 21:47:40,2026-07-03 04:43:50,,,,,,0.916,
2026-07-02,20190714A,183.979525,-13.021079,host,True,False,True,True,True,False,False,2026-07-02 21:47:40,2026-07-03 04:43:50,,,,,,0.916,
2026-07-02,20191001A,323.352187,-54.747748,host,False,False,True,True,True,False,False,2026-07-02 21:47:40,2026-07-03 04:43:50,,,,,,0.916,
2026-07-02,20200906A,53.496,-14.083,host,True,False,True,True,True,False,False,2026-07-02 21:47:40,2026-07-03 04:43:50,,,,,,0.916,
2026-07-02,20210320C,204.458854,-16.122552,host,True,False,True,True,True,False,False,2026-07-02 21:47:40,2026-07-03 04:43:50,,,,,,0.916,
2026-07-02,20210410D,326.086,-79.318,host,False,False,True,True,True,False,False,2026-07-02 21:47:40,2026-07-03 04:43:50,,,,,,0.916,
2026-07-02,20210807D,299.2214,-0.7624,host,True,True,False,True,True,False,False,2026-07-02 21:47:40,2026-07-03 04:43:50,,,,,,0.916,
2026-07-02,20211127I,199.808,-18.838,host,True,False,True,True,True,False,False,2026-07-02 21:47:40,2026-07-03 04:43:50,,,,,,0.916,
2026-07-02,20211203C,204.56526,-31.379107,host,True,False,True,True,True,False,False,2026-07-02 21:47:40,2026-07-03 04:43:50,,,,,,0.916,
2026-07-02,20211212A,157.351,1.361,host,True,False,True,True,True,False,False,2026-07-02 21:47:40,2026-07-03 04:43:50,,,,,,0.916,
2026-07-02,20220207C,310.197679,72.882658,host,True,True,True,True,True,True,True,2026-07-02 21:47:40,2026-07-03 04:43:50,2026-07-03 00:42:40,2026-07-03 04:42:40,1.398,97.77,45.66,0.912,-172.12
2026-07-02,20220307B,350.875,72.192,host,True,True,True,True,True,True,True,2026-07-02 21:47:40,2026-07-03 04:43:50,2026-07-03 03:17:40,2026-07-03 04:42:40,1.439,105.75,44.04,0.909,-146.43
2026-07-02,20220310F,134.721,73.491,host,True,False,True,True,True,False,False,2026-07-02 21:47:40,2026-07-03 04:43:50,,,,,,0.916,
2026-07-02,20220319D,32.177917,71.03525,host,True,False,True,True,True,False,False,2026-07-02 21:47:40,2026-07-03 04:43:50,,,,,,0.916,
2026-07-02,20220509G,282.674806,70.242726,host,True,True,True,True,True,True,True,2026-07-02 21:47:40,2026-07-03 04:43:50,2026-07-02 22:27:40,2026-07-03 04:07:40,1.335,93.25,48.49,0.915,-179.94
2026-07-02,20220825A,311.982,72.585,host,True,True,True,True,True,True,True,2026-07-02 21:47:40,2026-07-03 04:43:50,2026-07-03 00:47:40,2026-07-03 04:42:40,1.392,97.75,45.93,0.912,-171.41
2026-07-02,20220912A,347.270174,48.706618,host,True,True,True,True,True,True,True,2026-07-02 21:47:40,2026-07-03 04:43:50,2026-07-03 01:47:40,2026-07-03 04:42:40,1.197,92.4,56.68,0.911,-114.34
2026-07-02,20220914A,282.058507,73.336282,host,True,True,True,True,True,True,True,2026-07-02 21:47:40,2026-07-03 04:43:50,2026-07-02 22:57:40,2026-07-03 03:32:40,1.405,96.34,45.39,0.915,179.29
2026-07-02,20220920A,240.256794,70.918007,host,True,True,True,True,True,True,True,2026-07-02 21:47:40,2026-07-03 04:43:50,2026-07-02 21:47:40,2026-07-03 01:17:40,1.368,98.24,46.96,0.919,159.23
2026-07-02,20221012A,280.801417,70.524175,host,True,True,True,True,True,True,True,2026-07-02 21:47:40,2026-07-03 04:43:50,2026-07-02 22:22:40,2026-07-03 03:57:40,1.341,93.53,48.21,0.916,179.25
2026-07-02,20181112A,327.348458,-52.970944,signal,False,False,True,True,True,False,False,2026-07-02 21:47:40,2026-07-03 04:43:50,,,,,,0.916,
2026-07-02,20190611B,320.742887,-79.397286,host,False,False,True,True,True,False,False,2026-07-02 21:47:40,2026-07-03 04:43:50,,,,,,0.916,
2026-07-02,20190711A,329.419,-80.358,host,False,False,True,True,True,False,False,2026-07-02 21:47:40,2026-07-03 04:43:50,,,,,,0.916,
2026-07-02,20191228A,344.430542,-29.594111,signal,True,False,False,True,True,False,False,2026-07-02 21:47:40,2026-07-03 04:43:50,,,,,,0.916,
2026-07-02,20200430A,229.706377,12.376607,host,True,True,True,True,True,True,True,2026-07-02 21:47:40,2026-07-03 04:43:50,2026-07-02 22:22:40,2026-07-03 00:57:40,1.172,61.89,58.55,0.919,54.36
2026-07-02,20200627A,326.695833,-39.484722,signal,False,False,False,True,True,False,False,2026-07-02 21:47:40,2026-07-03 04:43:50,,,,,,0.916,
2026-07-02,20210117A,339.979208,-16.151444,signal,True,True,False,True,True,False,False,2026-07-02 21:47:40,2026-07-03 04:43:50,,,,,,0.916,
2026-07-02,20210214G,6.93,-5.832222,signal,True,True,True,True,True,False,False,2026-07-02 21:47:40,2026-07-03 04:43:50,,,,,,0.916,
2026-07-02,20210407E,78.650958,27.05825,signal,True,False,True,True,True,False,False,2026-07-02 21:47:40,2026-07-03 04:43:50,,,,,,0.916,
2026-07-02,20210809C,271.157083,1.328889,signal,True,True,True,True,True,True,True,2026-07-02 21:47:40,2026-07-03 04:43:50,2026-07-02 21:47:40,2026-07-03 03:17:40,1.127,26.38,62.57,0.917,0.36
2026-07-02,20210912A,350.7935,-30.405583,signal,True,False,True,True,True,False,False,2026-07-02 21:47:40,2026-07-03 04:43:50,,,,,,0.916,
2026-07-02,20220105A,208.803803,22.466479,host,True,True,True,True,True,True,True,2026-07-02 21:47:40,2026-07-03 04:43:50,2026-07-02 21:47:40,2026-07-02 23:52:40,1.206,84.1,56.01,0.921,71.47
2026-07-02,20220501C,352.379167,-32.490722,signal,True,False,True,True,True,False,False,2026-07-02 21:47:40,2026-07-03 04:43:50,,,,,,0.916,
2026-07-02,20220531A,294.709167,-60.296667,signal,False,False,True,True,True,False,False,2026-07-02 21:47:40,2026-07-03 04:43:50,,,,,,0.916,
2026-07-02,20220610A,351.073,-33.514,host,True,False,True,True,True,False,False,2026-07-02 21:47:40,2026-07-03 04:43:50,,,,,,0.916,
2026-07-02,20220725A,353.315342,-35.990268,host,True,False,True,True,True,False,False,2026-07-02 21:47:40,2026-07-03 04:43:50,,,,,,0.916,
2026-07-02,20220918A,17.592125,-70.811389,signal,False,False,True,True,True,False,False,2026-07-02 21:47:40,2026-07-03 04:43:50,,,,,,0.916,
2026-07-02,20221106A,56.704551,-25.569831,host,True,False,True,True,True,False,False,2026-07-02 21:47:40,2026-07-03 04:43:50,,,,,,0.916,
2026-07-02,20230521A,327.75125,-2.386111,signal,True,True,False,True,True,False,False,2026-07-02 21:47:40,2026-07-03 04:43:50,,,,,,0.916,
2026-07-02,20230526A,22.232615,-52.717373,host,False,False,True,True,True,False,False,2026-07-02 21:47:40,2026-07-03 04:43:50,,,,,,0.916,
2026-07-02,20230708A,303.115511,-55.356262,host,False,False,True,True,True,False,False,2026-07-02 21:47:40,2026-07-03 04:43:50,,,,,,0.916,
2026-07-02,20230718A,128.161917,-40.451944,signal,False,False,True,True,True,False,False,2026-07-02 21:47:40,2026-07-03 04:43:50,,,,,,0.916,
2026-07-02,20230731A,174.601458,-56.799056,signal,False,False,True,True,True,False,False,2026-07-02 21:47:40,2026-07-03 04:43:50,,,,,,0.916,
2026-07-02,20230902A,52.139961,-47.333434,host,False,False,True,True,True,False,False,2026-07-02 21:47:40,2026-07-03 04:43:50,,,,,,0.916,
2026-07-02,20231006A,296.003333,-64.648889,signal,False,False,True,True,True,False,False,2026-07-02 21:47:40,2026-07-03 04:43:50,,,,,,0.916,
2026-07-02,20231226A,155.363856,6.109704,host,True,False,True,True,True,False,False,2026-07-02 21:47:40,2026-07-03 04:43:50,,,,,,0.916,
2026-07-02,20240201A,149.906029,14.088739,host,True,False,True,True,True,False,False,2026-07-02 21:47:40,2026-07-03 04:43:50,,,,,,0.916,
2026-07-02,20240208A,159.229001,-0.953397,host,True,False,True,True,True,False,False,2026-07-02 21:47:40,2026-07-03 04:43:50,,,,,,0.916,
2026-07-02,20240210A,8.77693,-28.271997,host,True,False,True,True,True,False,False,2026-07-02 21:47:40,2026-07-03 04:43:50,,,,,,0.916,
2026-07-02,20240304A,136.330524,-16.166242,host,True,False,True,True,True,False,False,2026-07-02 21:47:40,2026-07-03 04:43:50,,,,,,0.916,
2026-07-02,20240310A,17.621847,-44.439331,host,False,False,True,True,True,False,False,2026-07-02 21:47:40,2026-07-03 04:43:50,,,,,,0.916,
2026-07-02,20240318A,150.393564,37.616432,host,True,False,True,True,True,False,False,2026-07-02 21:47:40,2026-07-03 04:43:50,,,,,,0.916,
2026-07-02,20240304B,182.997,11.813,host,True,True,True,True,True,False,False,2026-07-02 21:47:40,2026-07-03 04:43:50,,,,,,0.916,
2026-07-02,20230521B,351.036,71.138,host,True,True,True,True,True,True,True,2026-07-02 21:47:40,2026-07-03 04:43:50,2026-07-03 03:07:40,2026-07-03 04:42:40,1.423,105.32,44.65,0.909,-144.14
2026-07-02,20240104A,348.874,72.821,host,True,True,True,True,True,True,True,2026-07-02 21:47:40,2026-07-03 04:43:50,2026-07-03 03:17:40,2026-07-03 04:42:40,1.444,105.51,43.83,0.909,-149.15
2026-07-02,20221029A,141.966,72.452,host,True,False,True,True,True,False,False,2026-07-02 21:47:40,2026-07-03 04:43:50,,,,,,0.916,
2026-07-02,20240123A,68.263,71.945,host,True,False,True,True,True,False,False,2026-07-02 21:47:40,2026-07-03 04:43:50,,,,,,0.916,
2026-07-02,20220222C,203.904,-28.027,host,True,False,True,True,True,False,False,2026-07-02 21:47:40,2026-07-03 04:43:50,,,,,,0.916,
2026-07-02,20190523A,207.064,72.471,host,True,True,True,True,True,True,True,2026-07-02 21:47:40,2026-07-03 04:43:50,2026-07-02 21:47:40,2026-07-02 22:47:40,1.453,107.37,43.47,0.922,142.36
2026-07-02,20250518,207.992,71.282,host,True,True,True,True,True,True,True,2026-07-02 21:47:40,2026-07-03 04:43:50,2026-07-02 21:47:40,2026-07-02 23:02:40,1.437,106.65,44.09,0.922,139.78
2026-07-02,20220224C,166.678,-22.94,host,True,False,True,True,True,False,False,2026-07-02 21:47:40,2026-07-03 04:43:50,,,,,,0.916,
2026-07-02,20220418A,219.106,70.095,host,True,True,True,True,True,True,True,2026-07-02 21:47:40,2026-07-03 04:43:50,2026-07-02 21:47:40,2026-07-02 23:57:40,1.39,102.86,45.99,0.921,144.9
2026-07-02,20190614D,65.076,73.707,host,True,False,True,True,True,False,False,2026-07-02 21:47:40,2026-07-03 04:43:50,,,,,,0.916,
2026-07-02,20221219A,257.63,71.627,host,True,True,True,True,True,True,True,2026-07-02 21:47:40,2026-07-03 04:43:50,2026-07-02 21:47:40,2026-07-03 02:17:40,1.367,96.07,47.02,0.918,172.03
2026-07-02,20230814B,335.976,73.026,host,True,True,True,True,True,True,True,2026-07-02 21:47:40,2026-07-03 04:43:50,2026-07-03 02:32:40,2026-07-03 04:42:40,1.426,102.5,44.55,0.91,-157.28
2026-07-02,20231020B,57.278,-37.77,host,False,False,True,True,True,False,False,2026-07-02 21:47:40,2026-07-03 04:43:50,,,,,,0.916,
2026-07-02,20230907D,187.142,8.658,host,True,True,True,True,True,False,False,2026-07-02 21:47:40,2026-07-03 04:43:50,,,,,,0.916,
2026-07-02,20230712A,167.36,72.558,host,True,False,True,True,True,False,False,2026-07-02 21:47:40,2026-07-03 04:43:50,,,,,,0.916,
2026-07-02,20220204A,274.228,69.722,host,True,True,True,True,True,True,True,2026-07-02 21:47:40,2026-07-03 04:43:50,2026-07-02 21:47:40,2026-07-03 03:42:40,1.325,92.88,49.02,0.917,178.83
2026-07-02,20230613A,356.853,-27.053,host,True,False,True,True,True,False,False,2026-07-02 21:47:40,2026-07-03 04:43:50,,,,,,0.916,
2026-07-02,20240119A,224.467,71.612,host,True,True,True,True,True,True,True,2026-07-02 21:47:40,2026-07-03 04:43:50,2026-07-02 21:47:40,2026-07-03 00:07:40,1.404,102.31,45.41,0.921,150.76
2026-07-02,20220717A,293.304,-19.288,host,True,True,False,True,True,False,False,2026-07-02 21:47:40,2026-07-03 04:43:50,,,,,,0.916,
2026-07-02,20220726A,73.946,69.93,host,True,False,True,True,True,False,False,2026-07-02 21:47:40,2026-07-03 04:43:50,,,,,,0.916,
2026-07-02,20231220A,123.909,73.66,host,True,False,True,True,True,False,False,2026-07-02 21:47:40,2026-07-03 04:43:50,,,,,,0.916,
2026-07-02,20180301A,93.227,4.671,host,True,False,True,True,True,False,False,2026-07-02 21:47:40,2026-07-03 04:43:50,,,,,,0.916,
2026-07-02,20230626A,235.63,71.134,host,True,True,True,True,True,True,True,2026-07-02 21:47:40,2026-07-03 04:43:50,2026-07-02 21:47:40,2026-07-03 00:52:40,1.378,99.37,46.51,0.92,156.63
2026-07-02,20230125D,150.205,-31.545,host,True,False,True,True,True,False,False,2026-07-02 21:47:40,2026-07-03 04:43:50,,,,,,0.916,
2026-07-02,20230913,305.037,70.793,host,True,True,True,True,True,True,True,2026-07-02 21:47:40,2026-07-03 04:43:50,2026-07-03 00:02:40,2026-07-03 04:42:40,1.351,95.21,47.74,0.913,-172.0
2026-07-02,20230501A,340.027,70.922,host,True,True,True,True,True,True,True,2026-07-02 21:47:40,2026-07-03 04:43:50,2026-07-03 02:22:40,2026-07-03 04:42:40,1.398,102.18,45.69,0.91,-149.81
2026-07-02,20220506D,318.045,72.827,host,True,True,True,True,True,True,True,2026-07-02 21:47:40,2026-07-03 04:43:50,2026-07-03 01:17:40,2026-07-03 04:42:40,1.401,98.87,45.56,0.911,-168.56
2026-07-02,20240229A,169.984,70.676,host,True,False,True,True,True,False,False,2026-07-02 21:47:40,2026-07-03 04:43:50,,,,,,0.916,
2026-07-02,20221116A,21.211,72.654,host,True,False,True,True,True,False,False,2026-07-02 21:47:40,2026-07-03 04:43:50,,,,,,0.916,
2026-07-02,20230307A,177.782,71.695,host,True,False,True,True,True,False,False,2026-07-02 21:47:40,2026-07-03 04:43:50,,,,,,0.916,
2026-07-02,20231123B,242.538,70.785,host,True,True,True,True,True,True,True,2026-07-02 21:47:40,2026-07-03 04:43:50,2026-07-02 21:47:40,2026-07-03 01:27:40,1.363,97.69,47.2,0.919,160.49
2026-07-02,20221113A,71.411,70.307,host,True,False,True,True,True,False,False,2026-07-02 21:47:40,2026-07-03 04:43:50,,,,,,0.916,
2026-07-02,20221101B,342.216,70.682,host,True,True,True,True,True,True,True,2026-07-02 21:47:40,2026-07-03 04:43:50,2026-07-03 02:27:40,2026-07-03 04:42:40,1.397,102.62,45.73,0.91,-148.53
2026-07-02,20240215A,268.441,70.232,host,True,True,True,True,True,True,True,2026-07-02 21:47:40,2026-07-03 04:43:50,2026-07-02 21:47:40,2026-07-03 03:12:40,1.335,93.71,48.5,0.917,176.16
2026-07-02,20121102A,82.994542,33.147897,host,True,False,True,True,True,False,False,2026-07-02 21:47:40,2026-07-03 04:43:50,,,,,,0.916,
2026-07-02,20230628A,166.787,72.282,host,True,False,True,True,True,False,False,2026-07-02 21:47:40,2026-07-03 04:43:50,,,,,,0.916,
2026-07-02,20240213A,166.168,74.075,host,True,False,True,True,True,False,False,2026-07-02 21:47:40,2026-07-03 04:43:50,,,,,,0.916,
2026-07-02,20201124A,77.015,26.061,host,True,False,True,True,True,False,False,2026-07-02 21:47:40,2026-07-03 04:43:50,,,,,,0.916,
2026-07-02,20230124A,231.917,70.968,host,True,True,True,True,True,True,True,2026-07-02 21:47:40,2026-07-03 04:43:50,2026-07-02 21:47:40,2026-07-03 00:42:40,1.382,100.09,46.33,0.92,153.47
2026-07-02,20230930A,10.507,41.417,host,True,True,True,True,True,True,True,2026-07-02 21:47:40,2026-07-03 04:43:50,2026-07-03 03:22:40,2026-07-03 04:42:40,1.303,104.07,50.13,0.909,-93.44
2026-07-02,20240203,312.621,73.9,host,True,True,True,True,True,True,True,2026-07-02 21:47:40,2026-07-03 04:43:50,2026-07-03 01:12:40,2026-07-03 04:42:40,1.422,98.99,44.69,0.912,-173.91
2026-07-02,20231120A,143.985,73.285,host,True,False,True,True,True,False,False,2026-07-02 21:47:40,2026-07-03 04:43:50,,,,,,0.916,
2026-07-02,20201123A,263.66,-50.764,host,False,False,True,True,True,False,False,2026-07-02 21:47:40,2026-07-03 04:43:50,,,,,,0.916,
2026-07-03,20171020A,333.8531,-19.5853,host,True,False,False,True,True,False,False,2026-07-03 21:47:30,2026-07-04 04:44:22,,,,,,0.853,
2026-07-03,20180924B,326.105236,-40.900253,host,False,False,False,True,True,False,False,2026-07-03 21:47:30,2026-07-04 04:44:22,,,,,,0.853,
2026-07-03,20190102C,322.415209,-79.475758,host,False,False,True,True,True,False,False,2026-07-03 21:47:30,2026-07-04 04:44:22,,,,,,0.853,
2026-07-03,20190608B,334.020406,-7.898868,host,True,True,False,True,True,False,False,2026-07-03 21:47:30,2026-07-04 04:44:22,,,,,,0.853,
2026-07-03,20190714A,183.979525,-13.021079,host,True,False,True,True,True,False,False,2026-07-03 21:47:30,2026-07-04 04:44:22,,,,,,0.853,
2026-07-03,20191001A,323.352187,-54.747748,host,False,False,True,True,True,False,False,2026-07-03 21:47:30,2026-07-04 04:44:22,,,,,,0.853,
2026-07-03,20200906A,53.496,-14.083,host,True,False,True,True,True,False,False,2026-07-03 21:47:30,2026-07-04 04:44:22,,,,,,0.853,
2026-07-03,20210320C,204.458854,-16.122552,host,True,False,True,True,True,False,False,2026-07-03 21:47:30,2026-07-04 04:44:22,,,,,,0.853,
2026-07-03,20210410D,326.086,-79.318,host,False,False,True,True,True,False,False,2026-07-03 21:47:30,2026-07-04 04:44:22,,,,,,0.853,
2026-07-03,20210807D,299.2214,-0.7624,host,True,True,True,True,True,True,True,2026-07-03 21:47:30,2026-07-04 04:44:22,2026-07-03 23:42:30,2026-07-04 04:42:30,1.149,27.33,60.47,0.85,-3.3
2026-07-03,20211127I,199.808,-18.838,host,True,False,True,True,True,False,False,2026-07-03 21:47:30,2026-07-04 04:44:22,,,,,,0.853,
2026-07-03,20211203C,204.56526,-31.379107,host,True,False,True,True,True,False,False,2026-07-03 21:47:30,2026-07-04 04:44:22,,,,,,0.853,
2026-07-03,20211212A,157.351,1.361,host,True,False,True,True,True,False,False,2026-07-03 21:47:30,2026-07-04 04:44:22,,,,,,0.853,
2026-07-03,20220207C,310.197679,72.882658,host,True,True,True,True,True,True,True,2026-07-03 21:47:30,2026-07-04 04:44:22,2026-07-04 00:42:30,2026-07-04 04:42:30,1.397,97.55,45.69,0.849,-173.31
2026-07-03,20220307B,350.875,72.192,host,True,True,True,True,True,True,True,2026-07-03 21:47:30,2026-07-04 04:44:22,2026-07-04 03:17:30,2026-07-04 04:42:30,1.434,105.38,44.2,0.845,-147.57
2026-07-03,20220310F,134.721,73.491,host,True,False,True,True,True,False,False,2026-07-03 21:47:30,2026-07-04 04:44:22,,,,,,0.853,
2026-07-03,20220319D,32.177917,71.03525,host,True,False,True,True,True,False,False,2026-07-03 21:47:30,2026-07-04 04:44:22,,,,,,0.853,
2026-07-03,20220509G,282.674806,70.242726,host,True,True,True,True,True,True,True,2026-07-03 21:47:30,2026-07-04 04:44:22,2026-07-03 22:22:30,2026-07-04 04:07:30,1.336,93.16,48.48,0.853,178.81
2026-07-03,20220825A,311.982,72.585,host,True,True,True,True,True,True,True,2026-07-03 21:47:30,2026-07-04 04:44:22,2026-07-04 00:42:30,2026-07-04 04:42:30,1.392,97.52,45.91,0.849,-171.03
2026-07-03,20220912A,347.270174,48.706618,host,True,True,True,True,True,True,True,2026-07-03 21:47:30,2026-07-04 04:44:22,2026-07-04 01:42:30,2026-07-04 04:42:30,1.199,91.75,56.49,0.847,-113.98
2026-07-03,20220914A,282.058507,73.336282,host,True,True,True,True,True,True,True,2026-07-03 21:47:30,2026-07-04 04:44:22,2026-07-03 22:52:30,2026-07-04 03:27:30,1.405,96.25,45.39,0.853,179.67
2026-07-03,20220920A,240.256794,70.918007,host,True,True,True,True,True,True,True,2026-07-03 21:47:30,2026-07-04 04:44:22,2026-07-03 21:47:30,2026-07-04 01:12:30,1.371,98.38,46.85,0.858,158.02
2026-07-03,20221012A,280.801417,70.524175,host,True,True,True,True,True,True,True,2026-07-03 21:47:30,2026-07-04 04:44:22,2026-07-03 22:17:30,2026-07-04 03:57:30,1.341,93.45,48.21,0.853,179.65
2026-07-03,20181112A,327.348458,-52.970944,signal,False,False,True,True,True,False,False,2026-07-03 21:47:30,2026-07-04 04:44:22,,,,,,0.853,
2026-07-03,20190611B,320.742887,-79.397286,host,False,False,True,True,True,False,False,2026-07-03 21:47:30,2026-07-04 04:44:22,,,,,,0.853,
2026-07-03,20190711A,329.419,-80.358,host,False,False,True,True,True,False,False,2026-07-03 21:47:30,2026-07-04 04:44:22,,,,,,0.853,
2026-07-03,20191228A,344.430542,-29.594111,signal,True,False,False,True,True,False,False,2026-07-03 21:47:30,2026-07-04 04:44:22,,,,,,0.853,
2026-07-03,20200430A,229.706377,12.376607,host,True,True,True,True,True,True,True,2026-07-03 21:47:30,2026-07-04 04:44:22,2026-07-03 22:17:30,2026-07-04 00:57:30,1.169,62.69,58.79,0.858,54.14
2026-07-03,20200627A,326.695833,-39.484722,signal,False,False,False,True,True,False,False,2026-07-03 21:47:30,2026-07-04 04:44:22,,,,,,0.853,
2026-07-03,20210117A,339.979208,-16.151444,signal,True,True,False,True,True,False,False,2026-07-03 21:47:30,2026-07-04 04:44:22,,,,,,0.853,
2026-07-03,20210214G,6.93,-5.832222,signal,True,True,True,True,True,False,False,2026-07-03 21:47:30,2026-07-04 04:44:22,,,,,,0.853,
2026-07-03,20210407E,78.650958,27.05825,signal,True,False,True,True,True,False,False,2026-07-03 21:47:30,2026-07-04 04:44:22,,,,,,0.853,
2026-07-03,20210809C,271.157083,1.328889,signal,True,True,True,True,True,True,True,2026-07-03 21:47:30,2026-07-04 04:44:22,2026-07-03 21:47:30,2026-07-04 03:12:30,1.127,26.72,62.56,0.855,2.16
2026-07-03,20210912A,350.7935,-30.405583,signal,True,False,False,True,True,False,False,2026-07-03 21:47:30,2026-07-04 04:44:22,,,,,,0.853,
2026-07-03,20220105A,208.803803,22.466479,host,True,True,True,True,True,True,True,2026-07-03 21:47:30,2026-07-04 04:44:22,2026-07-03 21:47:30,2026-07-03 23:52:30,1.218,84.92,55.18,0.86,71.51
2026-07-03,20220501C,352.379167,-32.490722,signal,True,False,False,True,True,False,False,2026-07-03 21:47:30,2026-07-04 04:44:22,,,,,,0.853,
2026-07-03,20220531A,294.709167,-60.296667,signal,False,False,True,True,True,False,False,2026-07-03 21:47:30,2026-07-04 04:44:22,,,,,,0.853,
2026-07-03,20220610A,351.073,-33.514,host,True,False,False,True,True,False,False,2026-07-03 21:47:30,2026-07-04 04:44:22,,,,,,0.853,
2026-07-03,20220725A,353.315342,-35.990268,host,True,False,True,True,True,False,False,2026-07-03 21:47:30,2026-07-04 04:44:22,,,,,,0.853,
2026-07-03,20220918A,17.592125,-70.811389,signal,False,False,True,True,True,False,False,2026-07-03 21:47:30,2026-07-04 04:44:22,,,,,,0.853,
2026-07-03,20221106A,56.704551,-25.569831,host,True,False,True,True,True,False,False,2026-07-03 21:47:30,2026-07-04 04:44:22,,,,,,0.853,
2026-07-03,20230521A,327.75125,-2.386111,signal,True,True,False,True,True,False,False,2026-07-03 21:47:30,2026-07-04 04:44:22,,,,,,0.853,
2026-07-03,20230526A,22.232615,-52.717373,host,False,False,True,True,True,False,False,2026-07-03 21:47:30,2026-07-04 04:44:22,,,,,,0.853,
2026-07-03,20230708A,303.115511,-55.356262,host,False,False,True,True,True,False,False,2026-07-03 21:47:30,2026-07-04 04:44:22,,,,,,0.853,
2026-07-03,20230718A,128.161917,-40.451944,signal,False,False,True,True,True,False,False,2026-07-03 21:47:30,2026-07-04 04:44:22,,,,,,0.853,
2026-07-03,20230731A,174.601458,-56.799056,signal,False,False,True,True,True,False,False,2026-07-03 21:47:30,2026-07-04 04:44:22,,,,,,0.853,
2026-07-03,20230902A,52.139961,-47.333434,host,False,False,True,True,True,False,False,2026-07-03 21:47:30,2026-07-04 04:44:22,,,,,,0.853,
2026-07-03,20231006A,296.003333,-64.648889,signal,False,False,True,True,True,False,False,2026-07-03 21:47:30,2026-07-04 04:44:22,,,,,,0.853,
2026-07-03,20231226A,155.363856,6.109704,host,True,False,True,True,True,False,False,2026-07-03 21:47:30,2026-07-04 04:44:22,,,,,,0.853,
2026-07-03,20240201A,149.906029,14.088739,host,True,False,True,True,True,False,False,2026-07-03 21:47:30,2026-07-04 04:44:22,,,,,,0.853,
2026-07-03,20240208A,159.229001,-0.953397,host,True,False,True,True,True,False,False,2026-07-03 21:47:30,2026-07-04 04:44:22,,,,,,0.853,
2026-07-03,20240210A,8.77693,-28.271997,host,True,False,True,True,True,False,False,2026-07-03 21:47:30,2026-07-04 04:44:22,,,,,,0.853,
2026-07-03,20240304A,136.330524,-16.166242,host,True,False,True,True,True,False,False,2026-07-03 21:47:30,2026-07-04 04:44:22,,,,,,0.853,
2026-07-03,20240310A,17.621847,-44.439331,host,False,False,True,True,True,False,False,2026-07-03 21:47:30,2026-07-04 04:44:22,,,,,,0.853,
2026-07-03,20240318A,150.393564,37.616432,host,True,False,True,True,True,False,False,2026-07-03 21:47:30,2026-07-04 04:44:22,,,,,,0.853,
2026-07-03,20240304B,182.997,11.813,host,True,True,True,True,True,False,False,2026-07-03 21:47:30,2026-07-04 04:44:22,,,,,,0.853,
2026-07-03,20230521B,351.036,71.138,host,True,True,True,True,True,True,True,2026-07-03 21:47:30,2026-07-04 04:44:22,2026-07-04 03:02:30,2026-07-04 04:42:30,1.424,104.94,44.59,0.845,-143.77
2026-07-03,20240104A,348.874,72.821,host,True,True,True,True,True,True,True,2026-07-03 21:47:30,2026-07-04 04:44:22,2026-07-04 03:17:30,2026-07-04 04:42:30,1.44,105.15,43.97,0.845,-150.29
2026-07-03,20221029A,141.966,72.452,host,True,False,True,True,True,False,False,2026-07-03 21:47:30,2026-07-04 04:44:22,,,,,,0.853,
2026-07-03,20240123A,68.263,71.945,host,True,False,True,True,True,False,False,2026-07-03 21:47:30,2026-07-04 04:44:22,,,,,,0.853,
2026-07-03,20220222C,203.904,-28.027,host,True,False,True,True,True,False,False,2026-07-03 21:47:30,2026-07-04 04:44:22,,,,,,0.853,
2026-07-03,20190523A,207.064,72.471,host,True,True,True,True,True,True,True,2026-07-03 21:47:30,2026-07-04 04:44:22,2026-07-03 21:47:30,2026-07-03 22:42:30,1.458,107.58,43.3,0.862,141.24
2026-07-03,20250518,207.992,71.282,host,True,True,True,True,True,True,True,2026-07-03 21:47:30,2026-07-04 04:44:22,2026-07-03 21:47:30,2026-07-03 23:02:30,1.442,106.88,43.89,0.861,138.66
2026-07-03,20220224C,166.678,-22.94,host,True,False,True,True,True,False,False,2026-07-03 21:47:30,2026-07-04 04:44:22,,,,,,0.853,
2026-07-03,20220418A,219.106,70.095,host,True,True,True,True,True,True,True,2026-07-03 21:47:30,2026-07-04 04:44:22,2026-07-03 21:47:30,2026-07-03 23:57:30,1.395,103.08,45.8,0.86,143.74
2026-07-03,20190614D,65.076,73.707,host,True,False,True,True,True,False,False,2026-07-03 21:47:30,2026-07-04 04:44:22,,,,,,0.853,
2026-07-03,20221219A,257.63,71.627,host,True,True,True,True,True,True,True,2026-07-03 21:47:30,2026-07-04 04:44:22,2026-07-03 21:47:30,2026-07-04 02:12:30,1.368,96.12,46.98,0.857,170.81
2026-07-03,20230814B,335.976,73.026,host,True,True,True,True,True,True,True,2026-07-03 21:47:30,2026-07-04 04:44:22,2026-07-04 02:27:30,2026-07-04 04:42:30,1.423,102.19,44.65,0.846,-158.44
2026-07-03,20231020B,57.278,-37.77,host,False,False,True,True,True,False,False,2026-07-03 21:47:30,2026-07-04 04:44:22,,,,,,0.853,
2026-07-03,20230907D,187.142,8.658,host,True,True,True,True,True,False,False,2026-07-03 21:47:30,2026-07-04 04:44:22,,,,,,0.853,
2026-07-03,20230712A,167.36,72.558,host,True,False,True,True,True,False,False,2026-07-03 21:47:30,2026-07-04 04:44:22,,,,,,0.853,
2026-07-03,20220204A,274.228,69.722,host,True,True,True,True,True,True,True,2026-07-03 21:47:30,2026-07-04 04:44:22,2026-07-03 21:47:30,2026-07-04 03:37:30,1.325,92.84,49.03,0.855,179.23
2026-07-03,20230613A,356.853,-27.053,host,True,False,False,True,True,False,False,2026-07-03 21:47:30,2026-07-04 04:44:22,,,,,,0.853,
2026-07-03,20240119A,224.467,71.612,host,True,True,True,True,True,True,True,2026-07-03 21:47:30,2026-07-04 04:44:22,2026-07-03 21:47:30,2026-07-04 00:02:30,1.408,102.49,45.26,0.86,149.6
2026-07-03,20220717A,293.304,-19.288,host,True,True,True,True,True,True,True,2026-07-03 21:47:30,2026-07-04 04:44:22,2026-07-04 01:42:30,2026-07-04 02:12:30,1.494,10.5,42.01,0.851,0.35
2026-07-03,20220726A,73.946,69.93,host,True,False,True,True,True,False,False,2026-07-03 21:47:30,2026-07-04 04:44:22,,,,,,0.853,
2026-07-03,20231220A,123.909,73.66,host,True,False,True,True,True,False,False,2026-07-03 21:47:30,2026-07-04 04:44:22,,,,,,0.853,
2026-07-03,20180301A,93.227,4.671,host,True,False,True,True,True,False,False,2026-07-03 21:47:30,2026-07-04 04:44:22,,,,,,0.853,
2026-07-03,20230626A,235.63,71.134,host,True,True,True,True,True,True,True,2026-07-03 21:47:30,2026-07-04 04:44:22,2026-07-03 21:47:30,2026-07-04 00:52:30,1.381,99.52,46.39,0.859,155.44
2026-07-03,20230125D,150.205,-31.545,host,True,False,True,True,True,False,False,2026-07-03 21:47:30,2026-07-04 04:44:22,,,,,,0.853,
2026-07-03,20230913,305.037,70.793,host,True,True,True,True,True,True,True,2026-07-03 21:47:30,2026-07-04 04:44:22,2026-07-03 23:57:30,2026-07-04 04:42:30,1.35,95.01,47.78,0.85,-173.24
2026-07-03,20230501A,340.027,70.922,host,True,True,True,True,True,True,True,2026-07-03 21:47:30,2026-07-04 04:44:22,2026-07-04 02:17:30,2026-07-04 04:42:30,1.394,101.82,45.84,0.846,-150.98
2026-07-03,20220506D,318.045,72.827,host,True,True,True,True,True,True,True,2026-07-03 21:47:30,2026-07-04 04:44:22,2026-07-04 01:12:30,2026-07-04 04:42:30,1.401,98.62,45.54,0.848,-168.18
2026-07-03,20240229A,169.984,70.676,host,True,False,True,True,True,False,False,2026-07-03 21:47:30,2026-07-04 04:44:22,,,,,,0.853,
2026-07-03,20221116A,21.211,72.654,host,True,False,True,True,True,False,False,2026-07-03 21:47:30,2026-07-04 04:44:22,,,,,,0.853,
2026-07-03,20230307A,177.782,71.695,host,True,False,True,True,True,False,False,2026-07-03 21:47:30,2026-07-04 04:44:22,,,,,,0.853,
2026-07-03,20231123B,242.538,70.785,host,True,True,True,True,True,True,True,2026-07-03 21:47:30,2026-07-04 04:44:22,2026-07-03 21:47:30,2026-07-04 01:22:30,1.365,97.81,47.09,0.858,159.28
2026-07-03,20221113A,71.411,70.307,host,True,False,True,True,True,False,False,2026-07-03 21:47:30,2026-07-04 04:44:22,,,,,,0.853,
2026-07-03,20221101B,342.216,70.682,host,True,True,True,True,True,True,True,2026-07-03 21:47:30,2026-07-04 04:44:22,2026-07-04 02:27:30,2026-07-04 04:42:30,1.393,102.25,45.89,0.846,-149.7
2026-07-03,20240215A,268.441,70.232,host,True,True,True,True,True,True,True,2026-07-03 21:47:30,2026-07-04 04:44:22,2026-07-03 21:47:30,2026-07-04 03:07:30,1.335,93.7,48.5,0.855,176.56
2026-07-03,20121102A,82.994542,33.147897,host,True,False,True,True,True,False,False,2026-07-03 21:47:30,2026-07-04 04:44:22,,,,,,0.853,
2026-07-03,20230628A,166.787,72.282,host,True,False,True,True,True,False,False,2026-07-03 21:47:30,2026-07-04 04:44:22,,,,,,0.853,
2026-07-03,20240213A,166.168,74.075,host,True,False,True,True,True,False,False,2026-07-03 21:47:30,2026-07-04 04:44:22,,,,,,0.853,
2026-07-03,20201124A,77.015,26.061,host,True,False,True,True,True,False,False,2026-07-03 21:47:30,2026-07-04 04:44:22,,,,,,0.853,
2026-07-03,20230124A,231.917,70.968,host,True,True,True,True,True,True,True,2026-07-03 21:47:30,2026-07-04 04:44:22,2026-07-03 21:47:30,2026-07-04 00:37:30,1.381,100.25,46.38,0.859,153.86
2026-07-03,20230930A,10.507,41.417,host,True,True,True,True,True,True,True,2026-07-03 21:47:30,2026-07-04 04:44:22,2026-07-04 03:17:30,2026-07-04 04:42:30,1.29,103.27,50.84,0.845,-94.13
2026-07-03,20240203,312.621,73.9,host,True,True,True,True,True,True,True,2026-07-03 21:47:30,2026-07-04 04:44:22,2026-07-04 01:07:30,2026-07-04 04:42:30,1.421,98.77,44.72,0.848,-175.08
2026-07-03,20231120A,143.985,73.285,host,True,False,True,True,True,False,False,2026-07-03 21:47:30,2026-07-04 04:44:22,,,,,,0.853,
2026-07-03,20201123A,263.66,-50.764,host,False,False,True,True,True,False,False,2026-07-03 21:47:30,2026-07-04 04:44:22,,,,,,0.853,
2026-07-04,20171020A,333.8531,-19.5853,host,True,False,False,True,True,False,False,2026-07-04 21:47:19,2026-07-05 04:44:55,,,,,,0.775,
2026-07-04,20180924B,326.105236,-40.900253,host,False,False,True,True,True,False,False,2026-07-04 21:47:19,2026-07-05 04:44:55,,,,,,0.775,
2026-07-04,20190102C,322.415209,-79.475758,host,False,False,True,True,True,False,False,2026-07-04 21:47:19,2026-07-05 04:44:55,,,,,,0.775,
2026-07-04,20190608B,334.020406,-7.898868,host,True,True,False,True,True,False,False,2026-07-04 21:47:19,2026-07-05 04:44:55,,,,,,0.775,
2026-07-04,20190714A,183.979525,-13.021079,host,True,False,True,True,True,False,False,2026-07-04 21:47:19,2026-07-05 04:44:55,,,,,,0.775,
2026-07-04,20191001A,323.352187,-54.747748,host,False,False,True,True,True,False,False,2026-07-04 21:47:19,2026-07-05 04:44:55,,,,,,0.775,
2026-07-04,20200906A,53.496,-14.083,host,True,False,True,True,True,False,False,2026-07-04 21:47:19,2026-07-05 04:44:55,,,,,,0.775,
2026-07-04,20210320C,204.458854,-16.122552,host,True,False,True,True,True,False,False,2026-07-04 21:47:19,2026-07-05 04:44:55,,,,,,0.775,
2026-07-04,20210410D,326.086,-79.318,host,False,False,True,True,True,False,False,2026-07-04 21:47:19,2026-07-05 04:44:55,,,,,,0.775,
2026-07-04,20210807D,299.2214,-0.7624,host,True,True,True,True,True,True,True,2026-07-04 21:47:19,2026-07-05 04:44:55,2026-07-04 23:42:19,2026-07-05 04:42:19,1.149,26.67,60.53,0.772,-1.64
2026-07-04,20211127I,199.808,-18.838,host,True,False,True,True,True,False,False,2026-07-04 21:47:19,2026-07-05 04:44:55,,,,,,0.775,
2026-07-04,20211203C,204.56526,-31.379107,host,True,False,True,True,True,False,False,2026-07-04 21:47:19,2026-07-05 04:44:55,,,,,,0.775,
2026-07-04,20211212A,157.351,1.361,host,True,False,True,True,True,False,False,2026-07-04 21:47:19,2026-07-05 04:44:55,,,,,,0.775,
2026-07-04,20220207C,310.197679,72.882658,host,True,True,True,True,True,True,True,2026-07-04 21:47:19,2026-07-05 04:44:55,2026-07-05 00:37:19,2026-07-05 04:42:19,1.397,97.33,45.72,0.77,-174.49
2026-07-04,20220307B,350.875,72.192,host,True,True,True,True,True,True,True,2026-07-04 21:47:19,2026-07-05 04:44:55,2026-07-05 03:12:19,2026-07-05 04:42:19,1.436,105.01,44.14,0.766,-147.19
2026-07-04,20220310F,134.721,73.491,host,True,False,True,True,True,False,False,2026-07-04 21:47:19,2026-07-05 04:44:55,,,,,,0.775,
2026-07-04,20220319D,32.177917,71.03525,host,True,False,True,True,True,False,False,2026-07-04 21:47:19,2026-07-05 04:44:55,,,,,,0.775,
2026-07-04,20220509G,282.674806,70.242726,host,True,True,True,True,True,True,True,2026-07-04 21:47:19,2026-07-05 04:44:55,2026-07-04 22:17:19,2026-07-05 04:02:19,1.336,93.07,48.48,0.776,179.23
2026-07-04,20220825A,311.982,72.585,host,True,True,True,True,True,True,True,2026-07-04 21:47:19,2026-07-05 04:44:55,2026-07-05 00:42:19,2026-07-05 04:42:19,1.391,97.29,45.95,0.77,-172.21
2026-07-04,20220912A,347.270174,48.706618,host,True,True,True,True,True,True,True,2026-07-04 21:47:19,2026-07-05 04:44:55,2026-07-05 01:37:19,2026-07-05 04:42:19,1.192,91.11,57.06,0.768,-115.08
2026-07-04,20220914A,282.058507,73.336282,host,True,True,True,True,True,True,True,2026-07-04 21:47:19,2026-07-05 04:44:55,2026-07-04 22:52:19,2026-07-05 03:22:19,1.405,96.17,45.39,0.776,-179.94
2026-07-04,20220920A,240.256794,70.918007,host,True,True,True,True,True,True,True,2026-07-04 21:47:19,2026-07-05 04:44:55,2026-07-04 21:47:19,2026-07-05 01:07:19,1.37,98.5,46.89,0.782,158.42
2026-07-04,20221012A,280.801417,70.524175,host,True,True,True,True,True,True,True,2026-07-04 21:47:19,2026-07-05 04:44:55,2026-07-04 22:12:19,2026-07-05 03:52:19,1.341,93.37,48.21,0.776,-179.94
2026-07-04,20181112A,327.348458,-52.970944,signal,False,False,True,True,True,False,False,2026-07-04 21:47:19,2026-07-05 04:44:55,,,,,,0.775,
2026-07-04,20190611B,320.742887,-79.397286,host,False,False,True,True,True,False,False,2026-07-04 21:47:19,2026-07-05 04:44:55,,,,,,0.775,
2026-07-04,20190711A,329.419,-80.358,host,False,False,True,True,True,False,False,2026-07-04 21:47:19,2026-07-05 04:44:55,,,,,,0.775,
2026-07-04,20191228A,344.430542,-29.594111,signal,True,False,False,True,True,False,False,2026-07-04 21:47:19,2026-07-05 04:44:55,,,,,,0.775,
2026-07-04,20200430A,229.706377,12.376607,host,True,True,True,True,True,True,True,2026-07-04 21:47:19,2026-07-05 04:44:55,2026-07-04 22:12:19,2026-07-05 00:52:19,1.166,63.49,59.04,0.781,53.91
2026-07-04,20200627A,326.695833,-39.484722,signal,False,False,True,True,True,False,False,2026-07-04 21:47:19,2026-07-05 04:44:55,,,,,,0.775,
2026-07-04,20210117A,339.979208,-16.151444,signal,True,True,False,True,True,False,False,2026-07-04 21:47:19,2026-07-05 04:44:55,,,,,,0.775,
2026-07-04,20210214G,6.93,-5.832222,signal,True,True,False,True,True,False,False,2026-07-04 21:47:19,2026-07-05 04:44:55,,,,,,0.775,
2026-07-04,20210407E,78.650958,27.05825,signal,True,False,True,True,True,False,False,2026-07-04 21:47:19,2026-07-05 04:44:55,,,,,,0.775,
2026-07-04,20210809C,271.157083,1.328889,signal,True,True,True,True,True,True,True,2026-07-04 21:47:19,2026-07-05 04:44:55,2026-07-04 21:47:19,2026-07-05 03:07:19,1.127,27.08,62.57,0.778,1.56
2026-07-04,20210912A,350.7935,-30.405583,signal,True,False,False,True,True,False,False,2026-07-04 21:47:19,2026-07-05 04:44:55,,,,,,0.775,
2026-07-04,20220105A,208.803803,22.466479,host,True,True,True,True,True,True,True,2026-07-04 21:47:19,2026-07-05 04:44:55,2026-07-04 21:47:19,2026-07-04 23:47:19,1.214,85.73,55.45,0.784,71.5
2026-07-04,20220501C,352.379167,-32.490722,signal,True,False,False,True,True,False,False,2026-07-04 21:47:19,2026-07-05 04:44:55,,,,,,0.775,
2026-07-04,20220531A,294.709167,-60.296667,signal,False,False,True,True,True,False,False,2026-07-04 21:47:19,2026-07-05 04:44:55,,,,,,0.775,
2026-07-04,20220610A,351.073,-33.514,host,True,False,False,True,True,False,False,2026-07-04 21:47:19,2026-07-05 04:44:55,,,,,,0.775,
2026-07-04,20220725A,353.315342,-35.990268,host,True,False,True,True,True,False,False,2026-07-04 21:47:19,2026-07-05 04:44:55,,,,,,0.775,
2026-07-04,20220918A,17.592125,-70.811389,signal,False,False,True,True,True,False,False,2026-07-04 21:47:19,2026-07-05 04:44:55,,,,,,0.775,
2026-07-04,20221106A,56.704551,-25.569831,host,True,False,True,True,True,False,False,2026-07-04 21:47:19,2026-07-05 04:44:55,,,,,,0.775,
2026-07-04,20230521A,327.75125,-2.386111,signal,True,True,False,True,True,False,False,2026-07-04 21:47:19,2026-07-05 04:44:55,,,,,,0.775,
2026-07-04,20230526A,22.232615,-52.717373,host,False,False,True,True,True,False,False,2026-07-04 21:47:19,2026-07-05 04:44:55,,,,,,0.775,
2026-07-04,20230708A,303.115511,-55.356262,host,False,False,True,True,True,False,False,2026-07-04 21:47:19,2026-07-05 04:44:55,,,,,,0.775,
2026-07-04,20230718A,128.161917,-40.451944,signal,False,False,True,True,True,False,False,2026-07-04 21:47:19,2026-07-05 04:44:55,,,,,,0.775,
2026-07-04,20230731A,174.601458,-56.799056,signal,False,False,True,True,True,False,False,2026-07-04 21:47:19,2026-07-05 04:44:55,,,,,,0.775,
2026-07-04,20230902A,52.139961,-47.333434,host,False,False,True,True,True,False,False,2026-07-04 21:47:19,2026-07-05 04:44:55,,,,,,0.775,
2026-07-04,20231006A,296.003333,-64.648889,signal,False,False,True,True,True,False,False,2026-07-04 21:47:19,2026-07-05 04:44:55,,,,,,0.775,
2026-07-04,20231226A,155.363856,6.109704,host,True,False,True,True,True,False,False,2026-07-04 21:47:19,2026-07-05 04:44:55,,,,,,0.775,
2026-07-04,20240201A,149.906029,14.088739,host,True,False,True,True,True,False,False,2026-07-04 21:47:19,2026-07-05 04:44:55,,,,,,0.775,
2026-07-04,20240208A,159.229001,-0.953397,host,True,False,True,True,True,False,False,2026-07-04 21:47:19,2026-07-05 04:44:55,,,,,,0.775,
2026-07-04,20240210A,8.77693,-28.271997,host,True,False,True,True,True,False,False,2026-07-04 21:47:19,2026-07-05 04:44:55,,,,,,0.775,
2026-07-04,20240304A,136.330524,-16.166242,host,True,False,True,True,True,False,False,2026-07-04 21:47:19,2026-07-05 04:44:55,,,,,,0.775,
2026-07-04,20240310A,17.621847,-44.439331,host,False,False,True,True,True,False,False,2026-07-04 21:47:19,2026-07-05 04:44:55,,,,,,0.775,
2026-07-04,20240318A,150.393564,37.616432,host,True,False,True,True,True,False,False,2026-07-04 21:47:19,2026-07-05 04:44:55,,,,,,0.775,
2026-07-04,20240304B,182.997,11.813,host,True,False,True,True,True,False,False,2026-07-04 21:47:19,2026-07-05 04:44:55,,,,,,0.775,
2026-07-04,20230521B,351.036,71.138,host,True,True,True,True,True,True,True,2026-07-04 21:47:19,2026-07-05 04:44:55,2026-07-05 03:02:19,2026-07-05 04:42:19,1.42,104.56,44.77,0.766,-144.9
2026-07-04,20240104A,348.874,72.821,host,True,True,True,True,True,True,True,2026-07-04 21:47:19,2026-07-05 04:44:55,2026-07-05 03:12:19,2026-07-05 04:42:19,1.441,104.8,43.93,0.766,-149.92
2026-07-04,20221029A,141.966,72.452,host,True,False,True,True,True,False,False,2026-07-04 21:47:19,2026-07-05 04:44:55,,,,,,0.775,
2026-07-04,20240123A,68.263,71.945,host,True,False,True,True,True,False,False,2026-07-04 21:47:19,2026-07-05 04:44:55,,,,,,0.775,
2026-07-04,20220222C,203.904,-28.027,host,True,False,True,True,True,False,False,2026-07-04 21:47:19,2026-07-05 04:44:55,,,,,,0.775,
2026-07-04,20190523A,207.064,72.471,host,True,True,True,True,True,True,True,2026-07-04 21:47:19,2026-07-05 04:44:55,2026-07-04 21:47:19,2026-07-04 22:42:19,1.463,107.79,43.12,0.786,140.14
2026-07-04,20250518,207.992,71.282,host,True,True,True,True,True,True,True,2026-07-04 21:47:19,2026-07-05 04:44:55,2026-07-04 21:47:19,2026-07-04 22:57:19,1.441,107.11,43.96,0.785,139.03
2026-07-04,20220224C,166.678,-22.94,host,True,False,True,True,True,False,False,2026-07-04 21:47:19,2026-07-05 04:44:55,,,,,,0.775,
2026-07-04,20220418A,219.106,70.095,host,True,True,True,True,True,True,True,2026-07-04 21:47:19,2026-07-05 04:44:55,2026-07-04 21:47:19,2026-07-04 23:52:19,1.399,103.3,45.61,0.784,142.59
2026-07-04,20190614D,65.076,73.707,host,True,False,True,True,True,False,False,2026-07-04 21:47:19,2026-07-05 04:44:55,,,,,,0.775,
2026-07-04,20221219A,257.63,71.627,host,True,True,True,True,True,True,True,2026-07-04 21:47:19,2026-07-05 04:44:55,2026-07-04 21:47:19,2026-07-05 02:07:19,1.367,96.16,46.99,0.78,171.21
2026-07-04,20230814B,335.976,73.026,host,True,True,True,True,True,True,True,2026-07-04 21:47:19,2026-07-05 04:44:55,2026-07-05 02:22:19,2026-07-05 04:42:19,1.424,101.87,44.62,0.767,-158.06
2026-07-04,20231020B,57.278,-37.77,host,False,False,True,True,True,False,False,2026-07-04 21:47:19,2026-07-05 04:44:55,,,,,,0.775,
2026-07-04,20230907D,187.142,8.658,host,True,True,True,True,True,False,False,2026-07-04 21:47:19,2026-07-05 04:44:55,,,,,,0.775,
2026-07-04,20230712A,167.36,72.558,host,True,False,True,True,True,False,False,2026-07-04 21:47:19,2026-07-05 04:44:55,,,,,,0.775,
2026-07-04,20220204A,274.228,69.722,host,True,True,True,True,True,True,True,2026-07-04 21:47:19,2026-07-05 04:44:55,2026-07-04 21:47:19,2026-07-05 03:32:19,1.325,92.8,49.02,0.777,177.98
2026-07-04,20230613A,356.853,-27.053,host,True,False,False,True,True,False,False,2026-07-04 21:47:19,2026-07-05 04:44:55,,,,,,0.775,
2026-07-04,20240119A,224.467,71.612,host,True,True,True,True,True,True,True,2026-07-04 21:47:19,2026-07-05 04:44:55,2026-07-04 21:47:19,2026-07-04 23:57:19,1.407,102.67,45.31,0.784,149.99
2026-07-04,20220717A,293.304,-19.288,host,True,True,True,True,True,True,True,2026-07-04 21:47:19,2026-07-05 04:44:55,2026-07-05 01:37:19,2026-07-05 02:07:19,1.494,9.56,42.01,0.773,-0.02
2026-07-04,20220726A,73.946,69.93,host,True,False,True,True,True,False,False,2026-07-04 21:47:19,2026-07-05 04:44:55,,,,,,0.775,
2026-07-04,20231220A,123.909,73.66,host,True,False,True,True,True,False,False,2026-07-04 21:47:19,2026-07-05 04:44:55,,,,,,0.775,
2026-07-04,20180301A,93.227,4.671,host,True,False,True,True,True,False,False,2026-07-04 21:47:19,2026-07-05 04:44:55,,,,,,0.775,
2026-07-04,20230626A,235.63,71.134,host,True,True,True,True,True,True,True,2026-07-04 21:47:19,2026-07-05 04:44:55,2026-07-04 21:47:19,2026-07-05 00:47:19,1.38,99.67,46.43,0.782,155.84
2026-07-04,20230125D,150.205,-31.545,host,True,False,True,True,True,False,False,2026-07-04 21:47:19,2026-07-05 04:44:55,,,,,,0.775,
2026-07-04,20230913,305.037,70.793,host,True,True,True,True,True,True,True,2026-07-04 21:47:19,2026-07-05 04:44:55,2026-07-04 23:52:19,2026-07-05 04:42:19,1.35,94.8,47.77,0.772,-172.83
2026-07-04,20230501A,340.027,70.922,host,True,True,True,True,True,True,True,2026-07-04 21:47:19,2026-07-05 04:44:55,2026-07-05 02:12:19,2026-07-05 04:42:19,1.395,101.47,45.79,0.768,-150.59
2026-07-04,20220506D,318.045,72.827,host,True,True,True,True,True,True,True,2026-07-04 21:47:19,2026-07-05 04:44:55,2026-07-05 01:07:19,2026-07-05 04:42:19,1.4,98.37,45.59,0.769,-169.35
2026-07-04,20240229A,169.984,70.676,host,True,False,True,True,True,False,False,2026-07-04 21:47:19,2026-07-05 04:44:55,,,,,,0.775,
2026-07-04,20221116A,21.211,72.654,host,True,False,True,True,True,False,False,2026-07-04 21:47:19,2026-07-05 04:44:55,,,,,,0.775,
2026-07-04,20230307A,177.782,71.695,host,True,False,True,True,True,False,False,2026-07-04 21:47:19,2026-07-05 04:44:55,,,,,,0.775,
2026-07-04,20231123B,242.538,70.785,host,True,True,True,True,True,True,True,2026-07-04 21:47:19,2026-07-05 04:44:55,2026-07-04 21:47:19,2026-07-05 01:17:19,1.365,97.93,47.13,0.781,159.68
2026-07-04,20221113A,71.411,70.307,host,True,False,True,True,True,False,False,2026-07-04 21:47:19,2026-07-05 04:44:55,,,,,,0.775,
2026-07-04,20221101B,342.216,70.682,host,True,True,True,True,True,True,True,2026-07-04 21:47:19,2026-07-05 04:44:55,2026-07-05 02:22:19,2026-07-05 04:42:19,1.394,101.89,45.84,0.767,-149.31
2026-07-04,20240215A,268.441,70.232,host,True,True,True,True,True,True,True,2026-07-04 21:47:19,2026-07-05 04:44:55,2026-07-04 21:47:19,2026-07-05 03:07:19,1.336,93.69,48.48,0.778,175.32
2026-07-04,20121102A,82.994542,33.147897,host,True,False,True,True,True,False,False,2026-07-04 21:47:19,2026-07-05 04:44:55,,,,,,0.775,
2026-07-04,20230628A,166.787,72.282,host,True,False,True,True,True,False,False,2026-07-04 21:47:19,2026-07-05 04:44:55,,,,,,0.775,
2026-07-04,20240213A,166.168,74.075,host,True,False,True,True,True,False,False,2026-07-04 21:47:19,2026-07-05 04:44:55,,,,,,0.775,
2026-07-04,20201124A,77.015,26.061,host,True,False,True,True,True,False,False,2026-07-04 21:47:19,2026-07-05 04:44:55,,,,,,0.775,
2026-07-04,20230124A,231.917,70.968,host,True,True,True,True,True,True,True,2026-07-04 21:47:19,2026-07-05 04:44:55,2026-07-04 21:47:19,2026-07-05 00:32:19,1.385,100.41,46.24,0.783,152.68
2026-07-04,20230930A,10.507,41.417,host,True,True,True,True,True,True,True,2026-07-04 21:47:19,2026-07-05 04:44:55,2026-07-05 03:12:19,2026-07-05 04:42:19,1.294,102.47,50.61,0.766,-93.9
2026-07-04,20240203,312.621,73.9,host,True,True,True,True,True,True,True,2026-07-04 21:47:19,2026-07-05 04:44:55,2026-07-05 01:02:19,2026-07-05 04:42:19,1.421,98.55,44.71,0.77,-174.69
2026-07-04,20231120A,143.985,73.285,host,True,False,True,True,True,False,False,2026-07-04 21:47:19,2026-07-05 04:44:55,,,,,,0.775,
2026-07-04,20201123A,263.66,-50.764,host,False,False,True,True,True,False,False,2026-07-04 21:47:19,2026-07-05 04:44:55,,,,,,0.775,
2026-07-05,20171020A,333.8531,-19.5853,host,True,False,False,True,True,False,False,2026-07-05 21:47:06,2026-07-06 04:45:29,,,,,,0.684,
2026-07-05,20180924B,326.105236,-40.900253,host,False,False,True,True,True,False,False,2026-07-05 21:47:06,2026-07-06 04:45:29,,,,,,0.684,
2026-07-05,20190102C,322.415209,-79.475758,host,False,False,True,True,True,False,False,2026-07-05 21:47:06,2026-07-06 04:45:29,,,,,,0.684,
2026-07-05,20190608B,334.020406,-7.898868,host,True,True,False,True,True,False,False,2026-07-05 21:47:06,2026-07-06 04:45:29,,,,,,0.684,
2026-07-05,20190714A,183.979525,-13.021079,host,True,False,True,True,True,False,False,2026-07-05 21:47:06,2026-07-06 04:45:29,,,,,,0.684,
2026-07-05,20191001A,323.352187,-54.747748,host,False,False,True,True,True,False,False,2026-07-05 21:47:06,2026-07-06 04:45:29,,,,,,0.684,
2026-07-05,20200906A,53.496,-14.083,host,True,False,True,True,True,False,False,2026-07-05 21:47:06,2026-07-06 04:45:29,,,,,,0.684,
2026-07-05,20210320C,204.458854,-16.122552,host,True,False,True,True,True,False,False,2026-07-05 21:47:06,2026-07-06 04:45:29,,,,,,0.684,
2026-07-05,20210410D,326.086,-79.318,host,False,False,True,True,True,False,False,2026-07-05 21:47:06,2026-07-06 04:45:29,,,,,,0.684,
2026-07-05,20210807D,299.2214,-0.7624,host,True,True,True,True,True,True,True,2026-07-05 21:47:06,2026-07-06 04:45:29,2026-07-05 23:37:06,2026-07-06 04:42:06,1.148,26.04,60.55,0.681,0.02
2026-07-05,20211127I,199.808,-18.838,host,True,False,True,True,True,False,False,2026-07-05 21:47:06,2026-07-06 04:45:29,,,,,,0.684,
2026-07-05,20211203C,204.56526,-31.379107,host,True,False,True,True,True,False,False,2026-07-05 21:47:06,2026-07-06 04:45:29,,,,,,0.684,
2026-07-05,20211212A,157.351,1.361,host,True,False,True,True,True,False,False,2026-07-05 21:47:06,2026-07-06 04:45:29,,,,,,0.684,
2026-07-05,20220207C,310.197679,72.882658,host,True,True,True,True,True,True,True,2026-07-05 21:47:06,2026-07-06 04:45:29,2026-07-06 00:32:06,2026-07-06 04:42:06,1.397,97.11,45.71,0.679,-174.09
2026-07-05,20220307B,350.875,72.192,host,True,True,True,True,True,True,True,2026-07-05 21:47:06,2026-07-06 04:45:29,2026-07-06 03:07:06,2026-07-06 04:42:06,1.432,104.64,44.3,0.673,-148.31
2026-07-05,20220310F,134.721,73.491,host,True,False,True,True,True,False,False,2026-07-05 21:47:06,2026-07-06 04:45:29,,,,,,0.684,
2026-07-05,20220319D,32.177917,71.03525,host,True,False,True,True,True,False,False,2026-07-05 21:47:06,2026-07-06 04:45:29,,,,,,0.684,
2026-07-05,20220509G,282.674806,70.242726,host,True,True,True,True,True,True,True,2026-07-05 21:47:06,2026-07-06 04:45:29,2026-07-05 22:12:06,2026-07-06 03:57:06,1.336,92.98,48.48,0.685,179.65
2026-07-05,20220825A,311.982,72.585,host,True,True,True,True,True,True,True,2026-07-05 21:47:06,2026-07-06 04:45:29,2026-07-06 00:37:06,2026-07-06 04:42:06,1.39,97.06,45.99,0.678,-173.39
2026-07-05,20220912A,347.270174,48.706618,host,True,True,True,True,True,True,True,2026-07-05 21:47:06,2026-07-06 04:45:29,2026-07-06 01:37:06,2026-07-06 04:42:06,1.184,90.47,57.61,0.676,-116.2
2026-07-05,20220914A,282.058507,73.336282,host,True,True,True,True,True,True,True,2026-07-05 21:47:06,2026-07-06 04:45:29,2026-07-05 22:47:06,2026-07-06 03:22:06,1.405,96.08,45.39,0.685,178.9
2026-07-05,20220920A,240.256794,70.918007,host,True,True,True,True,True,True,True,2026-07-05 21:47:06,2026-07-06 04:45:29,2026-07-05 21:47:06,2026-07-06 01:02:06,1.372,98.63,46.77,0.692,157.24
2026-07-05,20221012A,280.801417,70.524175,host,True,True,True,True,True,True,True,2026-07-05 21:47:06,2026-07-06 04:45:29,2026-07-05 22:07:06,2026-07-06 03:47:06,1.341,93.3,48.21,0.686,-179.51
2026-07-05,20181112A,327.348458,-52.970944,signal,False,False,True,True,True,False,False,2026-07-05 21:47:06,2026-07-06 04:45:29,,,,,,0.684,
2026-07-05,20190611B,320.742887,-79.397286,host,False,False,True,True,True,False,False,2026-07-05 21:47:06,2026-07-06 04:45:29,,,,,,0.684,
2026-07-05,20190711A,329.419,-80.358,host,False,False,True,True,True,False,False,2026-07-05 21:47:06,2026-07-06 04:45:29,,,,,,0.684,
2026-07-05,20191228A,344.430542,-29.594111,signal,True,False,True,True,True,False,False,2026-07-05 21:47:06,2026-07-06 04:45:29,,,,,,0.684,
2026-07-05,20200430A,229.706377,12.376607,host,True,True,True,True,True,True,True,2026-07-05 21:47:06,2026-07-06 04:45:29,2026-07-05 22:07:06,2026-07-06 00:47:06,1.163,64.29,59.29,0.692,53.67
2026-07-05,20200627A,326.695833,-39.484722,signal,False,False,True,True,True,False,False,2026-07-05 21:47:06,2026-07-06 04:45:29,,,,,,0.684,
2026-07-05,20210117A,339.979208,-16.151444,signal,True,True,False,True,True,False,False,2026-07-05 21:47:06,2026-07-06 04:45:29,,,,,,0.684,
2026-07-05,20210214G,6.93,-5.832222,signal,True,True,False,True,True,False,False,2026-07-05 21:47:06,2026-07-06 04:45:29,,,,,,0.684,
2026-07-05,20210407E,78.650958,27.05825,signal,True,False,True,True,True,False,False,2026-07-05 21:47:06,2026-07-06 04:45:29,,,,,,0.684,
2026-07-05,20210809C,271.157083,1.328889,signal,True,True,True,True,True,True,True,2026-07-05 21:47:06,2026-07-06 04:45:29,2026-07-05 21:47:06,2026-07-06 03:07:06,1.127,27.47,62.54,0.688,3.33
2026-07-05,20210912A,350.7935,-30.405583,signal,True,False,False,True,True,False,False,2026-07-05 21:47:06,2026-07-06 04:45:29,,,,,,0.684,
2026-07-05,20220105A,208.803803,22.466479,host,True,True,True,True,True,True,True,2026-07-05 21:47:06,2026-07-06 04:45:29,2026-07-05 21:47:06,2026-07-05 23:42:06,1.226,86.55,54.63,0.694,71.53
2026-07-05,20220501C,352.379167,-32.490722,signal,True,False,True,True,True,False,False,2026-07-05 21:47:06,2026-07-06 04:45:29,,,,,,0.684,
2026-07-05,20220531A,294.709167,-60.296667,signal,False,False,True,True,True,False,False,2026-07-05 21:47:06,2026-07-06 04:45:29,,,,,,0.684,
2026-07-05,20220610A,351.073,-33.514,host,True,False,True,True,True,False,False,2026-07-05 21:47:06,2026-07-06 04:45:29,,,,,,0.684,
2026-07-05,20220725A,353.315342,-35.990268,host,True,False,True,True,True,False,False,2026-07-05 21:47:06,2026-07-06 04:45:29,,,,,,0.684,
2026-07-05,20220918A,17.592125,-70.811389,signal,False,False,True,True,True,False,False,2026-07-05 21:47:06,2026-07-06 04:45:29,,,,,,0.684,
2026-07-05,20221106A,56.704551,-25.569831,host,True,False,True,True,True,False,False,2026-07-05 21:47:06,2026-07-06 04:45:29,,,,,,0.684,
2026-07-05,20230521A,327.75125,-2.386111,signal,True,True,False,True,True,False,False,2026-07-05 21:47:06,2026-07-06 04:45:29,,,,,,0.684,
2026-07-05,20230526A,22.232615,-52.717373,host,False,False,True,True,True,False,False,2026-07-05 21:47:06,2026-07-06 04:45:29,,,,,,0.684,
2026-07-05,20230708A,303.115511,-55.356262,host,False,False,True,True,True,False,False,2026-07-05 21:47:06,2026-07-06 04:45:29,,,,,,0.684,
2026-07-05,20230718A,128.161917,-40.451944,signal,False,False,True,True,True,False,False,2026-07-05 21:47:06,2026-07-06 04:45:29,,,,,,0.684,
2026-07-05,20230731A,174.601458,-56.799056,signal,False,False,True,True,True,False,False,2026-07-05 21:47:06,2026-07-06 04:45:29,,,,,,0.684,
2026-07-05,20230902A,52.139961,-47.333434,host,False,False,True,True,True,False,False,2026-07-05 21:47:06,2026-07-06 04:45:29,,,,,,0.684,
2026-07-05,20231006A,296.003333,-64.648889,signal,False,False,True,True,True,False,False,2026-07-05 21:47:06,2026-07-06 04:45:29,,,,,,0.684,
2026-07-05,20231226A,155.363856,6.109704,host,True,False,True,True,True,False,False,2026-07-05 21:47:06,2026-07-06 04:45:29,,,,,,0.684,
2026-07-05,20240201A,149.906029,14.088739,host,True,False,True,True,True,False,False,2026-07-05 21:47:06,2026-07-06 04:45:29,,,,,,0.684,
2026-07-05,20240208A,159.229001,-0.953397,host,True,False,True,True,True,False,False,2026-07-05 21:47:06,2026-07-06 04:45:29,,,,,,0.684,
2026-07-05,20240210A,8.77693,-28.271997,host,True,False,True,True,True,False,False,2026-07-05 21:47:06,2026-07-06 04:45:29,,,,,,0.684,
2026-07-05,20240304A,136.330524,-16.166242,host,True,False,True,True,True,False,False,2026-07-05 21:47:06,2026-07-06 04:45:29,,,,,,0.684,
2026-07-05,20240310A,17.621847,-44.439331,host,False,False,True,True,True,False,False,2026-07-05 21:47:06,2026-07-06 04:45:29,,,,,,0.684,
2026-07-05,20240318A,150.393564,37.616432,host,True,False,True,True,True,False,False,2026-07-05 21:47:06,2026-07-06 04:45:29,,,,,,0.684,
2026-07-05,20240304B,182.997,11.813,host,True,False,True,True,True,False,False,2026-07-05 21:47:06,2026-07-06 04:45:29,,,,,,0.684,
2026-07-05,20230521B,351.036,71.138,host,True,True,True,True,True,True,True,2026-07-05 21:47:06,2026-07-06 04:45:29,2026-07-06 02:57:06,2026-07-06 04:42:06,1.416,104.17,44.94,0.674,-146.03
2026-07-05,20240104A,348.874,72.821,host,True,True,True,True,True,True,True,2026-07-05 21:47:06,2026-07-06 04:45:29,2026-07-06 03:07:06,2026-07-06 04:42:06,1.438,104.44,44.06,0.673,-151.04
2026-07-05,20221029A,141.966,72.452,host,True,False,True,True,True,False,False,2026-07-05 21:47:06,2026-07-06 04:45:29,,,,,,0.684,
2026-07-05,20240123A,68.263,71.945,host,True,False,True,True,True,False,False,2026-07-05 21:47:06,2026-07-06 04:45:29,,,,,,0.684,
2026-07-05,20220222C,203.904,-28.027,host,True,False,True,True,True,False,False,2026-07-05 21:47:06,2026-07-06 04:45:29,,,,,,0.684,
2026-07-05,20190523A,207.064,72.471,host,True,True,True,True,True,True,True,2026-07-05 21:47:06,2026-07-06 04:45:29,2026-07-05 21:47:06,2026-07-05 22:37:06,1.461,108.0,43.18,0.697,140.52
2026-07-05,20250518,207.992,71.282,host,True,True,True,True,True,True,True,2026-07-05 21:47:06,2026-07-06 04:45:29,2026-07-05 21:47:06,2026-07-05 22:52:06,1.446,107.33,43.76,0.696,137.93
2026-07-05,20220224C,166.678,-22.94,host,True,False,True,True,True,False,False,2026-07-05 21:47:06,2026-07-06 04:45:29,,,,,,0.684,
2026-07-05,20220418A,219.106,70.095,host,True,True,True,True,True,True,True,2026-07-05 21:47:06,2026-07-06 04:45:29,2026-07-05 21:47:06,2026-07-05 23:47:06,1.398,103.51,45.68,0.694,142.98
2026-07-05,20190614D,65.076,73.707,host,True,False,True,True,True,False,False,2026-07-05 21:47:06,2026-07-06 04:45:29,,,,,,0.684,
2026-07-05,20221219A,257.63,71.627,host,True,True,True,True,True,True,True,2026-07-05 21:47:06,2026-07-06 04:45:29,2026-07-05 21:47:06,2026-07-06 02:07:06,1.369,96.2,46.95,0.69,170.02
2026-07-05,20230814B,335.976,73.026,host,True,True,True,True,True,True,True,2026-07-05 21:47:06,2026-07-06 04:45:29,2026-07-06 02:17:06,2026-07-06 04:42:06,1.421,101.55,44.72,0.675,-159.2
2026-07-05,20231020B,57.278,-37.77,host,False,False,True,True,True,False,False,2026-07-05 21:47:06,2026-07-06 04:45:29,,,,,,0.684,
2026-07-05,20230907D,187.142,8.658,host,True,True,True,True,True,False,False,2026-07-05 21:47:06,2026-07-06 04:45:29,,,,,,0.684,
2026-07-05,20230712A,167.36,72.558,host,True,False,True,True,True,False,False,2026-07-05 21:47:06,2026-07-06 04:45:29,,,,,,0.684,
2026-07-05,20220204A,274.228,69.722,host,True,True,True,True,True,True,True,2026-07-05 21:47:06,2026-07-06 04:45:29,2026-07-05 21:47:06,2026-07-06 03:27:06,1.325,92.76,49.02,0.687,178.41
2026-07-05,20230613A,356.853,-27.053,host,True,False,False,True,True,False,False,2026-07-05 21:47:06,2026-07-06 04:45:29,,,,,,0.684,
2026-07-05,20240119A,224.467,71.612,host,True,True,True,True,True,True,True,2026-07-05 21:47:06,2026-07-06 04:45:29,2026-07-05 21:47:06,2026-07-05 23:52:06,1.41,102.84,45.16,0.694,148.85
2026-07-05,20220717A,293.304,-19.288,host,True,True,True,True,True,True,True,2026-07-05 21:47:06,2026-07-06 04:45:29,2026-07-06 01:32:06,2026-07-06 02:07:06,1.494,8.63,42.01,0.682,1.08
2026-07-05,20220726A,73.946,69.93,host,True,False,True,True,True,False,False,2026-07-05 21:47:06,2026-07-06 04:45:29,,,,,,0.684,
2026-07-05,20231220A,123.909,73.66,host,True,False,True,True,True,False,False,2026-07-05 21:47:06,2026-07-06 04:45:29,,,,,,0.684,
2026-07-05,20180301A,93.227,4.671,host,True,False,True,True,True,False,False,2026-07-05 21:47:06,2026-07-06 04:45:29,,,,,,0.684,
2026-07-05,20230626A,235.63,71.134,host,True,True,True,True,True,True,True,2026-07-05 21:47:06,2026-07-06 04:45:29,2026-07-05 21:47:06,2026-07-06 00:42:06,1.383,99.81,46.3,0.692,154.67
2026-07-05,20230125D,150.205,-31.545,host,True,False,True,True,True,False,False,2026-07-05 21:47:06,2026-07-06 04:45:29,,,,,,0.684,
2026-07-05,20230913,305.037,70.793,host,True,True,True,True,True,True,True,2026-07-05 21:47:06,2026-07-06 04:45:29,2026-07-05 23:47:06,2026-07-06 04:42:06,1.35,94.59,47.81,0.68,-174.05
2026-07-05,20230501A,340.027,70.922,host,True,True,True,True,True,True,True,2026-07-05 21:47:06,2026-07-06 04:45:29,2026-07-06 02:12:06,2026-07-06 04:42:06,1.392,101.11,45.94,0.675,-151.75
2026-07-05,20220506D,318.045,72.827,host,True,True,True,True,True,True,True,2026-07-05 21:47:06,2026-07-06 04:45:29,2026-07-06 01:02:06,2026-07-06 04:42:06,1.4,98.11,45.58,0.678,-168.95
2026-07-05,20240229A,169.984,70.676,host,True,False,True,True,True,False,False,2026-07-05 21:47:06,2026-07-06 04:45:29,,,,,,0.684,
2026-07-05,20221116A,21.211,72.654,host,True,False,True,True,True,False,False,2026-07-05 21:47:06,2026-07-06 04:45:29,,,,,,0.684,
2026-07-05,20230307A,177.782,71.695,host,True,False,True,True,True,False,False,2026-07-05 21:47:06,2026-07-06 04:45:29,,,,,,0.684,
2026-07-05,20231123B,242.538,70.785,host,True,True,True,True,True,True,True,2026-07-05 21:47:06,2026-07-06 04:45:29,2026-07-05 21:47:06,2026-07-06 01:12:06,1.367,98.05,47.02,0.691,158.49
2026-07-05,20221113A,71.411,70.307,host,True,False,True,True,True,False,False,2026-07-05 21:47:06,2026-07-06 04:45:29,,,,,,0.684,
2026-07-05,20221101B,342.216,70.682,host,True,True,True,True,True,True,True,2026-07-05 21:47:06,2026-07-06 04:45:29,2026-07-06 02:17:06,2026-07-06 04:42:06,1.39,101.52,45.99,0.675,-150.46
2026-07-05,20240215A,268.441,70.232,host,True,True,True,True,True,True,True,2026-07-05 21:47:06,2026-07-06 04:45:29,2026-07-05 21:47:06,2026-07-06 03:02:06,1.336,93.69,48.45,0.688,174.09
2026-07-05,20121102A,82.994542,33.147897,host,True,False,True,True,True,False,False,2026-07-05 21:47:06,2026-07-06 04:45:29,,,,,,0.684,
2026-07-05,20230628A,166.787,72.282,host,True,False,True,True,True,False,False,2026-07-05 21:47:06,2026-07-06 04:45:29,,,,,,0.684,
2026-07-05,20240213A,166.168,74.075,host,True,False,True,True,True,False,False,2026-07-05 21:47:06,2026-07-06 04:45:29,,,,,,0.684,
2026-07-05,20201124A,77.015,26.061,host,True,False,True,True,True,False,False,2026-07-05 21:47:06,2026-07-06 04:45:29,,,,,,0.684,
2026-07-05,20230124A,231.917,70.968,host,True,True,True,True,True,True,True,2026-07-05 21:47:06,2026-07-06 04:45:29,2026-07-05 21:47:06,2026-07-06 00:32:06,1.388,100.57,46.1,0.693,151.52
2026-07-05,20230930A,10.507,41.417,host,True,True,True,True,True,True,True,2026-07-05 21:47:06,2026-07-06 04:45:29,2026-07-06 03:07:06,2026-07-06 04:42:06,1.281,101.68,51.3,0.673,-94.58
2026-07-05,20240203,312.621,73.9,host,True,True,True,True,True,True,True,2026-07-05 21:47:06,2026-07-06 04:45:29,2026-07-06 00:57:06,2026-07-06 04:42:06,1.421,98.32,44.73,0.678,-175.85
2026-07-05,20231120A,143.985,73.285,host,True,False,True,True,True,False,False,2026-07-05 21:47:06,2026-07-06 04:45:29,,,,,,0.684,
2026-07-05,20201123A,263.66,-50.764,host,False,False,True,True,True,False,False,2026-07-05 21:47:06,2026-07-06 04:45:29,,,,,,0.684,
2026-07-06,20171020A,333.8531,-19.5853,host,True,False,True,True,True,False,False,2026-07-06 21:46:52,2026-07-07 04:46:04,,,,,,0.583,
2026-07-06,20180924B,326.105236,-40.900253,host,False,False,True,True,True,False,False,2026-07-06 21:46:52,2026-07-07 04:46:04,,,,,,0.583,
2026-07-06,20190102C,322.415209,-79.475758,host,False,False,True,True,True,False,False,2026-07-06 21:46:52,2026-07-07 04:46:04,,,,,,0.583,
2026-07-06,20190608B,334.020406,-7.898868,host,True,True,True,True,True,True,True,2026-07-06 21:46:52,2026-07-07 04:46:04,2026-07-07 02:21:52,2026-07-07 04:41:52,1.287,48.44,51.01,0.573,-19.42
2026-07-06,20190714A,183.979525,-13.021079,host,True,False,True,True,True,False,False,2026-07-06 21:46:52,2026-07-07 04:46:04,,,,,,0.583,
2026-07-06,20191001A,323.352187,-54.747748,host,False,False,True,True,True,False,False,2026-07-06 21:46:52,2026-07-07 04:46:04,,,,,,0.583,
2026-07-06,20200906A,53.496,-14.083,host,True,False,True,True,True,False,False,2026-07-06 21:46:52,2026-07-07 04:46:04,,,,,,0.583,
2026-07-06,20210320C,204.458854,-16.122552,host,True,False,True,True,True,False,False,2026-07-06 21:46:52,2026-07-07 04:46:04,,,,,,0.583,
2026-07-06,20210410D,326.086,-79.318,host,False,False,True,True,True,False,False,2026-07-06 21:46:52,2026-07-07 04:46:04,,,,,,0.583,
2026-07-06,20210807D,299.2214,-0.7624,host,True,True,True,True,True,True,True,2026-07-06 21:46:52,2026-07-07 04:46:04,2026-07-06 23:31:52,2026-07-07 04:41:52,1.148,25.43,60.54,0.579,-0.57
2026-07-06,20211127I,199.808,-18.838,host,True,False,True,True,True,False,False,2026-07-06 21:46:52,2026-07-07 04:46:04,,,,,,0.583,
2026-07-06,20211203C,204.56526,-31.379107,host,True,False,True,True,True,False,False,2026-07-06 21:46:52,2026-07-07 04:46:04,,,,,,0.583,
2026-07-06,20211212A,157.351,1.361,host,True,False,True,True,True,False,False,2026-07-06 21:46:52,2026-07-07 04:46:04,,,,,,0.583,
2026-07-06,20220207C,310.197679,72.882658,host,True,True,True,True,True,True,True,2026-07-06 21:46:52,2026-07-07 04:46:04,2026-07-07 00:26:52,2026-07-07 04:41:52,1.396,96.89,45.74,0.577,-175.25
2026-07-06,20220307B,350.875,72.192,host,True,True,True,True,True,True,True,2026-07-06 21:46:52,2026-07-07 04:46:04,2026-07-07 03:01:52,2026-07-07 04:41:52,1.433,104.27,44.24,0.571,-147.91
2026-07-06,20220310F,134.721,73.491,host,True,False,True,True,True,False,False,2026-07-06 21:46:52,2026-07-07 04:46:04,,,,,,0.583,
2026-07-06,20220319D,32.177917,71.03525,host,True,False,True,True,True,False,False,2026-07-06 21:46:52,2026-07-07 04:46:04,,,,,,0.583,
2026-07-06,20220509G,282.674806,70.242726,host,True,True,True,True,True,True,True,2026-07-06 21:46:52,2026-07-07 04:46:04,2026-07-06 22:11:52,2026-07-07 03:51:52,1.336,92.9,48.48,0.584,-179.91
2026-07-06,20220825A,311.982,72.585,host,True,True,True,True,True,True,True,2026-07-06 21:46:52,2026-07-07 04:46:04,2026-07-07 00:31:52,2026-07-07 04:41:52,1.391,96.83,45.98,0.577,-172.97
2026-07-06,20220912A,347.270174,48.706618,host,True,True,True,True,True,True,True,2026-07-06 21:46:52,2026-07-07 04:46:04,2026-07-07 01:31:52,2026-07-07 04:41:52,1.187,89.83,57.42,0.575,-115.8
2026-07-06,20220914A,282.058507,73.336282,host,True,True,True,True,True,True,True,2026-07-06 21:46:52,2026-07-07 04:46:04,2026-07-06 22:41:52,2026-07-07 03:16:52,1.405,96.0,45.39,0.584,179.31
2026-07-06,20220920A,240.256794,70.918007,host,True,True,True,True,True,True,True,2026-07-06 21:46:52,2026-07-07 04:46:04,2026-07-06 21:46:52,2026-07-07 01:01:52,1.375,98.75,46.65,0.591,156.08
2026-07-06,20221012A,280.801417,70.524175,host,True,True,True,True,True,True,True,2026-07-06 21:46:52,2026-07-07 04:46:04,2026-07-06 22:06:52,2026-07-07 03:41:52,1.341,93.22,48.21,0.584,179.27
2026-07-06,20181112A,327.348458,-52.970944,signal,False,False,True,True,True,False,False,2026-07-06 21:46:52,2026-07-07 04:46:04,,,,,,0.583,
2026-07-06,20190611B,320.742887,-79.397286,host,False,False,True,True,True,False,False,2026-07-06 21:46:52,2026-07-07 04:46:04,,,,,,0.583,
2026-07-06,20190711A,329.419,-80.358,host,False,False,True,True,True,False,False,2026-07-06 21:46:52,2026-07-07 04:46:04,,,,,,0.583,
2026-07-06,20191228A,344.430542,-29.594111,signal,True,False,True,True,True,False,False,2026-07-06 21:46:52,2026-07-07 04:46:04,,,,,,0.583,
2026-07-06,20200430A,229.706377,12.376607,host,True,True,True,True,True,True,True,2026-07-06 21:46:52,2026-07-07 04:46:04,2026-07-06 22:06:52,2026-07-07 00:41:52,1.172,65.09,58.56,0.591,54.35
2026-07-06,20200627A,326.695833,-39.484722,signal,False,False,True,True,True,False,False,2026-07-06 21:46:52,2026-07-07 04:46:04,,,,,,0.583,
2026-07-06,20210117A,339.979208,-16.151444,signal,True,True,True,True,True,True,True,2026-07-06 21:46:52,2026-07-07 04:46:04,2026-07-07 03:41:52,2026-07-07 04:41:52,1.435,51.12,44.18,0.57,-11.92
2026-07-06,20210214G,6.93,-5.832222,signal,True,True,False,True,True,False,False,2026-07-06 21:46:52,2026-07-07 04:46:04,,,,,,0.583,
2026-07-06,20210407E,78.650958,27.05825,signal,True,False,True,True,True,False,False,2026-07-06 21:46:52,2026-07-07 04:46:04,,,,,,0.583,
2026-07-06,20210809C,271.157083,1.328889,signal,True,True,True,True,True,True,True,2026-07-06 21:46:52,2026-07-07 04:46:04,2026-07-06 21:46:52,2026-07-07 03:01:52,1.128,27.88,62.48,0.587,5.08
2026-07-06,20210912A,350.7935,-30.405583,signal,True,False,True,True,True,False,False,2026-07-06 21:46:52,2026-07-07 04:46:04,,,,,,0.583,
2026-07-06,20220105A,208.803803,22.466479,host,True,True,True,True,True,True,True,2026-07-06 21:46:52,2026-07-07 04:46:04,2026-07-06 21:46:52,2026-07-06 23:36:52,1.222,87.36,54.92,0.594,71.52
2026-07-06,20220501C,352.379167,-32.490722,signal,True,False,True,True,True,False,False,2026-07-06 21:46:52,2026-07-07 04:46:04,,,,,,0.583,
2026-07-06,20220531A,294.709167,-60.296667,signal,False,False,True,True,True,False,False,2026-07-06 21:46:52,2026-07-07 04:46:04,,,,,,0.583,
2026-07-06,20220610A,351.073,-33.514,host,True,False,True,True,True,False,False,2026-07-06 21:46:52,2026-07-07 04:46:04,,,,,,0.583,
2026-07-06,20220725A,353.315342,-35.990268,host,True,False,True,True,True,False,False,2026-07-06 21:46:52,2026-07-07 04:46:04,,,,,,0.583,
2026-07-06,20220918A,17.592125,-70.811389,signal,False,False,True,True,True,False,False,2026-07-06 21:46:52,2026-07-07 04:46:04,,,,,,0.583,
2026-07-06,20221106A,56.704551,-25.569831,host,True,False,True,True,True,False,False,2026-07-06 21:46:52,2026-07-07 04:46:04,,,,,,0.583,
2026-07-06,20230521A,327.75125,-2.386111,signal,True,True,True,True,True,True,True,2026-07-06 21:46:52,2026-07-07 04:46:04,2026-07-07 01:31:52,2026-07-07 04:41:52,1.204,45.33,56.14,0.575,-22.06
2026-07-06,20230526A,22.232615,-52.717373,host,False,False,True,True,True,False,False,2026-07-06 21:46:52,2026-07-07 04:46:04,,,,,,0.583,
2026-07-06,20230708A,303.115511,-55.356262,host,False,False,True,True,True,False,False,2026-07-06 21:46:52,2026-07-07 04:46:04,,,,,,0.583,
2026-07-06,20230718A,128.161917,-40.451944,signal,False,False,True,True,True,False,False,2026-07-06 21:46:52,2026-07-07 04:46:04,,,,,,0.583,
2026-07-06,20230731A,174.601458,-56.799056,signal,False,False,True,True,True,False,False,2026-07-06 21:46:52,2026-07-07 04:46:04,,,,,,0.583,
2026-07-06,20230902A,52.139961,-47.333434,host,False,False,True,True,True,False,False,2026-07-06 21:46:52,2026-07-07 04:46:04,,,,,,0.583,
2026-07-06,20231006A,296.003333,-64.648889,signal,False,False,True,True,True,False,False,2026-07-06 21:46:52,2026-07-07 04:46:04,,,,,,0.583,
2026-07-06,20231226A,155.363856,6.109704,host,True,False,True,True,True,False,False,2026-07-06 21:46:52,2026-07-07 04:46:04,,,,,,0.583,
2026-07-06,20240201A,149.906029,14.088739,host,True,False,True,True,True,False,False,2026-07-06 21:46:52,2026-07-07 04:46:04,,,,,,0.583,
2026-07-06,20240208A,159.229001,-0.953397,host,True,False,True,True,True,False,False,2026-07-06 21:46:52,2026-07-07 04:46:04,,,,,,0.583,
2026-07-06,20240210A,8.77693,-28.271997,host,True,False,True,True,True,False,False,2026-07-06 21:46:52,2026-07-07 04:46:04,,,,,,0.583,
2026-07-06,20240304A,136.330524,-16.166242,host,True,False,True,True,True,False,False,2026-07-06 21:46:52,2026-07-07 04:46:04,,,,,,0.583,
2026-07-06,20240310A,17.621847,-44.439331,host,False,False,True,True,True,False,False,2026-07-06 21:46:52,2026-07-07 04:46:04,,,,,,0.583,
2026-07-06,20240318A,150.393564,37.616432,host,True,False,True,True,True,False,False,2026-07-06 21:46:52,2026-07-07 04:46:04,,,,,,0.583,
2026-07-06,20240304B,182.997,11.813,host,True,False,True,True,True,False,False,2026-07-06 21:46:52,2026-07-07 04:46:04,,,,,,0.583,
2026-07-06,20230521B,351.036,71.138,host,True,True,True,True,True,True,True,2026-07-06 21:46:52,2026-07-07 04:46:04,2026-07-07 02:51:52,2026-07-07 04:41:52,1.417,103.78,44.88,0.572,-145.63
2026-07-06,20240104A,348.874,72.821,host,True,True,True,True,True,True,True,2026-07-06 21:46:52,2026-07-07 04:46:04,2026-07-07 03:06:52,2026-07-07 04:41:52,1.435,104.08,44.19,0.571,-152.15
2026-07-06,20221029A,141.966,72.452,host,True,False,True,True,True,False,False,2026-07-06 21:46:52,2026-07-07 04:46:04,,,,,,0.583,
2026-07-06,20240123A,68.263,71.945,host,True,False,True,True,True,False,False,2026-07-06 21:46:52,2026-07-07 04:46:04,,,,,,0.583,
2026-07-06,20220222C,203.904,-28.027,host,True,False,True,True,True,False,False,2026-07-06 21:46:52,2026-07-07 04:46:04,,,,,,0.583,
2026-07-06,20190523A,207.064,72.471,host,True,True,True,True,True,True,True,2026-07-06 21:46:52,2026-07-07 04:46:04,2026-07-06 21:46:52,2026-07-06 22:31:52,1.466,108.19,43.0,0.596,139.44
2026-07-06,20250518,207.992,71.282,host,True,True,True,True,True,True,True,2026-07-06 21:46:52,2026-07-07 04:46:04,2026-07-06 21:46:52,2026-07-06 22:46:52,1.444,107.55,43.83,0.596,138.32
2026-07-06,20220224C,166.678,-22.94,host,True,False,True,True,True,False,False,2026-07-06 21:46:52,2026-07-07 04:46:04,,,,,,0.583,
2026-07-06,20220418A,219.106,70.095,host,True,True,True,True,True,True,True,2026-07-06 21:46:52,2026-07-07 04:46:04,2026-07-06 21:46:52,2026-07-06 23:41:52,1.402,103.72,45.48,0.594,141.86
2026-07-06,20190614D,65.076,73.707,host,True,False,True,True,True,False,False,2026-07-06 21:46:52,2026-07-07 04:46:04,,,,,,0.583,
2026-07-06,20221219A,257.63,71.627,host,True,True,True,True,True,True,True,2026-07-06 21:46:52,2026-07-07 04:46:04,2026-07-06 21:46:52,2026-07-07 02:01:52,1.37,96.24,46.89,0.589,168.84
2026-07-06,20230814B,335.976,73.026,host,True,True,True,True,True,True,True,2026-07-06 21:46:52,2026-07-07 04:46:04,2026-07-07 02:16:52,2026-07-07 04:41:52,1.419,101.23,44.81,0.573,-160.34
2026-07-06,20231020B,57.278,-37.77,host,False,False,True,True,True,False,False,2026-07-06 21:46:52,2026-07-07 04:46:04,,,,,,0.583,
2026-07-06,20230907D,187.142,8.658,host,True,True,True,True,True,False,False,2026-07-06 21:46:52,2026-07-07 04:46:04,,,,,,0.583,
2026-07-06,20230712A,167.36,72.558,host,True,False,True,True,True,False,False,2026-07-06 21:46:52,2026-07-07 04:46:04,,,,,,0.583,
2026-07-06,20220204A,274.228,69.722,host,True,True,True,True,True,True,True,2026-07-06 21:46:52,2026-07-07 04:46:04,2026-07-06 21:46:52,2026-07-07 03:26:52,1.325,92.72,49.01,0.586,177.17
2026-07-06,20230613A,356.853,-27.053,host,True,False,True,True,True,False,False,2026-07-06 21:46:52,2026-07-07 04:46:04,,,,,,0.583,
2026-07-06,20240119A,224.467,71.612,host,True,True,True,True,True,True,True,2026-07-06 21:46:52,2026-07-07 04:46:04,2026-07-06 21:46:52,2026-07-06 23:51:52,1.414,103.01,45.01,0.593,147.73
2026-07-06,20220717A,293.304,-19.288,host,True,True,True,True,True,True,True,2026-07-06 21:46:52,2026-07-07 04:46:04,2026-07-07 01:31:52,2026-07-07 02:01:52,1.494,7.72,42.01,0.581,0.69
2026-07-06,20220726A,73.946,69.93,host,True,False,True,True,True,False,False,2026-07-06 21:46:52,2026-07-07 04:46:04,,,,,,0.583,
2026-07-06,20231220A,123.909,73.66,host,True,False,True,True,True,False,False,2026-07-06 21:46:52,2026-07-07 04:46:04,,,,,,0.583,
2026-07-06,20180301A,93.227,4.671,host,True,False,True,True,True,False,False,2026-07-06 21:46:52,2026-07-07 04:46:04,,,,,,0.583,
2026-07-06,20230626A,235.63,71.134,host,True,True,True,True,True,True,True,2026-07-06 21:46:52,2026-07-07 04:46:04,2026-07-06 21:46:52,2026-07-07 00:41:52,1.386,99.95,46.17,0.592,153.51
2026-07-06,20230125D,150.205,-31.545,host,True,False,True,True,True,False,False,2026-07-06 21:46:52,2026-07-07 04:46:04,,,,,,0.583,
2026-07-06,20230913,305.037,70.793,host,True,True,True,True,True,True,True,2026-07-06 21:46:52,2026-07-07 04:46:04,2026-07-06 23:46:52,2026-07-07 04:41:52,1.349,94.38,47.83,0.578,-175.25
2026-07-06,20230501A,340.027,70.922,host,True,True,True,True,True,True,True,2026-07-06 21:46:52,2026-07-07 04:46:04,2026-07-07 02:06:52,2026-07-07 04:41:52,1.388,100.75,46.08,0.573,-152.9
2026-07-06,20220506D,318.045,72.827,host,True,True,True,True,True,True,True,2026-07-06 21:46:52,2026-07-07 04:46:04,2026-07-07 01:01:52,2026-07-07 04:41:52,1.399,97.86,45.63,0.576,-170.11
2026-07-06,20240229A,169.984,70.676,host,True,False,True,True,True,False,False,2026-07-06 21:46:52,2026-07-07 04:46:04,,,,,,0.583,
2026-07-06,20221116A,21.211,72.654,host,True,False,True,True,True,False,False,2026-07-06 21:46:52,2026-07-07 04:46:04,,,,,,0.583,
2026-07-06,20230307A,177.782,71.695,host,True,False,True,True,True,False,False,2026-07-06 21:46:52,2026-07-07 04:46:04,,,,,,0.583,
2026-07-06,20231123B,242.538,70.785,host,True,True,True,True,True,True,True,2026-07-06 21:46:52,2026-07-07 04:46:04,2026-07-06 21:46:52,2026-07-07 01:11:52,1.37,98.16,46.9,0.591,157.32
2026-07-06,20221113A,71.411,70.307,host,True,False,True,True,True,False,False,2026-07-06 21:46:52,2026-07-07 04:46:04,,,,,,0.583,
2026-07-06,20221101B,342.216,70.682,host,True,True,True,True,True,True,True,2026-07-06 21:46:52,2026-07-07 04:46:04,2026-07-07 02:11:52,2026-07-07 04:41:52,1.392,101.16,45.94,0.573,-150.06
2026-07-06,20240215A,268.441,70.232,host,True,True,True,True,True,True,True,2026-07-06 21:46:52,2026-07-07 04:46:04,2026-07-06 21:46:52,2026-07-07 02:56:52,1.336,93.68,48.46,0.587,174.52
2026-07-06,20121102A,82.994542,33.147897,host,True,False,True,True,True,False,False,2026-07-06 21:46:52,2026-07-07 04:46:04,,,,,,0.583,
2026-07-06,20230628A,166.787,72.282,host,True,False,True,True,True,False,False,2026-07-06 21:46:52,2026-07-07 04:46:04,,,,,,0.583,
2026-07-06,20240213A,166.168,74.075,host,True,False,True,True,True,False,False,2026-07-06 21:46:52,2026-07-07 04:46:04,,,,,,0.583,
2026-07-06,20201124A,77.015,26.061,host,True,False,True,True,True,False,False,2026-07-06 21:46:52,2026-07-07 04:46:04,,,,,,0.583,
2026-07-06,20230124A,231.917,70.968,host,True,True,True,True,True,True,True,2026-07-06 21:46:52,2026-07-07 04:46:04,2026-07-06 21:46:52,2026-07-07 00:26:52,1.387,100.73,46.15,0.592,151.93
2026-07-06,20230930A,10.507,41.417,host,True,True,True,True,True,True,True,2026-07-06 21:46:52,2026-07-07 04:46:04,2026-07-07 03:06:52,2026-07-07 04:41:52,1.269,100.89,51.99,0.571,-95.27
2026-07-06,20240203,312.621,73.9,host,True,True,True,True,True,True,True,2026-07-06 21:46:52,2026-07-07 04:46:04,2026-07-07 00:56:52,2026-07-07 04:41:52,1.421,98.1,44.74,0.576,-176.99
2026-07-06,20231120A,143.985,73.285,host,True,False,True,True,True,False,False,2026-07-06 21:46:52,2026-07-07 04:46:04,,,,,,0.583,
2026-07-06,20201123A,263.66,-50.764,host,False,False,True,True,True,False,False,2026-07-06 21:46:52,2026-07-07 04:46:04,,,,,,0.583,
2026-07-07,20171020A,333.8531,-19.5853,host,True,False,True,True,True,False,False,2026-07-07 21:46:35,2026-07-08 04:46:40,,,,,,0.475,
2026-07-07,20180924B,326.105236,-40.900253,host,False,False,True,True,True,False,False,2026-07-07 21:46:35,2026-07-08 04:46:40,,,,,,0.475,
2026-07-07,20190102C,322.415209,-79.475758,host,False,False,True,True,True,False,False,2026-07-07 21:46:35,2026-07-08 04:46:40,,,,,,0.475,
2026-07-07,20190608B,334.020406,-7.898868,host,True,True,True,True,True,True,True,2026-07-07 21:46:35,2026-07-08 04:46:40,2026-07-08 02:16:35,2026-07-08 04:46:35,1.281,47.49,51.31,0.464,-18.23
2026-07-07,20190714A,183.979525,-13.021079,host,True,False,True,True,True,False,False,2026-07-07 21:46:35,2026-07-08 04:46:40,,,,,,0.475,
2026-07-07,20191001A,323.352187,-54.747748,host,False,False,True,True,True,False,False,2026-07-07 21:46:35,2026-07-08 04:46:40,,,,,,0.475,
2026-07-07,20200906A,53.496,-14.083,host,True,False,True,True,True,False,False,2026-07-07 21:46:35,2026-07-08 04:46:40,,,,,,0.475,
2026-07-07,20210320C,204.458854,-16.122552,host,True,False,True,True,True,False,False,2026-07-07 21:46:35,2026-07-08 04:46:40,,,,,,0.475,
2026-07-07,20210410D,326.086,-79.318,host,False,False,True,True,True,False,False,2026-07-07 21:46:35,2026-07-08 04:46:40,,,,,,0.475,
2026-07-07,20210807D,299.2214,-0.7624,host,True,True,True,True,True,True,True,2026-07-07 21:46:35,2026-07-08 04:46:40,2026-07-07 23:26:35,2026-07-08 04:41:35,1.148,24.85,60.55,0.471,1.06
2026-07-07,20211127I,199.808,-18.838,host,True,False,True,True,True,False,False,2026-07-07 21:46:35,2026-07-08 04:46:40,,,,,,0.475,
2026-07-07,20211203C,204.56526,-31.379107,host,True,False,True,True,True,False,False,2026-07-07 21:46:35,2026-07-08 04:46:40,,,,,,0.475,
2026-07-07,20211212A,157.351,1.361,host,True,False,True,True,True,False,False,2026-07-07 21:46:35,2026-07-08 04:46:40,,,,,,0.475,
2026-07-07,20220207C,310.197679,72.882658,host,True,True,True,True,True,True,True,2026-07-07 21:46:35,2026-07-08 04:46:40,2026-07-08 00:26:35,2026-07-08 04:46:35,1.396,96.67,45.76,0.469,-176.4
2026-07-07,20220307B,350.875,72.192,host,True,True,True,True,True,True,True,2026-07-07 21:46:35,2026-07-08 04:46:40,2026-07-08 03:01:35,2026-07-08 04:46:35,1.425,103.9,44.58,0.463,-150.54
2026-07-07,20220310F,134.721,73.491,host,True,False,True,True,True,False,False,2026-07-07 21:46:35,2026-07-08 04:46:40,,,,,,0.475,
2026-07-07,20220319D,32.177917,71.03525,host,True,False,True,True,True,False,False,2026-07-07 21:46:35,2026-07-08 04:46:40,,,,,,0.475,
2026-07-07,20220509G,282.674806,70.242726,host,True,True,True,True,True,True,True,2026-07-07 21:46:35,2026-07-08 04:46:40,2026-07-07 22:06:35,2026-07-08 03:51:35,1.336,92.81,48.48,0.476,178.87
2026-07-07,20220825A,311.982,72.585,host,True,True,True,True,True,True,True,2026-07-07 21:46:35,2026-07-08 04:46:40,2026-07-08 00:26:35,2026-07-08 04:46:35,1.39,96.6,46.01,0.469,-174.13
2026-07-07,20220912A,347.270174,48.706618,host,True,True,True,True,True,True,True,2026-07-07 21:46:35,2026-07-08 04:46:40,2026-07-08 01:26:35,2026-07-08 04:46:35,1.18,89.2,57.96,0.466,-116.92
2026-07-07,20220914A,282.058507,73.336282,host,True,True,True,True,True,True,True,2026-07-07 21:46:35,2026-07-08 04:46:40,2026-07-07 22:36:35,2026-07-08 03:11:35,1.405,95.91,45.39,0.476,179.73
2026-07-07,20220920A,240.256794,70.918007,host,True,True,True,True,True,True,True,2026-07-07 21:46:35,2026-07-08 04:46:40,2026-07-07 21:46:35,2026-07-08 00:56:35,1.374,98.87,46.69,0.484,156.5
2026-07-07,20221012A,280.801417,70.524175,host,True,True,True,True,True,True,True,2026-07-07 21:46:35,2026-07-08 04:46:40,2026-07-07 22:01:35,2026-07-08 03:41:35,1.341,93.14,48.21,0.477,179.71
2026-07-07,20181112A,327.348458,-52.970944,signal,False,False,True,True,True,False,False,2026-07-07 21:46:35,2026-07-08 04:46:40,,,,,,0.475,
2026-07-07,20190611B,320.742887,-79.397286,host,False,False,True,True,True,False,False,2026-07-07 21:46:35,2026-07-08 04:46:40,,,,,,0.475,
2026-07-07,20190711A,329.419,-80.358,host,False,False,True,True,True,False,False,2026-07-07 21:46:35,2026-07-08 04:46:40,,,,,,0.475,
2026-07-07,20191228A,344.430542,-29.594111,signal,True,False,True,True,True,False,False,2026-07-07 21:46:35,2026-07-08 04:46:40,,,,,,0.475,
2026-07-07,20200430A,229.706377,12.376607,host,True,True,True,True,True,True,True,2026-07-07 21:46:35,2026-07-08 04:46:40,2026-07-07 22:01:35,2026-07-08 00:41:35,1.169,65.89,58.83,0.484,54.1
2026-07-07,20200627A,326.695833,-39.484722,signal,False,False,True,True,True,False,False,2026-07-07 21:46:35,2026-07-08 04:46:40,,,,,,0.475,
2026-07-07,20210117A,339.979208,-16.151444,signal,True,True,True,True,True,True,True,2026-07-07 21:46:35,2026-07-08 04:46:40,2026-07-08 03:36:35,2026-07-08 04:46:35,1.43,50.18,44.36,0.461,-10.83
2026-07-07,20210214G,6.93,-5.832222,signal,True,True,False,True,True,False,False,2026-07-07 21:46:35,2026-07-08 04:46:40,,,,,,0.475,
2026-07-07,20210407E,78.650958,27.05825,signal,True,False,True,True,True,False,False,2026-07-07 21:46:35,2026-07-08 04:46:40,,,,,,0.475,
2026-07-07,20210809C,271.157083,1.328889,signal,True,True,True,True,True,True,True,2026-07-07 21:46:35,2026-07-08 04:46:40,2026-07-07 21:46:35,2026-07-08 02:56:35,1.127,28.31,62.51,0.479,4.44
2026-07-07,20210912A,350.7935,-30.405583,signal,True,False,True,True,True,False,False,2026-07-07 21:46:35,2026-07-08 04:46:40,,,,,,0.475,
2026-07-07,20220105A,208.803803,22.466479,host,True,True,True,True,True,True,True,2026-07-07 21:46:35,2026-07-08 04:46:40,2026-07-07 21:46:35,2026-07-07 23:36:35,1.234,88.16,54.12,0.487,71.55
2026-07-07,20220501C,352.379167,-32.490722,signal,True,False,True,True,True,False,False,2026-07-07 21:46:35,2026-07-08 04:46:40,,,,,,0.475,
2026-07-07,20220531A,294.709167,-60.296667,signal,False,False,True,True,True,False,False,2026-07-07 21:46:35,2026-07-08 04:46:40,,,,,,0.475,
2026-07-07,20220610A,351.073,-33.514,host,True,False,True,True,True,False,False,2026-07-07 21:46:35,2026-07-08 04:46:40,,,,,,0.475,
2026-07-07,20220725A,353.315342,-35.990268,host,True,False,True,True,True,False,False,2026-07-07 21:46:35,2026-07-08 04:46:40,,,,,,0.475,
2026-07-07,20220918A,17.592125,-70.811389,signal,False,False,True,True,True,False,False,2026-07-07 21:46:35,2026-07-08 04:46:40,,,,,,0.475,
2026-07-07,20221106A,56.704551,-25.569831,host,True,False,True,True,True,False,False,2026-07-07 21:46:35,2026-07-08 04:46:40,,,,,,0.475,
2026-07-07,20230521A,327.75125,-2.386111,signal,True,True,True,True,True,True,True,2026-07-07 21:46:35,2026-07-08 04:46:40,2026-07-08 01:26:35,2026-07-08 04:46:35,1.199,44.41,56.48,0.466,-20.75
2026-07-07,20230526A,22.232615,-52.717373,host,False,False,True,True,True,False,False,2026-07-07 21:46:35,2026-07-08 04:46:40,,,,,,0.475,
2026-07-07,20230708A,303.115511,-55.356262,host,False,False,True,True,True,False,False,2026-07-07 21:46:35,2026-07-08 04:46:40,,,,,,0.475,
2026-07-07,20230718A,128.161917,-40.451944,signal,False,False,True,True,True,False,False,2026-07-07 21:46:35,2026-07-08 04:46:40,,,,,,0.475,
2026-07-07,20230731A,174.601458,-56.799056,signal,False,False,True,True,True,False,False,2026-07-07 21:46:35,2026-07-08 04:46:40,,,,,,0.475,
2026-07-07,20230902A,52.139961,-47.333434,host,False,False,True,True,True,False,False,2026-07-07 21:46:35,2026-07-08 04:46:40,,,,,,0.475,
2026-07-07,20231006A,296.003333,-64.648889,signal,False,False,True,True,True,False,False,2026-07-07 21:46:35,2026-07-08 04:46:40,,,,,,0.475,
2026-07-07,20231226A,155.363856,6.109704,host,True,False,True,True,True,False,False,2026-07-07 21:46:35,2026-07-08 04:46:40,,,,,,0.475,
2026-07-07,20240201A,149.906029,14.088739,host,True,False,True,True,True,False,False,2026-07-07 21:46:35,2026-07-08 04:46:40,,,,,,0.475,
2026-07-07,20240208A,159.229001,-0.953397,host,True,False,True,True,True,False,False,2026-07-07 21:46:35,2026-07-08 04:46:40,,,,,,0.475,
2026-07-07,20240210A,8.77693,-28.271997,host,True,False,True,True,True,False,False,2026-07-07 21:46:35,2026-07-08 04:46:40,,,,,,0.475,
2026-07-07,20240304A,136.330524,-16.166242,host,True,False,True,True,True,False,False,2026-07-07 21:46:35,2026-07-08 04:46:40,,,,,,0.475,
2026-07-07,20240310A,17.621847,-44.439331,host,False,False,True,True,True,False,False,2026-07-07 21:46:35,2026-07-08 04:46:40,,,,,,0.475,
2026-07-07,20240318A,150.393564,37.616432,host,True,False,True,True,True,False,False,2026-07-07 21:46:35,2026-07-08 04:46:40,,,,,,0.475,
2026-07-07,20240304B,182.997,11.813,host,True,False,True,True,True,False,False,2026-07-07 21:46:35,2026-07-08 04:46:40,,,,,,0.475,
2026-07-07,20230521B,351.036,71.138,host,True,True,True,True,True,True,True,2026-07-07 21:46:35,2026-07-08 04:46:40,2026-07-08 02:51:35,2026-07-08 04:46:35,1.408,103.4,45.26,0.463,-148.28
2026-07-07,20240104A,348.874,72.821,host,True,True,True,True,True,True,True,2026-07-07 21:46:35,2026-07-08 04:46:40,2026-07-08 03:01:35,2026-07-08 04:46:35,1.431,103.72,44.32,0.463,-153.27
2026-07-07,20221029A,141.966,72.452,host,True,False,True,True,True,False,False,2026-07-07 21:46:35,2026-07-08 04:46:40,,,,,,0.475,
2026-07-07,20240123A,68.263,71.945,host,True,False,True,True,True,False,False,2026-07-07 21:46:35,2026-07-08 04:46:40,,,,,,0.475,
2026-07-07,20220222C,203.904,-28.027,host,True,False,True,True,True,False,False,2026-07-07 21:46:35,2026-07-08 04:46:40,,,,,,0.475,
2026-07-07,20190523A,207.064,72.471,host,True,True,True,True,True,True,True,2026-07-07 21:46:35,2026-07-08 04:46:40,2026-07-07 21:46:35,2026-07-07 22:26:35,1.464,108.38,43.07,0.489,139.83
2026-07-07,20250518,207.992,71.282,host,True,True,True,True,True,True,True,2026-07-07 21:46:35,2026-07-08 04:46:40,2026-07-07 21:46:35,2026-07-07 22:46:35,1.449,107.76,43.63,0.489,137.25
2026-07-07,20220224C,166.678,-22.94,host,True,False,True,True,True,False,False,2026-07-07 21:46:35,2026-07-08 04:46:40,,,,,,0.475,
2026-07-07,20220418A,219.106,70.095,host,True,True,True,True,True,True,True,2026-07-07 21:46:35,2026-07-08 04:46:40,2026-07-07 21:46:35,2026-07-07 23:41:35,1.407,103.92,45.29,0.486,140.75
2026-07-07,20190614D,65.076,73.707,host,True,False,True,True,True,False,False,2026-07-07 21:46:35,2026-07-08 04:46:40,,,,,,0.475,
2026-07-07,20221219A,257.63,71.627,host,True,True,True,True,True,True,True,2026-07-07 21:46:35,2026-07-08 04:46:40,2026-07-07 21:46:35,2026-07-08 01:56:35,1.369,96.27,46.91,0.481,169.27
2026-07-07,20230814B,335.976,73.026,host,True,True,True,True,True,True,True,2026-07-07 21:46:35,2026-07-08 04:46:40,2026-07-08 02:11:35,2026-07-08 04:46:35,1.417,100.91,44.9,0.464,-161.46
2026-07-07,20231020B,57.278,-37.77,host,False,False,True,True,True,False,False,2026-07-07 21:46:35,2026-07-08 04:46:40,,,,,,0.475,
2026-07-07,20230907D,187.142,8.658,host,True,False,True,True,True,False,False,2026-07-07 21:46:35,2026-07-08 04:46:40,,,,,,0.475,
2026-07-07,20230712A,167.36,72.558,host,True,False,True,True,True,False,False,2026-07-07 21:46:35,2026-07-08 04:46:40,,,,,,0.475,
2026-07-07,20220204A,274.228,69.722,host,True,True,True,True,True,True,True,2026-07-07 21:46:35,2026-07-08 04:46:40,2026-07-07 21:46:35,2026-07-08 03:21:35,1.325,92.68,48.99,0.478,175.95
2026-07-07,20230613A,356.853,-27.053,host,True,False,True,True,True,False,False,2026-07-07 21:46:35,2026-07-08 04:46:40,,,,,,0.475,
2026-07-07,20240119A,224.467,71.612,host,True,True,True,True,True,True,True,2026-07-07 21:46:35,2026-07-08 04:46:40,2026-07-07 21:46:35,2026-07-07 23:46:35,1.413,103.18,45.06,0.486,148.14
2026-07-07,20220717A,293.304,-19.288,host,True,True,True,True,True,True,True,2026-07-07 21:46:35,2026-07-08 04:46:40,2026-07-08 01:26:35,2026-07-08 01:56:35,1.494,6.83,42.01,0.473,0.29
2026-07-07,20220726A,73.946,69.93,host,True,False,True,True,True,False,False,2026-07-07 21:46:35,2026-07-08 04:46:40,,,,,,0.475,
2026-07-07,20231220A,123.909,73.66,host,True,False,True,True,True,False,False,2026-07-07 21:46:35,2026-07-08 04:46:40,,,,,,0.475,
2026-07-07,20180301A,93.227,4.671,host,True,False,True,True,True,False,False,2026-07-07 21:46:35,2026-07-08 04:46:40,,,,,,0.475,
2026-07-07,20230626A,235.63,71.134,host,True,True,True,True,True,True,True,2026-07-07 21:46:35,2026-07-08 04:46:40,2026-07-07 21:46:35,2026-07-08 00:36:35,1.385,100.08,46.22,0.484,153.93
2026-07-07,20230125D,150.205,-31.545,host,True,False,True,True,True,False,False,2026-07-07 21:46:35,2026-07-08 04:46:40,,,,,,0.475,
2026-07-07,20230913,305.037,70.793,host,True,True,True,True,True,True,True,2026-07-07 21:46:35,2026-07-08 04:46:40,2026-07-07 23:41:35,2026-07-08 04:46:35,1.349,94.17,47.86,0.47,-176.45
2026-07-07,20230501A,340.027,70.922,host,True,True,True,True,True,True,True,2026-07-07 21:46:35,2026-07-08 04:46:40,2026-07-08 02:01:35,2026-07-08 04:46:35,1.385,100.4,46.21,0.465,-154.05
2026-07-07,20220506D,318.045,72.827,host,True,True,True,True,True,True,True,2026-07-07 21:46:35,2026-07-08 04:46:40,2026-07-08 00:56:35,2026-07-08 04:46:35,1.398,97.6,45.67,0.468,-171.26
2026-07-07,20240229A,169.984,70.676,host,True,False,True,True,True,False,False,2026-07-07 21:46:35,2026-07-08 04:46:40,,,,,,0.475,
2026-07-07,20221116A,21.211,72.654,host,True,False,True,True,True,False,False,2026-07-07 21:46:35,2026-07-08 04:46:40,,,,,,0.475,
2026-07-07,20230307A,177.782,71.695,host,True,False,True,True,True,False,False,2026-07-07 21:46:35,2026-07-08 04:46:40,,,,,,0.475,
2026-07-07,20231123B,242.538,70.785,host,True,True,True,True,True,True,True,2026-07-07 21:46:35,2026-07-08 04:46:40,2026-07-07 21:46:35,2026-07-08 01:06:35,1.369,98.27,46.94,0.483,157.75
2026-07-07,20221113A,71.411,70.307,host,True,False,True,True,True,False,False,2026-07-07 21:46:35,2026-07-08 04:46:40,,,,,,0.475,
2026-07-07,20221101B,342.216,70.682,host,True,True,True,True,True,True,True,2026-07-07 21:46:35,2026-07-08 04:46:40,2026-07-08 02:11:35,2026-07-08 04:46:35,1.384,100.79,46.28,0.464,-152.76
2026-07-07,20240215A,268.441,70.232,host,True,True,True,True,True,True,True,2026-07-07 21:46:35,2026-07-08 04:46:40,2026-07-07 21:46:35,2026-07-08 02:51:35,1.337,93.67,48.43,0.479,173.31
2026-07-07,20121102A,82.994542,33.147897,host,True,False,True,True,True,False,False,2026-07-07 21:46:35,2026-07-08 04:46:40,,,,,,0.475,
2026-07-07,20230628A,166.787,72.282,host,True,False,True,True,True,False,False,2026-07-07 21:46:35,2026-07-08 04:46:40,,,,,,0.475,
2026-07-07,20240213A,166.168,74.075,host,True,False,True,True,True,False,False,2026-07-07 21:46:35,2026-07-08 04:46:40,,,,,,0.475,
2026-07-07,20201124A,77.015,26.061,host,True,False,True,True,True,False,False,2026-07-07 21:46:35,2026-07-08 04:46:40,,,,,,0.475,
2026-07-07,20230124A,231.917,70.968,host,True,True,True,True,True,True,True,2026-07-07 21:46:35,2026-07-08 04:46:40,2026-07-07 21:46:35,2026-07-08 00:21:35,1.39,100.88,46.0,0.485,150.79
2026-07-07,20230930A,10.507,41.417,host,True,True,True,True,True,True,True,2026-07-07 21:46:35,2026-07-08 04:46:40,2026-07-08 03:01:35,2026-07-08 04:46:35,1.258,100.1,52.67,0.463,-95.96
2026-07-07,20240203,312.621,73.9,host,True,True,True,True,True,True,True,2026-07-07 21:46:35,2026-07-08 04:46:40,2026-07-08 00:51:35,2026-07-08 04:46:35,1.42,97.88,44.76,0.468,-178.12
2026-07-07,20231120A,143.985,73.285,host,True,False,True,True,True,False,False,2026-07-07 21:46:35,2026-07-08 04:46:40,,,,,,0.475,
2026-07-07,20201123A,263.66,-50.764,host,False,False,True,True,True,False,False,2026-07-07 21:46:35,2026-07-08 04:46:40,,,,,,0.475,
2026-07-08,20171020A,333.8531,-19.5853,host,True,False,True,True,True,False,False,2026-07-08 21:46:17,2026-07-09 04:47:17,,,,,,0.365,
2026-07-08,20180924B,326.105236,-40.900253,host,False,False,True,True,True,False,False,2026-07-08 21:46:17,2026-07-09 04:47:17,,,,,,0.365,
2026-07-08,20190102C,322.415209,-79.475758,host,False,False,True,True,True,False,False,2026-07-08 21:46:17,2026-07-09 04:47:17,,,,,,0.365,
2026-07-08,20190608B,334.020406,-7.898868,host,True,True,True,True,True,True,True,2026-07-08 21:46:17,2026-07-09 04:47:17,2026-07-09 02:11:17,2026-07-09 04:46:17,1.276,46.55,51.59,0.354,-17.03
2026-07-08,20190714A,183.979525,-13.021079,host,True,False,True,True,True,False,False,2026-07-08 21:46:17,2026-07-09 04:47:17,,,,,,0.365,
2026-07-08,20191001A,323.352187,-54.747748,host,False,False,True,True,True,False,False,2026-07-08 21:46:17,2026-07-09 04:47:17,,,,,,0.365,
2026-07-08,20200906A,53.496,-14.083,host,True,False,True,True,True,False,False,2026-07-08 21:46:17,2026-07-09 04:47:17,,,,,,0.365,
2026-07-08,20210320C,204.458854,-16.122552,host,True,False,True,True,True,False,False,2026-07-08 21:46:17,2026-07-09 04:47:17,,,,,,0.365,
2026-07-08,20210410D,326.086,-79.318,host,False,False,True,True,True,False,False,2026-07-08 21:46:17,2026-07-09 04:47:17,,,,,,0.365,
2026-07-08,20210807D,299.2214,-0.7624,host,True,True,True,True,True,True,True,2026-07-08 21:46:17,2026-07-09 04:47:17,2026-07-08 23:26:17,2026-07-09 04:36:17,1.148,24.29,60.55,0.361,0.45
2026-07-08,20211127I,199.808,-18.838,host,True,False,True,True,True,False,False,2026-07-08 21:46:17,2026-07-09 04:47:17,,,,,,0.365,
2026-07-08,20211203C,204.56526,-31.379107,host,True,False,True,True,True,False,False,2026-07-08 21:46:17,2026-07-09 04:47:17,,,,,,0.365,
2026-07-08,20211212A,157.351,1.361,host,True,False,True,True,True,False,False,2026-07-08 21:46:17,2026-07-09 04:47:17,,,,,,0.365,
2026-07-08,20220207C,310.197679,72.882658,host,True,True,True,True,True,True,True,2026-07-08 21:46:17,2026-07-09 04:47:17,2026-07-09 00:21:17,2026-07-09 04:46:17,1.396,96.45,45.77,0.359,-177.55
2026-07-08,20220307B,350.875,72.192,host,True,True,True,True,True,True,True,2026-07-08 21:46:17,2026-07-09 04:47:17,2026-07-09 02:56:17,2026-07-09 04:46:17,1.426,103.53,44.53,0.353,-150.12
2026-07-08,20220310F,134.721,73.491,host,True,False,True,True,True,False,False,2026-07-08 21:46:17,2026-07-09 04:47:17,,,,,,0.365,
2026-07-08,20220319D,32.177917,71.03525,host,True,False,True,True,True,False,False,2026-07-08 21:46:17,2026-07-09 04:47:17,,,,,,0.365,
2026-07-08,20220509G,282.674806,70.242726,host,True,True,True,True,True,True,True,2026-07-08 21:46:17,2026-07-09 04:47:17,2026-07-08 22:01:17,2026-07-09 03:46:17,1.336,92.72,48.48,0.366,179.33
2026-07-08,20220825A,311.982,72.585,host,True,True,True,True,True,True,True,2026-07-08 21:46:17,2026-07-09 04:47:17,2026-07-09 00:26:17,2026-07-09 04:46:17,1.389,96.37,46.03,0.359,-175.28
2026-07-08,20220912A,347.270174,48.706618,host,True,True,True,True,True,True,True,2026-07-08 21:46:17,2026-07-09 04:47:17,2026-07-09 01:21:17,2026-07-09 04:46:17,1.173,88.57,58.49,0.356,-118.05
2026-07-08,20220914A,282.058507,73.336282,host,True,True,True,True,True,True,True,2026-07-08 21:46:17,2026-07-09 04:47:17,2026-07-08 22:36:17,2026-07-09 03:06:17,1.405,95.82,45.39,0.367,-179.84
2026-07-08,20220920A,240.256794,70.918007,host,True,True,True,True,True,True,True,2026-07-08 21:46:17,2026-07-09 04:47:17,2026-07-08 21:46:17,2026-07-09 00:51:17,1.377,98.99,46.57,0.373,155.36
2026-07-08,20221012A,280.801417,70.524175,host,True,True,True,True,True,True,True,2026-07-08 21:46:17,2026-07-09 04:47:17,2026-07-08 21:56:17,2026-07-09 03:36:17,1.341,93.06,48.21,0.367,-179.83
2026-07-08,20181112A,327.348458,-52.970944,signal,False,False,True,True,True,False,False,2026-07-08 21:46:17,2026-07-09 04:47:17,,,,,,0.365,
2026-07-08,20190611B,320.742887,-79.397286,host,False,False,True,True,True,False,False,2026-07-08 21:46:17,2026-07-09 04:47:17,,,,,,0.365,
2026-07-08,20190711A,329.419,-80.358,host,False,False,True,True,True,False,False,2026-07-08 21:46:17,2026-07-09 04:47:17,,,,,,0.365,
2026-07-08,20191228A,344.430542,-29.594111,signal,True,False,True,True,True,False,False,2026-07-08 21:46:17,2026-07-09 04:47:17,,,,,,0.365,
2026-07-08,20200430A,229.706377,12.376607,host,True,True,True,True,True,True,True,2026-07-08 21:46:17,2026-07-09 04:47:17,2026-07-08 21:56:17,2026-07-09 00:36:17,1.165,66.68,59.1,0.374,53.85
2026-07-08,20200627A,326.695833,-39.484722,signal,False,False,True,True,True,False,False,2026-07-08 21:46:17,2026-07-09 04:47:17,,,,,,0.365,
2026-07-08,20210117A,339.979208,-16.151444,signal,True,True,True,True,True,True,True,2026-07-08 21:46:17,2026-07-09 04:47:17,2026-07-09 03:31:17,2026-07-09 04:46:17,1.426,49.25,44.52,0.351,-9.74
2026-07-08,20210214G,6.93,-5.832222,signal,True,True,True,True,True,True,True,2026-07-08 21:46:17,2026-07-09 04:47:17,2026-07-09 04:16:17,2026-07-09 04:46:17,1.416,77.57,44.94,0.35,-38.13
2026-07-08,20210407E,78.650958,27.05825,signal,True,False,True,True,True,False,False,2026-07-08 21:46:17,2026-07-09 04:47:17,,,,,,0.365,
2026-07-08,20210809C,271.157083,1.328889,signal,True,True,True,True,True,True,True,2026-07-08 21:46:17,2026-07-09 04:47:17,2026-07-08 21:46:17,2026-07-09 02:51:17,1.128,28.76,62.43,0.369,6.16
2026-07-08,20210912A,350.7935,-30.405583,signal,True,False,True,True,True,False,False,2026-07-08 21:46:17,2026-07-09 04:47:17,,,,,,0.365,
2026-07-08,20220105A,208.803803,22.466479,host,True,True,True,True,True,True,True,2026-07-08 21:46:17,2026-07-09 04:47:17,2026-07-08 21:46:17,2026-07-08 23:31:17,1.247,88.96,53.32,0.376,71.56
2026-07-08,20220501C,352.379167,-32.490722,signal,True,False,True,True,True,False,False,2026-07-08 21:46:17,2026-07-09 04:47:17,,,,,,0.365,
2026-07-08,20220531A,294.709167,-60.296667,signal,False,False,True,True,True,False,False,2026-07-08 21:46:17,2026-07-09 04:47:17,,,,,,0.365,
2026-07-08,20220610A,351.073,-33.514,host,True,False,True,True,True,False,False,2026-07-08 21:46:17,2026-07-09 04:47:17,,,,,,0.365,
2026-07-08,20220725A,353.315342,-35.990268,host,True,False,True,True,True,False,False,2026-07-08 21:46:17,2026-07-09 04:47:17,,,,,,0.365,
2026-07-08,20220918A,17.592125,-70.811389,signal,False,False,True,True,True,False,False,2026-07-08 21:46:17,2026-07-09 04:47:17,,,,,,0.365,
2026-07-08,20221106A,56.704551,-25.569831,host,True,False,True,True,True,False,False,2026-07-08 21:46:17,2026-07-09 04:47:17,,,,,,0.365,
2026-07-08,20230521A,327.75125,-2.386111,signal,True,True,True,True,True,True,True,2026-07-08 21:46:17,2026-07-09 04:47:17,2026-07-09 01:26:17,2026-07-09 04:46:17,1.195,43.5,56.8,0.356,-19.41
2026-07-08,20230526A,22.232615,-52.717373,host,False,False,True,True,True,False,False,2026-07-08 21:46:17,2026-07-09 04:47:17,,,,,,0.365,
2026-07-08,20230708A,303.115511,-55.356262,host,False,False,True,True,True,False,False,2026-07-08 21:46:17,2026-07-09 04:47:17,,,,,,0.365,
2026-07-08,20230718A,128.161917,-40.451944,signal,False,False,True,True,True,False,False,2026-07-08 21:46:17,2026-07-09 04:47:17,,,,,,0.365,
2026-07-08,20230731A,174.601458,-56.799056,signal,False,False,True,True,True,False,False,2026-07-08 21:46:17,2026-07-09 04:47:17,,,,,,0.365,
2026-07-08,20230902A,52.139961,-47.333434,host,False,False,True,True,True,False,False,2026-07-08 21:46:17,2026-07-09 04:47:17,,,,,,0.365,
2026-07-08,20231006A,296.003333,-64.648889,signal,False,False,True,True,True,False,False,2026-07-08 21:46:17,2026-07-09 04:47:17,,,,,,0.365,
2026-07-08,20231226A,155.363856,6.109704,host,True,False,True,True,True,False,False,2026-07-08 21:46:17,2026-07-09 04:47:17,,,,,,0.365,
2026-07-08,20240201A,149.906029,14.088739,host,True,False,True,True,True,False,False,2026-07-08 21:46:17,2026-07-09 04:47:17,,,,,,0.365,
2026-07-08,20240208A,159.229001,-0.953397,host,True,False,True,True,True,False,False,2026-07-08 21:46:17,2026-07-09 04:47:17,,,,,,0.365,
2026-07-08,20240210A,8.77693,-28.271997,host,True,False,True,True,True,False,False,2026-07-08 21:46:17,2026-07-09 04:47:17,,,,,,0.365,
2026-07-08,20240304A,136.330524,-16.166242,host,True,False,True,True,True,False,False,2026-07-08 21:46:17,2026-07-09 04:47:17,,,,,,0.365,
2026-07-08,20240310A,17.621847,-44.439331,host,False,False,True,True,True,False,False,2026-07-08 21:46:17,2026-07-09 04:47:17,,,,,,0.365,
2026-07-08,20240318A,150.393564,37.616432,host,True,False,True,True,True,False,False,2026-07-08 21:46:17,2026-07-09 04:47:17,,,,,,0.365,
2026-07-08,20240304B,182.997,11.813,host,True,False,True,True,True,False,False,2026-07-08 21:46:17,2026-07-09 04:47:17,,,,,,0.365,
2026-07-08,20230521B,351.036,71.138,host,True,True,True,True,True,True,True,2026-07-08 21:46:17,2026-07-09 04:47:17,2026-07-09 02:46:17,2026-07-09 04:46:17,1.409,103.01,45.2,0.353,-147.85
2026-07-08,20240104A,348.874,72.821,host,True,True,True,True,True,True,True,2026-07-08 21:46:17,2026-07-09 04:47:17,2026-07-09 02:56:17,2026-07-09 04:46:17,1.433,103.37,44.27,0.353,-152.85
2026-07-08,20221029A,141.966,72.452,host,True,False,True,True,True,False,False,2026-07-08 21:46:17,2026-07-09 04:47:17,,,,,,0.365,
2026-07-08,20240123A,68.263,71.945,host,True,False,True,True,True,False,False,2026-07-08 21:46:17,2026-07-09 04:47:17,,,,,,0.365,
2026-07-08,20220222C,203.904,-28.027,host,True,False,True,True,True,False,False,2026-07-08 21:46:17,2026-07-09 04:47:17,,,,,,0.365,
2026-07-08,20190523A,207.064,72.471,host,True,True,True,True,True,True,True,2026-07-08 21:46:17,2026-07-09 04:47:17,2026-07-08 21:46:17,2026-07-08 22:26:17,1.469,108.57,42.89,0.379,138.77
2026-07-08,20250518,207.992,71.282,host,True,True,True,True,True,True,True,2026-07-08 21:46:17,2026-07-09 04:47:17,2026-07-08 21:46:17,2026-07-08 22:41:17,1.455,107.96,43.43,0.378,136.18
2026-07-08,20220224C,166.678,-22.94,host,True,False,True,True,True,False,False,2026-07-08 21:46:17,2026-07-09 04:47:17,,,,,,0.365,
2026-07-08,20220418A,219.106,70.095,host,True,True,True,True,True,True,True,2026-07-08 21:46:17,2026-07-09 04:47:17,2026-07-08 21:46:17,2026-07-08 23:36:17,1.405,104.12,45.36,0.376,141.17
2026-07-08,20190614D,65.076,73.707,host,True,False,True,True,True,False,False,2026-07-08 21:46:17,2026-07-09 04:47:17,,,,,,0.365,
2026-07-08,20221219A,257.63,71.627,host,True,True,True,True,True,True,True,2026-07-08 21:46:17,2026-07-09 04:47:17,2026-07-08 21:46:17,2026-07-09 01:51:17,1.371,96.31,46.85,0.371,168.11
2026-07-08,20230814B,335.976,73.026,host,True,True,True,True,True,True,True,2026-07-08 21:46:17,2026-07-09 04:47:17,2026-07-09 02:06:17,2026-07-09 04:46:17,1.418,100.6,44.86,0.355,-161.04
2026-07-08,20231020B,57.278,-37.77,host,False,False,True,True,True,False,False,2026-07-08 21:46:17,2026-07-09 04:47:17,,,,,,0.365,
2026-07-08,20230907D,187.142,8.658,host,True,False,True,True,True,False,False,2026-07-08 21:46:17,2026-07-09 04:47:17,,,,,,0.365,
2026-07-08,20230712A,167.36,72.558,host,True,False,True,True,True,False,False,2026-07-08 21:46:17,2026-07-09 04:47:17,,,,,,0.365,
2026-07-08,20220204A,274.228,69.722,host,True,True,True,True,True,True,True,2026-07-08 21:46:17,2026-07-09 04:47:17,2026-07-08 21:46:17,2026-07-09 03:16:17,1.325,92.64,49.0,0.368,176.41
2026-07-08,20230613A,356.853,-27.053,host,True,False,True,True,True,False,False,2026-07-08 21:46:17,2026-07-09 04:47:17,,,,,,0.365,
2026-07-08,20240119A,224.467,71.612,host,True,True,True,True,True,True,True,2026-07-08 21:46:17,2026-07-09 04:47:17,2026-07-08 21:46:17,2026-07-08 23:41:17,1.416,103.34,44.91,0.376,147.03
2026-07-08,20220717A,293.304,-19.288,host,True,True,True,True,True,True,True,2026-07-08 21:46:17,2026-07-09 04:47:17,2026-07-09 01:21:17,2026-07-09 01:56:17,1.494,5.95,42.01,0.363,1.36
2026-07-08,20220726A,73.946,69.93,host,True,False,True,True,True,False,False,2026-07-08 21:46:17,2026-07-09 04:47:17,,,,,,0.365,
2026-07-08,20231220A,123.909,73.66,host,True,False,True,True,True,False,False,2026-07-08 21:46:17,2026-07-09 04:47:17,,,,,,0.365,
2026-07-08,20180301A,93.227,4.671,host,True,False,True,True,True,False,False,2026-07-08 21:46:17,2026-07-09 04:47:17,,,,,,0.365,
2026-07-08,20230626A,235.63,71.134,host,True,True,True,True,True,True,True,2026-07-08 21:46:17,2026-07-09 04:47:17,2026-07-08 21:46:17,2026-07-09 00:31:17,1.388,100.22,46.09,0.374,152.8
2026-07-08,20230125D,150.205,-31.545,host,True,False,True,True,True,False,False,2026-07-08 21:46:17,2026-07-09 04:47:17,,,,,,0.365,
2026-07-08,20230913,305.037,70.793,host,True,True,True,True,True,True,True,2026-07-08 21:46:17,2026-07-09 04:47:17,2026-07-08 23:36:17,2026-07-09 04:46:17,1.349,93.97,47.85,0.361,-176.0
2026-07-08,20230501A,340.027,70.922,host,True,True,True,True,True,True,True,2026-07-08 21:46:17,2026-07-09 04:47:17,2026-07-09 02:01:17,2026-07-09 04:46:17,1.382,100.04,46.34,0.355,-155.19
2026-07-08,20220506D,318.045,72.827,host,True,True,True,True,True,True,True,2026-07-08 21:46:17,2026-07-09 04:47:17,2026-07-09 00:51:17,2026-07-09 04:46:17,1.397,97.35,45.71,0.357,-172.4
2026-07-08,20240229A,169.984,70.676,host,True,False,True,True,True,False,False,2026-07-08 21:46:17,2026-07-09 04:47:17,,,,,,0.365,
2026-07-08,20221116A,21.211,72.654,host,True,False,True,True,True,False,False,2026-07-08 21:46:17,2026-07-09 04:47:17,,,,,,0.365,
2026-07-08,20230307A,177.782,71.695,host,True,False,True,True,True,False,False,2026-07-08 21:46:17,2026-07-09 04:47:17,,,,,,0.365,
2026-07-08,20231123B,242.538,70.785,host,True,True,True,True,True,True,True,2026-07-08 21:46:17,2026-07-09 04:47:17,2026-07-08 21:46:17,2026-07-09 01:01:17,1.371,98.38,46.83,0.373,156.6
2026-07-08,20221113A,71.411,70.307,host,True,False,True,True,True,False,False,2026-07-08 21:46:17,2026-07-09 04:47:17,,,,,,0.365,
2026-07-08,20221101B,342.216,70.682,host,True,True,True,True,True,True,True,2026-07-08 21:46:17,2026-07-09 04:47:17,2026-07-09 02:06:17,2026-07-09 04:46:17,1.385,100.42,46.23,0.355,-152.33
2026-07-08,20240215A,268.441,70.232,host,True,True,True,True,True,True,True,2026-07-08 21:46:17,2026-07-09 04:47:17,2026-07-08 21:46:17,2026-07-09 02:51:17,1.337,93.66,48.39,0.369,172.11
2026-07-08,20121102A,82.994542,33.147897,host,True,False,True,True,True,False,False,2026-07-08 21:46:17,2026-07-09 04:47:17,,,,,,0.365,
2026-07-08,20230628A,166.787,72.282,host,True,False,True,True,True,False,False,2026-07-08 21:46:17,2026-07-09 04:47:17,,,,,,0.365,
2026-07-08,20240213A,166.168,74.075,host,True,False,True,True,True,False,False,2026-07-08 21:46:17,2026-07-09 04:47:17,,,,,,0.365,
2026-07-08,20201124A,77.015,26.061,host,True,False,True,True,True,False,False,2026-07-08 21:46:17,2026-07-09 04:47:17,,,,,,0.365,
2026-07-08,20230124A,231.917,70.968,host,True,True,True,True,True,True,True,2026-07-08 21:46:17,2026-07-09 04:47:17,2026-07-08 21:46:17,2026-07-09 00:16:17,1.389,101.02,46.06,0.375,151.22
2026-07-08,20230930A,10.507,41.417,host,True,True,True,True,True,True,True,2026-07-08 21:46:17,2026-07-09 04:47:17,2026-07-09 02:56:17,2026-07-09 04:46:17,1.262,99.32,52.42,0.353,-95.7
2026-07-08,20240203,312.621,73.9,host,True,True,True,True,True,True,True,2026-07-08 21:46:17,2026-07-09 04:47:17,2026-07-09 00:46:17,2026-07-09 04:46:17,1.42,97.65,44.75,0.358,-177.69
2026-07-08,20231120A,143.985,73.285,host,True,False,True,True,True,False,False,2026-07-08 21:46:17,2026-07-09 04:47:17,,,,,,0.365,
2026-07-08,20201123A,263.66,-50.764,host,False,False,True,True,True,False,False,2026-07-08 21:46:17,2026-07-09 04:47:17,,,,,,0.365,
2026-07-09,20171020A,333.8531,-19.5853,host,True,False,True,True,True,False,False,2026-07-09 21:45:56,2026-07-10 04:47:55,,,,,,0.258,
2026-07-09,20180924B,326.105236,-40.900253,host,False,False,True,True,True,False,False,2026-07-09 21:45:56,2026-07-10 04:47:55,,,,,,0.258,
2026-07-09,20190102C,322.415209,-79.475758,host,False,False,True,True,True,False,False,2026-07-09 21:45:56,2026-07-10 04:47:55,,,,,,0.258,
2026-07-09,20190608B,334.020406,-7.898868,host,True,True,True,True,True,True,True,2026-07-09 21:45:56,2026-07-10 04:47:55,2026-07-10 02:10:56,2026-07-10 04:45:56,1.272,45.62,51.85,0.249,-15.82
2026-07-09,20190714A,183.979525,-13.021079,host,True,False,True,True,True,False,False,2026-07-09 21:45:56,2026-07-10 04:47:55,,,,,,0.258,
2026-07-09,20191001A,323.352187,-54.747748,host,False,False,True,True,True,False,False,2026-07-09 21:45:56,2026-07-10 04:47:55,,,,,,0.258,
2026-07-09,20200906A,53.496,-14.083,host,True,False,True,True,True,False,False,2026-07-09 21:45:56,2026-07-10 04:47:55,,,,,,0.258,
2026-07-09,20210320C,204.458854,-16.122552,host,True,False,True,True,True,False,False,2026-07-09 21:45:56,2026-07-10 04:47:55,,,,,,0.258,
2026-07-09,20210410D,326.086,-79.318,host,False,False,True,True,True,False,False,2026-07-09 21:45:56,2026-07-10 04:47:55,,,,,,0.258,
2026-07-09,20210807D,299.2214,-0.7624,host,True,True,True,True,True,True,True,2026-07-09 21:45:56,2026-07-10 04:47:55,2026-07-09 23:20:56,2026-07-10 04:35:56,1.148,23.75,60.54,0.255,2.05
2026-07-09,20211127I,199.808,-18.838,host,True,False,True,True,True,False,False,2026-07-09 21:45:56,2026-07-10 04:47:55,,,,,,0.258,
2026-07-09,20211203C,204.56526,-31.379107,host,True,False,True,True,True,False,False,2026-07-09 21:45:56,2026-07-10 04:47:55,,,,,,0.258,
2026-07-09,20211212A,157.351,1.361,host,True,False,True,True,True,False,False,2026-07-09 21:45:56,2026-07-10 04:47:55,,,,,,0.258,
2026-07-09,20220207C,310.197679,72.882658,host,True,True,True,True,True,True,True,2026-07-09 21:45:56,2026-07-10 04:47:55,2026-07-10 00:15:56,2026-07-10 04:45:56,1.396,96.23,45.77,0.253,-177.1
2026-07-09,20220307B,350.875,72.192,host,True,True,True,True,True,True,True,2026-07-09 21:45:56,2026-07-10 04:47:55,2026-07-10 02:50:56,2026-07-10 04:45:56,1.423,103.16,44.67,0.247,-151.22
2026-07-09,20220310F,134.721,73.491,host,True,False,True,True,True,False,False,2026-07-09 21:45:56,2026-07-10 04:47:55,,,,,,0.258,
2026-07-09,20220319D,32.177917,71.03525,host,True,False,True,True,True,False,False,2026-07-09 21:45:56,2026-07-10 04:47:55,,,,,,0.258,
2026-07-09,20220509G,282.674806,70.242726,host,True,True,True,True,True,True,True,2026-07-09 21:45:56,2026-07-10 04:47:55,2026-07-09 21:55:56,2026-07-10 03:40:56,1.336,92.63,48.48,0.26,179.8
2026-07-09,20220825A,311.982,72.585,host,True,True,True,True,True,True,True,2026-07-09 21:45:56,2026-07-10 04:47:55,2026-07-10 00:20:56,2026-07-10 04:45:56,1.389,96.14,46.05,0.253,-176.42
2026-07-09,20220912A,347.270174,48.706618,host,True,True,True,True,True,True,True,2026-07-09 21:45:56,2026-07-10 04:47:55,2026-07-10 01:20:56,2026-07-10 04:45:56,1.167,87.95,59.01,0.251,-119.2
2026-07-09,20220914A,282.058507,73.336282,host,True,True,True,True,True,True,True,2026-07-09 21:45:56,2026-07-10 04:47:55,2026-07-09 22:30:56,2026-07-10 03:05:56,1.405,95.73,45.39,0.26,179.04
2026-07-09,20220920A,240.256794,70.918007,host,True,True,True,True,True,True,True,2026-07-09 21:45:56,2026-07-10 04:47:55,2026-07-09 21:45:56,2026-07-10 00:45:56,1.376,99.1,46.62,0.267,155.8
2026-07-09,20221012A,280.801417,70.524175,host,True,True,True,True,True,True,True,2026-07-09 21:45:56,2026-07-10 04:47:55,2026-07-09 21:50:56,2026-07-10 03:30:56,1.341,92.99,48.21,0.261,-179.37
2026-07-09,20181112A,327.348458,-52.970944,signal,False,False,True,True,True,False,False,2026-07-09 21:45:56,2026-07-10 04:47:55,,,,,,0.258,
2026-07-09,20190611B,320.742887,-79.397286,host,False,False,True,True,True,False,False,2026-07-09 21:45:56,2026-07-10 04:47:55,,,,,,0.258,
2026-07-09,20190711A,329.419,-80.358,host,False,False,True,True,True,False,False,2026-07-09 21:45:56,2026-07-10 04:47:55,,,,,,0.258,
2026-07-09,20191228A,344.430542,-29.594111,signal,True,False,True,True,True,False,False,2026-07-09 21:45:56,2026-07-10 04:47:55,,,,,,0.258,
2026-07-09,20200430A,229.706377,12.376607,host,True,True,True,True,True,True,True,2026-07-09 21:45:56,2026-07-10 04:47:55,2026-07-09 21:55:56,2026-07-10 00:30:56,1.174,67.47,58.39,0.267,54.5
2026-07-09,20200627A,326.695833,-39.484722,signal,False,False,True,True,True,False,False,2026-07-09 21:45:56,2026-07-10 04:47:55,,,,,,0.258,
2026-07-09,20210117A,339.979208,-16.151444,signal,True,True,True,True,True,True,True,2026-07-09 21:45:56,2026-07-10 04:47:55,2026-07-10 03:30:56,2026-07-10 04:45:56,1.423,48.33,44.67,0.246,-8.64
2026-07-09,20210214G,6.93,-5.832222,signal,True,True,True,True,True,True,True,2026-07-09 21:45:56,2026-07-10 04:47:55,2026-07-10 04:10:56,2026-07-10 04:45:56,1.402,76.65,45.49,0.245,-37.32
2026-07-09,20210407E,78.650958,27.05825,signal,True,False,True,True,True,False,False,2026-07-09 21:45:56,2026-07-10 04:47:55,,,,,,0.258,
2026-07-09,20210809C,271.157083,1.328889,signal,True,True,True,True,True,True,True,2026-07-09 21:45:56,2026-07-10 04:47:55,2026-07-09 21:45:56,2026-07-10 02:50:56,1.129,29.24,62.33,0.262,7.84
2026-07-09,20210912A,350.7935,-30.405583,signal,True,False,True,True,True,False,False,2026-07-09 21:45:56,2026-07-10 04:47:55,,,,,,0.258,
2026-07-09,20220105A,208.803803,22.466479,host,True,True,True,True,True,True,True,2026-07-09 21:45:56,2026-07-10 04:47:55,2026-07-09 21:45:56,2026-07-09 23:25:56,1.242,89.75,53.63,0.27,71.55
2026-07-09,20220501C,352.379167,-32.490722,signal,True,False,True,True,True,False,False,2026-07-09 21:45:56,2026-07-10 04:47:55,,,,,,0.258,
2026-07-09,20220531A,294.709167,-60.296667,signal,False,False,True,True,True,False,False,2026-07-09 21:45:56,2026-07-10 04:47:55,,,,,,0.258,
2026-07-09,20220610A,351.073,-33.514,host,True,False,True,True,True,False,False,2026-07-09 21:45:56,2026-07-10 04:47:55,,,,,,0.258,
2026-07-09,20220725A,353.315342,-35.990268,host,True,False,True,True,True,False,False,2026-07-09 21:45:56,2026-07-10 04:47:55,,,,,,0.258,
2026-07-09,20220918A,17.592125,-70.811389,signal,False,False,True,True,True,False,False,2026-07-09 21:45:56,2026-07-10 04:47:55,,,,,,0.258,
2026-07-09,20221106A,56.704551,-25.569831,host,True,False,True,True,True,False,False,2026-07-09 21:45:56,2026-07-10 04:47:55,,,,,,0.258,
2026-07-09,20230521A,327.75125,-2.386111,signal,True,True,True,True,True,True,True,2026-07-09 21:45:56,2026-07-10 04:47:55,2026-07-10 01:20:56,2026-07-10 04:45:56,1.191,42.59,57.1,0.251,-18.07
2026-07-09,20230526A,22.232615,-52.717373,host,False,False,True,True,True,False,False,2026-07-09 21:45:56,2026-07-10 04:47:55,,,,,,0.258,
2026-07-09,20230708A,303.115511,-55.356262,host,False,False,True,True,True,False,False,2026-07-09 21:45:56,2026-07-10 04:47:55,,,,,,0.258,
2026-07-09,20230718A,128.161917,-40.451944,signal,False,False,True,True,True,False,False,2026-07-09 21:45:56,2026-07-10 04:47:55,,,,,,0.258,
2026-07-09,20230731A,174.601458,-56.799056,signal,False,False,True,True,True,False,False,2026-07-09 21:45:56,2026-07-10 04:47:55,,,,,,0.258,
2026-07-09,20230902A,52.139961,-47.333434,host,False,False,True,True,True,False,False,2026-07-09 21:45:56,2026-07-10 04:47:55,,,,,,0.258,
2026-07-09,20231006A,296.003333,-64.648889,signal,False,False,True,True,True,False,False,2026-07-09 21:45:56,2026-07-10 04:47:55,,,,,,0.258,
2026-07-09,20231226A,155.363856,6.109704,host,True,False,True,True,True,False,False,2026-07-09 21:45:56,2026-07-10 04:47:55,,,,,,0.258,
2026-07-09,20240201A,149.906029,14.088739,host,True,False,True,True,True,False,False,2026-07-09 21:45:56,2026-07-10 04:47:55,,,,,,0.258,
2026-07-09,20240208A,159.229001,-0.953397,host,True,False,True,True,True,False,False,2026-07-09 21:45:56,2026-07-10 04:47:55,,,,,,0.258,
2026-07-09,20240210A,8.77693,-28.271997,host,True,False,True,True,True,False,False,2026-07-09 21:45:56,2026-07-10 04:47:55,,,,,,0.258,
2026-07-09,20240304A,136.330524,-16.166242,host,True,False,True,True,True,False,False,2026-07-09 21:45:56,2026-07-10 04:47:55,,,,,,0.258,
2026-07-09,20240310A,17.621847,-44.439331,host,False,False,True,True,True,False,False,2026-07-09 21:45:56,2026-07-10 04:47:55,,,,,,0.258,
2026-07-09,20240318A,150.393564,37.616432,host,True,False,True,True,True,False,False,2026-07-09 21:45:56,2026-07-10 04:47:55,,,,,,0.258,
2026-07-09,20240304B,182.997,11.813,host,True,False,True,True,True,False,False,2026-07-09 21:45:56,2026-07-10 04:47:55,,,,,,0.258,
2026-07-09,20230521B,351.036,71.138,host,True,True,True,True,True,True,True,2026-07-09 21:45:56,2026-07-10 04:47:55,2026-07-10 02:40:56,2026-07-10 04:45:56,1.406,102.62,45.35,0.248,-148.96
2026-07-09,20240104A,348.874,72.821,host,True,True,True,True,True,True,True,2026-07-09 21:45:56,2026-07-10 04:47:55,2026-07-10 02:50:56,2026-07-10 04:45:56,1.43,103.01,44.39,0.247,-153.94
2026-07-09,20221029A,141.966,72.452,host,True,False,True,True,True,False,False,2026-07-09 21:45:56,2026-07-10 04:47:55,,,,,,0.258,
2026-07-09,20240123A,68.263,71.945,host,True,False,True,True,True,False,False,2026-07-09 21:45:56,2026-07-10 04:47:55,,,,,,0.258,
2026-07-09,20220222C,203.904,-28.027,host,True,False,True,True,True,False,False,2026-07-09 21:45:56,2026-07-10 04:47:55,,,,,,0.258,
2026-07-09,20190523A,207.064,72.471,host,True,True,True,True,True,True,True,2026-07-09 21:45:56,2026-07-10 04:47:55,2026-07-09 21:45:56,2026-07-09 22:20:56,1.474,108.75,42.7,0.272,137.73
2026-07-09,20250518,207.992,71.282,host,True,True,True,True,True,True,True,2026-07-09 21:45:56,2026-07-10 04:47:55,2026-07-09 21:45:56,2026-07-09 22:35:56,1.453,108.16,43.51,0.272,136.6
2026-07-09,20220224C,166.678,-22.94,host,True,False,True,True,True,False,False,2026-07-09 21:45:56,2026-07-10 04:47:55,,,,,,0.258,
2026-07-09,20220418A,219.106,70.095,host,True,True,True,True,True,True,True,2026-07-09 21:45:56,2026-07-10 04:47:55,2026-07-09 21:45:56,2026-07-09 23:30:56,1.41,104.31,45.17,0.269,140.08
2026-07-09,20190614D,65.076,73.707,host,True,False,True,True,True,False,False,2026-07-09 21:45:56,2026-07-10 04:47:55,,,,,,0.258,
2026-07-09,20221219A,257.63,71.627,host,True,True,True,True,True,True,True,2026-07-09 21:45:56,2026-07-10 04:47:55,2026-07-09 21:45:56,2026-07-10 01:50:56,1.372,96.34,46.79,0.264,166.96
2026-07-09,20230814B,335.976,73.026,host,True,True,True,True,True,True,True,2026-07-09 21:45:56,2026-07-10 04:47:55,2026-07-10 02:05:56,2026-07-10 04:45:56,1.416,100.28,44.95,0.249,-162.15
2026-07-09,20231020B,57.278,-37.77,host,False,False,True,True,True,False,False,2026-07-09 21:45:56,2026-07-10 04:47:55,,,,,,0.258,
2026-07-09,20230907D,187.142,8.658,host,True,False,True,True,True,False,False,2026-07-09 21:45:56,2026-07-10 04:47:55,,,,,,0.258,
2026-07-09,20230712A,167.36,72.558,host,True,False,True,True,True,False,False,2026-07-09 21:45:56,2026-07-10 04:47:55,,,,,,0.258,
2026-07-09,20220204A,274.228,69.722,host,True,True,True,True,True,True,True,2026-07-09 21:45:56,2026-07-10 04:47:55,2026-07-09 21:45:56,2026-07-10 03:10:56,1.326,92.61,48.97,0.262,175.21
2026-07-09,20230613A,356.853,-27.053,host,True,False,True,True,True,False,False,2026-07-09 21:45:56,2026-07-10 04:47:55,,,,,,0.258,
2026-07-09,20240119A,224.467,71.612,host,True,True,True,True,True,True,True,2026-07-09 21:45:56,2026-07-10 04:47:55,2026-07-09 21:45:56,2026-07-09 23:40:56,1.42,103.5,44.75,0.269,145.94
2026-07-09,20220717A,293.304,-19.288,host,True,True,True,True,True,True,True,2026-07-09 21:45:56,2026-07-10 04:47:55,2026-07-10 01:20:56,2026-07-10 01:50:56,1.494,5.11,42.01,0.257,0.95
2026-07-09,20220726A,73.946,69.93,host,True,False,True,True,True,False,False,2026-07-09 21:45:56,2026-07-10 04:47:55,,,,,,0.258,
2026-07-09,20231220A,123.909,73.66,host,True,False,True,True,True,False,False,2026-07-09 21:45:56,2026-07-10 04:47:55,,,,,,0.258,
2026-07-09,20180301A,93.227,4.671,host,True,False,True,True,True,False,False,2026-07-09 21:45:56,2026-07-10 04:47:55,,,,,,0.258,
2026-07-09,20230626A,235.63,71.134,host,True,True,True,True,True,True,True,2026-07-09 21:45:56,2026-07-10 04:47:55,2026-07-09 21:45:56,2026-07-10 00:25:56,1.387,100.34,46.14,0.268,153.24
2026-07-09,20230125D,150.205,-31.545,host,True,False,True,True,True,False,False,2026-07-09 21:45:56,2026-07-10 04:47:55,,,,,,0.258,
2026-07-09,20230913,305.037,70.793,host,True,True,True,True,True,True,True,2026-07-09 21:45:56,2026-07-10 04:47:55,2026-07-09 23:30:56,2026-07-10 04:45:56,1.348,93.76,47.87,0.254,-177.18
2026-07-09,20230501A,340.027,70.922,host,True,True,True,True,True,True,True,2026-07-09 21:45:56,2026-07-10 04:47:55,2026-07-10 01:55:56,2026-07-10 04:45:56,1.383,99.69,46.29,0.249,-154.74
2026-07-09,20220506D,318.045,72.827,host,True,True,True,True,True,True,True,2026-07-09 21:45:56,2026-07-10 04:47:55,2026-07-10 00:45:56,2026-07-10 04:45:56,1.397,97.1,45.69,0.252,-171.96
2026-07-09,20240229A,169.984,70.676,host,True,False,True,True,True,False,False,2026-07-09 21:45:56,2026-07-10 04:47:55,,,,,,0.258,
2026-07-09,20221116A,21.211,72.654,host,True,False,True,True,True,False,False,2026-07-09 21:45:56,2026-07-10 04:47:55,,,,,,0.258,
2026-07-09,20230307A,177.782,71.695,host,True,False,True,True,True,False,False,2026-07-09 21:45:56,2026-07-10 04:47:55,,,,,,0.258,
2026-07-09,20231123B,242.538,70.785,host,True,True,True,True,True,True,True,2026-07-09 21:45:56,2026-07-10 04:47:55,2026-07-09 21:45:56,2026-07-10 00:55:56,1.37,98.49,46.87,0.267,157.04
2026-07-09,20221113A,71.411,70.307,host,True,False,True,True,True,False,False,2026-07-09 21:45:56,2026-07-10 04:47:55,,,,,,0.258,
2026-07-09,20221101B,342.216,70.682,host,True,True,True,True,True,True,True,2026-07-09 21:45:56,2026-07-10 04:47:55,2026-07-10 02:00:56,2026-07-10 04:45:56,1.382,100.06,46.37,0.249,-153.46
2026-07-09,20240215A,268.441,70.232,host,True,True,True,True,True,True,True,2026-07-09 21:45:56,2026-07-10 04:47:55,2026-07-09 21:45:56,2026-07-10 02:45:56,1.337,93.65,48.41,0.263,172.58
2026-07-09,20121102A,82.994542,33.147897,host,True,False,True,True,True,False,False,2026-07-09 21:45:56,2026-07-10 04:47:55,,,,,,0.258,
2026-07-09,20230628A,166.787,72.282,host,True,False,True,True,True,False,False,2026-07-09 21:45:56,2026-07-10 04:47:55,,,,,,0.258,
2026-07-09,20240213A,166.168,74.075,host,True,False,True,True,True,False,False,2026-07-09 21:45:56,2026-07-10 04:47:55,,,,,,0.258,
2026-07-09,20201124A,77.015,26.061,host,True,False,True,True,True,False,False,2026-07-09 21:45:56,2026-07-10 04:47:55,,,,,,0.258,
2026-07-09,20230124A,231.917,70.968,host,True,True,True,True,True,True,True,2026-07-09 21:45:56,2026-07-10 04:47:55,2026-07-09 21:45:56,2026-07-10 00:15:56,1.392,101.17,45.91,0.268,150.11
2026-07-09,20230930A,10.507,41.417,host,True,True,True,True,True,True,True,2026-07-09 21:45:56,2026-07-10 04:47:55,2026-07-10 02:50:56,2026-07-10 04:45:56,1.251,98.55,53.09,0.247,-96.39
2026-07-09,20240203,312.621,73.9,host,True,True,True,True,True,True,True,2026-07-09 21:45:56,2026-07-10 04:47:55,2026-07-10 00:40:56,2026-07-10 04:45:56,1.42,97.43,44.76,0.252,-178.81
2026-07-09,20231120A,143.985,73.285,host,True,False,True,True,True,False,False,2026-07-09 21:45:56,2026-07-10 04:47:55,,,,,,0.258,
2026-07-09,20201123A,263.66,-50.764,host,False,False,True,True,True,False,False,2026-07-09 21:45:56,2026-07-10 04:47:55,,,,,,0.258,
2026-07-10,20171020A,333.8531,-19.5853,host,True,False,True,True,True,False,False,2026-07-10 21:45:34,2026-07-11 04:48:34,,,,,,0.162,
2026-07-10,20180924B,326.105236,-40.900253,host,False,False,True,True,True,False,False,2026-07-10 21:45:34,2026-07-11 04:48:34,,,,,,0.162,
2026-07-10,20190102C,322.415209,-79.475758,host,False,False,True,True,True,False,False,2026-07-10 21:45:34,2026-07-11 04:48:34,,,,,,0.162,
2026-07-10,20190608B,334.020406,-7.898868,host,True,True,True,True,True,True,True,2026-07-10 21:45:34,2026-07-11 04:48:34,2026-07-11 02:05:34,2026-07-11 04:45:34,1.273,44.69,51.75,0.154,-16.3
2026-07-10,20190714A,183.979525,-13.021079,host,True,False,True,True,True,False,False,2026-07-10 21:45:34,2026-07-11 04:48:34,,,,,,0.162,
2026-07-10,20191001A,323.352187,-54.747748,host,False,False,True,True,True,False,False,2026-07-10 21:45:34,2026-07-11 04:48:34,,,,,,0.162,
2026-07-10,20200906A,53.496,-14.083,host,True,False,True,True,True,False,False,2026-07-10 21:45:34,2026-07-11 04:48:34,,,,,,0.162,
2026-07-10,20210320C,204.458854,-16.122552,host,True,False,True,True,True,False,False,2026-07-10 21:45:34,2026-07-11 04:48:34,,,,,,0.162,
2026-07-10,20210410D,326.086,-79.318,host,False,False,True,True,True,False,False,2026-07-10 21:45:34,2026-07-11 04:48:34,,,,,,0.162,
2026-07-10,20210807D,299.2214,-0.7624,host,True,True,True,True,True,True,True,2026-07-10 21:45:34,2026-07-11 04:48:34,2026-07-10 23:15:34,2026-07-11 04:30:34,1.148,23.25,60.55,0.16,1.41
2026-07-10,20211127I,199.808,-18.838,host,True,False,True,True,True,False,False,2026-07-10 21:45:34,2026-07-11 04:48:34,,,,,,0.162,
2026-07-10,20211203C,204.56526,-31.379107,host,True,False,True,True,True,False,False,2026-07-10 21:45:34,2026-07-11 04:48:34,,,,,,0.162,
2026-07-10,20211212A,157.351,1.361,host,True,False,True,True,True,False,False,2026-07-10 21:45:34,2026-07-11 04:48:34,,,,,,0.162,
2026-07-10,20220207C,310.197679,72.882658,host,True,True,True,True,True,True,True,2026-07-10 21:45:34,2026-07-11 04:48:34,2026-07-11 00:15:34,2026-07-11 04:45:34,1.395,96.01,45.78,0.158,-178.23
2026-07-10,20220307B,350.875,72.192,host,True,True,True,True,True,True,True,2026-07-10 21:45:34,2026-07-11 04:48:34,2026-07-11 02:50:34,2026-07-11 04:45:34,1.419,102.78,44.79,0.153,-152.31
2026-07-10,20220310F,134.721,73.491,host,True,False,True,True,True,False,False,2026-07-10 21:45:34,2026-07-11 04:48:34,,,,,,0.162,
2026-07-10,20220319D,32.177917,71.03525,host,True,False,True,True,True,False,False,2026-07-10 21:45:34,2026-07-11 04:48:34,,,,,,0.162,
2026-07-10,20220509G,282.674806,70.242726,host,True,True,True,True,True,True,True,2026-07-10 21:45:34,2026-07-11 04:48:34,2026-07-10 21:55:34,2026-07-11 03:40:34,1.336,92.55,48.48,0.164,178.62
2026-07-10,20220825A,311.982,72.585,host,True,True,True,True,True,True,True,2026-07-10 21:45:34,2026-07-11 04:48:34,2026-07-11 00:15:34,2026-07-11 04:45:34,1.389,95.91,46.04,0.158,-175.96
2026-07-10,20220912A,347.270174,48.706618,host,True,True,True,True,True,True,True,2026-07-10 21:45:34,2026-07-11 04:48:34,2026-07-11 01:15:34,2026-07-11 04:45:34,1.169,87.34,58.8,0.156,-118.74
2026-07-10,20220914A,282.058507,73.336282,host,True,True,True,True,True,True,True,2026-07-10 21:45:34,2026-07-11 04:48:34,2026-07-10 22:25:34,2026-07-11 03:00:34,1.405,95.64,45.39,0.164,179.49
2026-07-10,20220920A,240.256794,70.918007,host,True,True,True,True,True,True,True,2026-07-10 21:45:34,2026-07-11 04:48:34,2026-07-10 21:45:34,2026-07-11 00:45:34,1.379,99.21,46.5,0.17,154.68
2026-07-10,20221012A,280.801417,70.524175,host,True,True,True,True,True,True,True,2026-07-10 21:45:34,2026-07-11 04:48:34,2026-07-10 21:50:34,2026-07-11 03:30:34,1.341,92.91,48.21,0.165,179.46
2026-07-10,20181112A,327.348458,-52.970944,signal,False,False,True,True,True,False,False,2026-07-10 21:45:34,2026-07-11 04:48:34,,,,,,0.162,
2026-07-10,20190611B,320.742887,-79.397286,host,False,False,True,True,True,False,False,2026-07-10 21:45:34,2026-07-11 04:48:34,,,,,,0.162,
2026-07-10,20190711A,329.419,-80.358,host,False,False,True,True,True,False,False,2026-07-10 21:45:34,2026-07-11 04:48:34,,,,,,0.162,
2026-07-10,20191228A,344.430542,-29.594111,signal,True,False,True,True,True,False,False,2026-07-10 21:45:34,2026-07-11 04:48:34,,,,,,0.162,
2026-07-10,20200430A,229.706377,12.376607,host,True,True,True,True,True,True,True,2026-07-10 21:45:34,2026-07-11 04:48:34,2026-07-10 21:50:34,2026-07-11 00:30:34,1.171,68.25,58.67,0.17,54.24
2026-07-10,20200627A,326.695833,-39.484722,signal,False,False,True,True,True,False,False,2026-07-10 21:45:34,2026-07-11 04:48:34,,,,,,0.162,
2026-07-10,20210117A,339.979208,-16.151444,signal,True,True,True,True,True,True,True,2026-07-10 21:45:34,2026-07-11 04:48:34,2026-07-11 03:25:34,2026-07-11 04:45:34,1.424,47.42,44.61,0.152,-9.08
2026-07-10,20210214G,6.93,-5.832222,signal,True,True,True,True,True,True,True,2026-07-10 21:45:34,2026-07-11 04:48:34,2026-07-11 04:05:34,2026-07-11 04:45:34,1.408,75.73,45.27,0.151,-37.65
2026-07-10,20210407E,78.650958,27.05825,signal,True,False,False,True,True,False,False,2026-07-10 21:45:34,2026-07-11 04:48:34,,,,,,0.162,
2026-07-10,20210809C,271.157083,1.328889,signal,True,True,True,True,True,True,True,2026-07-10 21:45:34,2026-07-11 04:48:34,2026-07-10 21:45:34,2026-07-11 02:45:34,1.129,29.72,62.38,0.166,7.17
2026-07-10,20210912A,350.7935,-30.405583,signal,True,False,True,True,True,False,False,2026-07-10 21:45:34,2026-07-11 04:48:34,,,,,,0.162,
2026-07-10,20220105A,208.803803,22.466479,host,True,True,True,True,True,True,True,2026-07-10 21:45:34,2026-07-11 04:48:34,2026-07-10 21:45:34,2026-07-10 23:25:34,1.255,90.54,52.85,0.172,71.56
2026-07-10,20220501C,352.379167,-32.490722,signal,True,False,True,True,True,False,False,2026-07-10 21:45:34,2026-07-11 04:48:34,,,,,,0.162,
2026-07-10,20220531A,294.709167,-60.296667,signal,False,False,True,True,True,False,False,2026-07-10 21:45:34,2026-07-11 04:48:34,,,,,,0.162,
2026-07-10,20220610A,351.073,-33.514,host,True,False,True,True,True,False,False,2026-07-10 21:45:34,2026-07-11 04:48:34,,,,,,0.162,
2026-07-10,20220725A,353.315342,-35.990268,host,True,False,True,True,True,False,False,2026-07-10 21:45:34,2026-07-11 04:48:34,,,,,,0.162,
2026-07-10,20220918A,17.592125,-70.811389,signal,False,False,True,True,True,False,False,2026-07-10 21:45:34,2026-07-11 04:48:34,,,,,,0.162,
2026-07-10,20221106A,56.704551,-25.569831,host,True,False,True,True,True,False,False,2026-07-10 21:45:34,2026-07-11 04:48:34,,,,,,0.162,
2026-07-10,20230521A,327.75125,-2.386111,signal,True,True,True,True,True,True,True,2026-07-10 21:45:34,2026-07-11 04:48:34,2026-07-11 01:15:34,2026-07-11 04:45:34,1.193,41.7,56.98,0.156,-18.61
2026-07-10,20230526A,22.232615,-52.717373,host,False,False,True,True,True,False,False,2026-07-10 21:45:34,2026-07-11 04:48:34,,,,,,0.162,
2026-07-10,20230708A,303.115511,-55.356262,host,False,False,True,True,True,False,False,2026-07-10 21:45:34,2026-07-11 04:48:34,,,,,,0.162,
2026-07-10,20230718A,128.161917,-40.451944,signal,False,False,True,True,True,False,False,2026-07-10 21:45:34,2026-07-11 04:48:34,,,,,,0.162,
2026-07-10,20230731A,174.601458,-56.799056,signal,False,False,True,True,True,False,False,2026-07-10 21:45:34,2026-07-11 04:48:34,,,,,,0.162,
2026-07-10,20230902A,52.139961,-47.333434,host,False,False,True,True,True,False,False,2026-07-10 21:45:34,2026-07-11 04:48:34,,,,,,0.162,
2026-07-10,20231006A,296.003333,-64.648889,signal,False,False,True,True,True,False,False,2026-07-10 21:45:34,2026-07-11 04:48:34,,,,,,0.162,
2026-07-10,20231226A,155.363856,6.109704,host,True,False,True,True,True,False,False,2026-07-10 21:45:34,2026-07-11 04:48:34,,,,,,0.162,
2026-07-10,20240201A,149.906029,14.088739,host,True,False,True,True,True,False,False,2026-07-10 21:45:34,2026-07-11 04:48:34,,,,,,0.162,
2026-07-10,20240208A,159.229001,-0.953397,host,True,False,True,True,True,False,False,2026-07-10 21:45:34,2026-07-11 04:48:34,,,,,,0.162,
2026-07-10,20240210A,8.77693,-28.271997,host,True,False,True,True,True,False,False,2026-07-10 21:45:34,2026-07-11 04:48:34,,,,,,0.162,
2026-07-10,20240304A,136.330524,-16.166242,host,True,False,True,True,True,False,False,2026-07-10 21:45:34,2026-07-11 04:48:34,,,,,,0.162,
2026-07-10,20240310A,17.621847,-44.439331,host,False,False,True,True,True,False,False,2026-07-10 21:45:34,2026-07-11 04:48:34,,,,,,0.162,
2026-07-10,20240318A,150.393564,37.616432,host,True,False,True,True,True,False,False,2026-07-10 21:45:34,2026-07-11 04:48:34,,,,,,0.162,
2026-07-10,20240304B,182.997,11.813,host,True,False,True,True,True,False,False,2026-07-10 21:45:34,2026-07-11 04:48:34,,,,,,0.162,
2026-07-10,20230521B,351.036,71.138,host,True,True,True,True,True,True,True,2026-07-10 21:45:34,2026-07-11 04:48:34,2026-07-11 02:35:34,2026-07-11 04:45:34,1.407,102.24,45.29,0.154,-148.52
2026-07-10,20240104A,348.874,72.821,host,True,True,True,True,True,True,True,2026-07-10 21:45:34,2026-07-11 04:48:34,2026-07-11 02:50:34,2026-07-11 04:45:34,1.427,102.65,44.5,0.153,-155.03
2026-07-10,20221029A,141.966,72.452,host,True,False,True,True,True,False,False,2026-07-10 21:45:34,2026-07-11 04:48:34,,,,,,0.162,
2026-07-10,20240123A,68.263,71.945,host,True,False,True,True,True,False,False,2026-07-10 21:45:34,2026-07-11 04:48:34,,,,,,0.162,
2026-07-10,20220222C,203.904,-28.027,host,True,False,True,True,True,False,False,2026-07-10 21:45:34,2026-07-11 04:48:34,,,,,,0.162,
2026-07-10,20190523A,207.064,72.471,host,True,True,True,True,True,True,True,2026-07-10 21:45:34,2026-07-11 04:48:34,2026-07-10 21:45:34,2026-07-10 22:15:34,1.472,108.93,42.78,0.174,138.14
2026-07-10,20250518,207.992,71.282,host,True,True,True,True,True,True,True,2026-07-10 21:45:34,2026-07-11 04:48:34,2026-07-10 21:45:34,2026-07-10 22:30:34,1.458,108.35,43.31,0.174,135.55
2026-07-10,20220224C,166.678,-22.94,host,True,False,True,True,True,False,False,2026-07-10 21:45:34,2026-07-11 04:48:34,,,,,,0.162,
2026-07-10,20220418A,219.106,70.095,host,True,True,True,True,True,True,True,2026-07-10 21:45:34,2026-07-11 04:48:34,2026-07-10 21:45:34,2026-07-10 23:25:34,1.408,104.5,45.25,0.172,140.52
2026-07-10,20190614D,65.076,73.707,host,True,False,True,True,True,False,False,2026-07-10 21:45:34,2026-07-11 04:48:34,,,,,,0.162,
2026-07-10,20221219A,257.63,71.627,host,True,True,True,True,True,True,True,2026-07-10 21:45:34,2026-07-11 04:48:34,2026-07-10 21:45:34,2026-07-11 01:45:34,1.371,96.38,46.82,0.168,167.42
2026-07-10,20230814B,335.976,73.026,host,True,True,True,True,True,True,True,2026-07-10 21:45:34,2026-07-11 04:48:34,2026-07-11 02:00:34,2026-07-11 04:45:34,1.414,99.96,45.03,0.154,-163.25
2026-07-10,20231020B,57.278,-37.77,host,False,False,True,True,True,False,False,2026-07-10 21:45:34,2026-07-11 04:48:34,,,,,,0.162,
2026-07-10,20230907D,187.142,8.658,host,True,False,True,True,True,False,False,2026-07-10 21:45:34,2026-07-11 04:48:34,,,,,,0.162,
2026-07-10,20230712A,167.36,72.558,host,True,False,True,True,True,False,False,2026-07-10 21:45:34,2026-07-11 04:48:34,,,,,,0.162,
2026-07-10,20220204A,274.228,69.722,host,True,True,True,True,True,True,True,2026-07-10 21:45:34,2026-07-11 04:48:34,2026-07-10 21:45:34,2026-07-11 03:10:34,1.326,92.57,48.94,0.165,174.01
2026-07-10,20230613A,356.853,-27.053,host,True,False,True,True,True,False,False,2026-07-10 21:45:34,2026-07-11 04:48:34,,,,,,0.162,
2026-07-10,20240119A,224.467,71.612,host,True,True,True,True,True,True,True,2026-07-10 21:45:34,2026-07-11 04:48:34,2026-07-10 21:45:34,2026-07-10 23:35:34,1.419,103.65,44.82,0.172,146.38
2026-07-10,20220717A,293.304,-19.288,host,True,True,True,True,True,True,True,2026-07-10 21:45:34,2026-07-11 04:48:34,2026-07-11 01:15:34,2026-07-11 01:45:34,1.494,4.31,42.01,0.161,0.52
2026-07-10,20220726A,73.946,69.93,host,True,False,True,True,True,False,False,2026-07-10 21:45:34,2026-07-11 04:48:34,,,,,,0.162,
2026-07-10,20231220A,123.909,73.66,host,True,False,True,True,True,False,False,2026-07-10 21:45:34,2026-07-11 04:48:34,,,,,,0.162,
2026-07-10,20180301A,93.227,4.671,host,True,False,True,True,True,False,False,2026-07-10 21:45:34,2026-07-11 04:48:34,,,,,,0.162,
2026-07-10,20230626A,235.63,71.134,host,True,True,True,True,True,True,True,2026-07-10 21:45:34,2026-07-11 04:48:34,2026-07-10 21:45:34,2026-07-11 00:25:34,1.39,100.47,46.0,0.17,152.13
2026-07-10,20230125D,150.205,-31.545,host,True,False,True,True,True,False,False,2026-07-10 21:45:34,2026-07-11 04:48:34,,,,,,0.162,
2026-07-10,20230913,305.037,70.793,host,True,True,True,True,True,True,True,2026-07-10 21:45:34,2026-07-11 04:48:34,2026-07-10 23:30:34,2026-07-11 04:45:34,1.348,93.56,47.88,0.159,-178.35
2026-07-10,20230501A,340.027,70.922,host,True,True,True,True,True,True,True,2026-07-10 21:45:34,2026-07-11 04:48:34,2026-07-11 01:50:34,2026-07-11 04:45:34,1.381,99.33,46.41,0.155,-155.87
2026-07-10,20220506D,318.045,72.827,host,True,True,True,True,True,True,True,2026-07-10 21:45:34,2026-07-11 04:48:34,2026-07-11 00:45:34,2026-07-11 04:45:34,1.397,96.84,45.73,0.157,-173.08
2026-07-10,20240229A,169.984,70.676,host,True,False,True,True,True,False,False,2026-07-10 21:45:34,2026-07-11 04:48:34,,,,,,0.162,
2026-07-10,20221116A,21.211,72.654,host,True,False,True,True,True,False,False,2026-07-10 21:45:34,2026-07-11 04:48:34,,,,,,0.162,
2026-07-10,20230307A,177.782,71.695,host,True,False,True,True,True,False,False,2026-07-10 21:45:34,2026-07-11 04:48:34,,,,,,0.162,
2026-07-10,20231123B,242.538,70.785,host,True,True,True,True,True,True,True,2026-07-10 21:45:34,2026-07-11 04:48:34,2026-07-10 21:45:34,2026-07-11 00:55:34,1.373,98.6,46.75,0.169,155.91
2026-07-10,20221113A,71.411,70.307,host,True,False,True,True,True,False,False,2026-07-10 21:45:34,2026-07-11 04:48:34,,,,,,0.162,
2026-07-10,20221101B,342.216,70.682,host,True,True,True,True,True,True,True,2026-07-10 21:45:34,2026-07-11 04:48:34,2026-07-11 01:55:34,2026-07-11 04:45:34,1.383,99.69,46.31,0.155,-153.01
2026-07-10,20240215A,268.441,70.232,host,True,True,True,True,True,True,True,2026-07-10 21:45:34,2026-07-11 04:48:34,2026-07-10 21:45:34,2026-07-11 02:40:34,1.338,93.64,48.36,0.166,171.4
2026-07-10,20121102A,82.994542,33.147897,host,True,False,False,True,True,False,False,2026-07-10 21:45:34,2026-07-11 04:48:34,,,,,,0.162,
2026-07-10,20230628A,166.787,72.282,host,True,False,True,True,True,False,False,2026-07-10 21:45:34,2026-07-11 04:48:34,,,,,,0.162,
2026-07-10,20240213A,166.168,74.075,host,True,False,True,True,True,False,False,2026-07-10 21:45:34,2026-07-11 04:48:34,,,,,,0.162,
2026-07-10,20201124A,77.015,26.061,host,True,False,False,True,True,False,False,2026-07-10 21:45:34,2026-07-11 04:48:34,,,,,,0.162,
2026-07-10,20230124A,231.917,70.968,host,True,True,True,True,True,True,True,2026-07-10 21:45:34,2026-07-11 04:48:34,2026-07-10 21:45:34,2026-07-11 00:10:34,1.396,101.31,45.76,0.171,149.0
2026-07-10,20230930A,10.507,41.417,host,True,True,True,True,True,True,True,2026-07-10 21:45:34,2026-07-11 04:48:34,2026-07-11 02:50:34,2026-07-11 04:45:34,1.24,97.78,53.75,0.153,-97.09
2026-07-10,20240203,312.621,73.9,host,True,True,True,True,True,True,True,2026-07-10 21:45:34,2026-07-11 04:48:34,2026-07-11 00:40:34,2026-07-11 04:45:34,1.42,97.2,44.76,0.157,-179.91
2026-07-10,20231120A,143.985,73.285,host,True,False,True,True,True,False,False,2026-07-10 21:45:34,2026-07-11 04:48:34,,,,,,0.162,
2026-07-10,20201123A,263.66,-50.764,host,False,False,True,True,True,False,False,2026-07-10 21:45:34,2026-07-11 04:48:34,,,,,,0.162,
2026-07-11,20171020A,333.8531,-19.5853,host,True,False,True,True,True,False,False,2026-07-11 21:45:10,2026-07-12 04:49:14,,,,,,0.084,
2026-07-11,20180924B,326.105236,-40.900253,host,False,False,True,True,True,False,False,2026-07-11 21:45:10,2026-07-12 04:49:14,,,,,,0.084,
2026-07-11,20190102C,322.415209,-79.475758,host,False,False,True,True,True,False,False,2026-07-11 21:45:10,2026-07-12 04:49:14,,,,,,0.084,
2026-07-11,20190608B,334.020406,-7.898868,host,True,True,True,True,True,True,True,2026-07-11 21:45:10,2026-07-12 04:49:14,2026-07-12 02:00:10,2026-07-12 04:45:10,1.269,43.77,51.99,0.078,-15.11
2026-07-11,20190714A,183.979525,-13.021079,host,True,False,True,True,True,False,False,2026-07-11 21:45:10,2026-07-12 04:49:14,,,,,,0.084,
2026-07-11,20191001A,323.352187,-54.747748,host,False,False,True,True,True,False,False,2026-07-11 21:45:10,2026-07-12 04:49:14,,,,,,0.084,
2026-07-11,20200906A,53.496,-14.083,host,True,False,True,True,True,False,False,2026-07-11 21:45:10,2026-07-12 04:49:14,,,,,,0.084,
2026-07-11,20210320C,204.458854,-16.122552,host,True,False,True,True,True,False,False,2026-07-11 21:45:10,2026-07-12 04:49:14,,,,,,0.084,
2026-07-11,20210410D,326.086,-79.318,host,False,False,True,True,True,False,False,2026-07-11 21:45:10,2026-07-12 04:49:14,,,,,,0.084,
2026-07-11,20210807D,299.2214,-0.7624,host,True,True,True,True,True,True,True,2026-07-11 21:45:10,2026-07-12 04:49:14,2026-07-11 23:15:10,2026-07-12 04:25:10,1.148,22.77,60.55,0.082,0.76
2026-07-11,20211127I,199.808,-18.838,host,True,False,True,True,True,False,False,2026-07-11 21:45:10,2026-07-12 04:49:14,,,,,,0.084,
2026-07-11,20211203C,204.56526,-31.379107,host,True,False,True,True,True,False,False,2026-07-11 21:45:10,2026-07-12 04:49:14,,,,,,0.084,
2026-07-11,20211212A,157.351,1.361,host,True,False,True,True,True,False,False,2026-07-11 21:45:10,2026-07-12 04:49:14,,,,,,0.084,
2026-07-11,20220207C,310.197679,72.882658,host,True,True,True,True,True,True,True,2026-07-11 21:45:10,2026-07-12 04:49:14,2026-07-12 00:10:10,2026-07-12 04:45:10,1.395,95.8,45.78,0.08,-179.34
2026-07-11,20220307B,350.875,72.192,host,True,True,True,True,True,True,True,2026-07-11 21:45:10,2026-07-12 04:49:14,2026-07-12 02:45:10,2026-07-12 04:45:10,1.421,102.41,44.74,0.077,-151.86
2026-07-11,20220310F,134.721,73.491,host,True,False,True,True,True,False,False,2026-07-11 21:45:10,2026-07-12 04:49:14,,,,,,0.084,
2026-07-11,20220319D,32.177917,71.03525,host,True,False,True,True,True,False,False,2026-07-11 21:45:10,2026-07-12 04:49:14,,,,,,0.084,
2026-07-11,20220509G,282.674806,70.242726,host,True,True,True,True,True,True,True,2026-07-11 21:45:10,2026-07-12 04:49:14,2026-07-11 21:50:10,2026-07-12 03:35:10,1.336,92.46,48.48,0.085,179.1
2026-07-11,20220825A,311.982,72.585,host,True,True,True,True,True,True,True,2026-07-11 21:45:10,2026-07-12 04:49:14,2026-07-12 00:15:10,2026-07-12 04:45:10,1.389,95.68,46.06,0.08,-177.08
2026-07-11,20220912A,347.270174,48.706618,host,True,True,True,True,True,True,True,2026-07-11 21:45:10,2026-07-12 04:49:14,2026-07-12 01:10:10,2026-07-12 04:45:10,1.163,86.72,59.31,0.079,-119.89
2026-07-11,20220914A,282.058507,73.336282,host,True,True,True,True,True,True,True,2026-07-11 21:45:10,2026-07-12 04:49:14,2026-07-11 22:20:10,2026-07-12 02:55:10,1.405,95.55,45.39,0.086,179.95
2026-07-11,20220920A,240.256794,70.918007,host,True,True,True,True,True,True,True,2026-07-11 21:45:10,2026-07-12 04:49:14,2026-07-11 21:45:10,2026-07-12 00:40:10,1.382,99.32,46.37,0.09,153.57
2026-07-11,20221012A,280.801417,70.524175,host,True,True,True,True,True,True,True,2026-07-11 21:45:10,2026-07-12 04:49:14,2026-07-11 21:45:10,2026-07-12 03:25:10,1.341,92.83,48.21,0.086,179.94
2026-07-11,20181112A,327.348458,-52.970944,signal,False,False,True,True,True,False,False,2026-07-11 21:45:10,2026-07-12 04:49:14,,,,,,0.084,
2026-07-11,20190611B,320.742887,-79.397286,host,False,False,True,True,True,False,False,2026-07-11 21:45:10,2026-07-12 04:49:14,,,,,,0.084,
2026-07-11,20190711A,329.419,-80.358,host,False,False,True,True,True,False,False,2026-07-11 21:45:10,2026-07-12 04:49:14,,,,,,0.084,
2026-07-11,20191228A,344.430542,-29.594111,signal,True,False,True,True,True,False,False,2026-07-11 21:45:10,2026-07-12 04:49:14,,,,,,0.084,
2026-07-11,20200430A,229.706377,12.376607,host,True,True,True,True,True,True,True,2026-07-11 21:45:10,2026-07-12 04:49:14,2026-07-11 21:45:10,2026-07-12 00:25:10,1.167,69.03,58.96,0.09,53.98
2026-07-11,20200627A,326.695833,-39.484722,signal,False,False,True,True,True,False,False,2026-07-11 21:45:10,2026-07-12 04:49:14,,,,,,0.084,
2026-07-11,20210117A,339.979208,-16.151444,signal,True,True,True,True,True,True,True,2026-07-11 21:45:10,2026-07-12 04:49:14,2026-07-12 03:20:10,2026-07-12 04:45:10,1.421,46.51,44.74,0.076,-8.01
2026-07-11,20210214G,6.93,-5.832222,signal,True,True,True,True,True,True,True,2026-07-11 21:45:10,2026-07-12 04:49:14,2026-07-12 04:05:10,2026-07-12 04:45:10,1.395,74.82,45.81,0.075,-36.84
2026-07-11,20210407E,78.650958,27.05825,signal,True,False,False,True,True,False,False,2026-07-11 21:45:10,2026-07-12 04:49:14,,,,,,0.084,
2026-07-11,20210809C,271.157083,1.328889,signal,True,True,True,True,True,True,True,2026-07-11 21:45:10,2026-07-12 04:49:14,2026-07-11 21:45:10,2026-07-12 02:40:10,1.13,30.23,62.26,0.087,8.82
2026-07-11,20210912A,350.7935,-30.405583,signal,True,False,True,True,True,False,False,2026-07-11 21:45:10,2026-07-12 04:49:14,,,,,,0.084,
2026-07-11,20220105A,208.803803,22.466479,host,True,True,True,True,True,True,True,2026-07-11 21:45:10,2026-07-12 04:49:14,2026-07-11 21:45:10,2026-07-11 23:20:10,1.268,91.33,52.07,0.092,71.56
2026-07-11,20220501C,352.379167,-32.490722,signal,True,False,True,True,True,False,False,2026-07-11 21:45:10,2026-07-12 04:49:14,,,,,,0.084,
2026-07-11,20220531A,294.709167,-60.296667,signal,False,False,True,True,True,False,False,2026-07-11 21:45:10,2026-07-12 04:49:14,,,,,,0.084,
2026-07-11,20220610A,351.073,-33.514,host,True,False,True,True,True,False,False,2026-07-11 21:45:10,2026-07-12 04:49:14,,,,,,0.084,
2026-07-11,20220725A,353.315342,-35.990268,host,True,False,True,True,True,False,False,2026-07-11 21:45:10,2026-07-12 04:49:14,,,,,,0.084,
2026-07-11,20220918A,17.592125,-70.811389,signal,False,False,True,True,True,False,False,2026-07-11 21:45:10,2026-07-12 04:49:14,,,,,,0.084,
2026-07-11,20221106A,56.704551,-25.569831,host,True,False,True,True,True,False,False,2026-07-11 21:45:10,2026-07-12 04:49:14,,,,,,0.084,
2026-07-11,20230521A,327.75125,-2.386111,signal,True,True,True,True,True,True,True,2026-07-11 21:45:10,2026-07-12 04:49:14,2026-07-12 01:10:10,2026-07-12 04:45:10,1.189,40.81,57.26,0.079,-17.27
2026-07-11,20230526A,22.232615,-52.717373,host,False,False,True,True,True,False,False,2026-07-11 21:45:10,2026-07-12 04:49:14,,,,,,0.084,
2026-07-11,20230708A,303.115511,-55.356262,host,False,False,True,True,True,False,False,2026-07-11 21:45:10,2026-07-12 04:49:14,,,,,,0.084,
2026-07-11,20230718A,128.161917,-40.451944,signal,False,False,True,True,True,False,False,2026-07-11 21:45:10,2026-07-12 04:49:14,,,,,,0.084,
2026-07-11,20230731A,174.601458,-56.799056,signal,False,False,True,True,True,False,False,2026-07-11 21:45:10,2026-07-12 04:49:14,,,,,,0.084,
2026-07-11,20230902A,52.139961,-47.333434,host,False,False,True,True,True,False,False,2026-07-11 21:45:10,2026-07-12 04:49:14,,,,,,0.084,
2026-07-11,20231006A,296.003333,-64.648889,signal,False,False,True,True,True,False,False,2026-07-11 21:45:10,2026-07-12 04:49:14,,,,,,0.084,
2026-07-11,20231226A,155.363856,6.109704,host,True,False,True,True,True,False,False,2026-07-11 21:45:10,2026-07-12 04:49:14,,,,,,0.084,
2026-07-11,20240201A,149.906029,14.088739,host,True,False,True,True,True,False,False,2026-07-11 21:45:10,2026-07-12 04:49:14,,,,,,0.084,
2026-07-11,20240208A,159.229001,-0.953397,host,True,False,True,True,True,False,False,2026-07-11 21:45:10,2026-07-12 04:49:14,,,,,,0.084,
2026-07-11,20240210A,8.77693,-28.271997,host,True,False,True,True,True,False,False,2026-07-11 21:45:10,2026-07-12 04:49:14,,,,,,0.084,
2026-07-11,20240304A,136.330524,-16.166242,host,True,False,True,True,True,False,False,2026-07-11 21:45:10,2026-07-12 04:49:14,,,,,,0.084,
2026-07-11,20240310A,17.621847,-44.439331,host,False,False,True,True,True,False,False,2026-07-11 21:45:10,2026-07-12 04:49:14,,,,,,0.084,
2026-07-11,20240318A,150.393564,37.616432,host,True,False,True,True,True,False,False,2026-07-11 21:45:10,2026-07-12 04:49:14,,,,,,0.084,
2026-07-11,20240304B,182.997,11.813,host,True,False,True,True,True,False,False,2026-07-11 21:45:10,2026-07-12 04:49:14,,,,,,0.084,
2026-07-11,20230521B,351.036,71.138,host,True,True,True,True,True,True,True,2026-07-11 21:45:10,2026-07-12 04:49:14,2026-07-12 02:35:10,2026-07-12 04:45:10,1.403,101.85,45.44,0.077,-149.61
2026-07-11,20240104A,348.874,72.821,host,True,True,True,True,True,True,True,2026-07-11 21:45:10,2026-07-12 04:49:14,2026-07-12 02:45:10,2026-07-12 04:45:10,1.428,102.29,44.46,0.077,-154.58
2026-07-11,20221029A,141.966,72.452,host,True,False,True,True,True,False,False,2026-07-11 21:45:10,2026-07-12 04:49:14,,,,,,0.084,
2026-07-11,20240123A,68.263,71.945,host,True,False,True,True,True,False,False,2026-07-11 21:45:10,2026-07-12 04:49:14,,,,,,0.084,
2026-07-11,20220222C,203.904,-28.027,host,True,False,True,True,True,False,False,2026-07-11 21:45:10,2026-07-12 04:49:14,,,,,,0.084,
2026-07-11,20190523A,207.064,72.471,host,True,True,True,True,True,True,True,2026-07-11 21:45:10,2026-07-12 04:49:14,2026-07-11 21:45:10,2026-07-11 22:10:10,1.477,109.1,42.6,0.093,137.12
2026-07-11,20250518,207.992,71.282,host,True,True,True,True,True,True,True,2026-07-11 21:45:10,2026-07-12 04:49:14,2026-07-11 21:45:10,2026-07-11 22:30:10,1.463,108.54,43.11,0.093,134.53
2026-07-11,20220224C,166.678,-22.94,host,True,False,True,True,True,False,False,2026-07-11 21:45:10,2026-07-12 04:49:14,,,,,,0.084,
2026-07-11,20220418A,219.106,70.095,host,True,True,True,True,True,True,True,2026-07-11 21:45:10,2026-07-12 04:49:14,2026-07-11 21:45:10,2026-07-11 23:25:10,1.413,104.69,45.05,0.092,139.45
2026-07-11,20190614D,65.076,73.707,host,True,False,True,True,True,False,False,2026-07-11 21:45:10,2026-07-12 04:49:14,,,,,,0.084,
2026-07-11,20221219A,257.63,71.627,host,True,True,True,True,True,True,True,2026-07-11 21:45:10,2026-07-12 04:49:14,2026-07-11 21:45:10,2026-07-12 01:40:10,1.373,96.41,46.75,0.088,166.29
2026-07-11,20230814B,335.976,73.026,host,True,True,True,True,True,True,True,2026-07-11 21:45:10,2026-07-12 04:49:14,2026-07-12 01:55:10,2026-07-12 04:45:10,1.414,99.64,44.99,0.078,-162.8
2026-07-11,20231020B,57.278,-37.77,host,False,False,True,True,True,False,False,2026-07-11 21:45:10,2026-07-12 04:49:14,,,,,,0.084,
2026-07-11,20230907D,187.142,8.658,host,True,False,True,True,True,False,False,2026-07-11 21:45:10,2026-07-12 04:49:14,,,,,,0.084,
2026-07-11,20230712A,167.36,72.558,host,True,False,True,True,True,False,False,2026-07-11 21:45:10,2026-07-12 04:49:14,,,,,,0.084,
2026-07-11,20220204A,274.228,69.722,host,True,True,True,True,True,True,True,2026-07-11 21:45:10,2026-07-12 04:49:14,2026-07-11 21:45:10,2026-07-12 03:05:10,1.326,92.53,48.96,0.086,174.51
2026-07-11,20230613A,356.853,-27.053,host,True,False,True,True,True,False,False,2026-07-11 21:45:10,2026-07-12 04:49:14,,,,,,0.084,
2026-07-11,20240119A,224.467,71.612,host,True,True,True,True,True,True,True,2026-07-11 21:45:10,2026-07-12 04:49:14,2026-07-11 21:45:10,2026-07-11 23:30:10,1.423,103.8,44.66,0.091,145.31
2026-07-11,20220717A,293.304,-19.288,host,True,True,True,True,True,True,True,2026-07-11 21:45:10,2026-07-12 04:49:14,2026-07-12 01:10:10,2026-07-12 01:40:10,1.494,3.58,42.01,0.083,0.09
2026-07-11,20220726A,73.946,69.93,host,True,False,True,True,True,False,False,2026-07-11 21:45:10,2026-07-12 04:49:14,,,,,,0.084,
2026-07-11,20231220A,123.909,73.66,host,True,False,True,True,True,False,False,2026-07-11 21:45:10,2026-07-12 04:49:14,,,,,,0.084,
2026-07-11,20180301A,93.227,4.671,host,True,False,True,True,True,False,False,2026-07-11 21:45:10,2026-07-12 04:49:14,,,,,,0.084,
2026-07-11,20230626A,235.63,71.134,host,True,True,True,True,True,True,True,2026-07-11 21:45:10,2026-07-12 04:49:14,2026-07-11 21:45:10,2026-07-12 00:20:10,1.393,100.59,45.87,0.09,151.03
2026-07-11,20230125D,150.205,-31.545,host,True,False,True,True,True,False,False,2026-07-11 21:45:10,2026-07-12 04:49:14,,,,,,0.084,
2026-07-11,20230913,305.037,70.793,host,True,True,True,True,True,True,True,2026-07-11 21:45:10,2026-07-12 04:49:14,2026-07-11 23:25:10,2026-07-12 04:45:10,1.348,93.36,47.87,0.082,-177.87
2026-07-11,20230501A,340.027,70.922,host,True,True,True,True,True,True,True,2026-07-11 21:45:10,2026-07-12 04:49:14,2026-07-12 01:45:10,2026-07-12 04:45:10,1.382,98.98,46.36,0.078,-155.4
2026-07-11,20220506D,318.045,72.827,host,True,True,True,True,True,True,True,2026-07-11 21:45:10,2026-07-12 04:49:14,2026-07-12 00:40:10,2026-07-12 04:45:10,1.396,96.59,45.76,0.08,-174.19
2026-07-11,20240229A,169.984,70.676,host,True,False,True,True,True,False,False,2026-07-11 21:45:10,2026-07-12 04:49:14,,,,,,0.084,
2026-07-11,20221116A,21.211,72.654,host,True,False,True,True,True,False,False,2026-07-11 21:45:10,2026-07-12 04:49:14,,,,,,0.084,
2026-07-11,20230307A,177.782,71.695,host,True,False,True,True,True,False,False,2026-07-11 21:45:10,2026-07-12 04:49:14,,,,,,0.084,
2026-07-11,20231123B,242.538,70.785,host,True,True,True,True,True,True,True,2026-07-11 21:45:10,2026-07-12 04:49:14,2026-07-11 21:45:10,2026-07-12 00:50:10,1.376,98.7,46.63,0.089,154.8
2026-07-11,20221113A,71.411,70.307,host,True,False,True,True,True,False,False,2026-07-11 21:45:10,2026-07-12 04:49:14,,,,,,0.084,
2026-07-11,20221101B,342.216,70.682,host,True,True,True,True,True,True,True,2026-07-11 21:45:10,2026-07-12 04:49:14,2026-07-12 01:55:10,2026-07-12 04:45:10,1.38,99.33,46.44,0.078,-154.12
2026-07-11,20240215A,268.441,70.232,host,True,True,True,True,True,True,True,2026-07-11 21:45:10,2026-07-12 04:49:14,2026-07-11 21:45:10,2026-07-12 02:40:10,1.339,93.63,48.31,0.087,170.24
2026-07-11,20121102A,82.994542,33.147897,host,True,False,False,True,True,False,False,2026-07-11 21:45:10,2026-07-12 04:49:14,,,,,,0.084,
2026-07-11,20230628A,166.787,72.282,host,True,False,True,True,True,False,False,2026-07-11 21:45:10,2026-07-12 04:49:14,,,,,,0.084,
2026-07-11,20240213A,166.168,74.075,host,True,False,True,True,True,False,False,2026-07-11 21:45:10,2026-07-12 04:49:14,,,,,,0.084,
2026-07-11,20201124A,77.015,26.061,host,True,False,False,True,True,False,False,2026-07-11 21:45:10,2026-07-12 04:49:14,,,,,,0.084,
2026-07-11,20230124A,231.917,70.968,host,True,True,True,True,True,True,True,2026-07-11 21:45:10,2026-07-12 04:49:14,2026-07-11 21:45:10,2026-07-12 00:05:10,1.394,101.45,45.83,0.091,149.46
2026-07-11,20230930A,10.507,41.417,host,True,True,True,True,True,True,True,2026-07-11 21:45:10,2026-07-12 04:49:14,2026-07-12 02:45:10,2026-07-12 04:45:10,1.244,97.01,53.48,0.077,-96.8
2026-07-11,20240203,312.621,73.9,host,True,True,True,True,True,True,True,2026-07-11 21:45:10,2026-07-12 04:49:14,2026-07-12 00:35:10,2026-07-12 04:45:10,1.42,96.98,44.76,0.08,-179.46
2026-07-11,20231120A,143.985,73.285,host,True,False,True,True,True,False,False,2026-07-11 21:45:10,2026-07-12 04:49:14,,,,,,0.084,
2026-07-11,20201123A,263.66,-50.764,host,False,False,True,True,True,False,False,2026-07-11 21:45:10,2026-07-12 04:49:14,,,,,,0.084,
2026-07-12,20171020A,333.8531,-19.5853,host,True,False,True,True,True,False,False,2026-07-12 21:44:45,2026-07-13 04:49:56,,,,,,0.029,
2026-07-12,20180924B,326.105236,-40.900253,host,False,False,True,True,True,False,False,2026-07-12 21:44:45,2026-07-13 04:49:56,,,,,,0.029,
2026-07-12,20190102C,322.415209,-79.475758,host,False,False,True,True,True,False,False,2026-07-12 21:44:45,2026-07-13 04:49:56,,,,,,0.029,
2026-07-12,20190608B,334.020406,-7.898868,host,True,True,True,True,True,True,True,2026-07-12 21:44:45,2026-07-13 04:49:56,2026-07-13 01:54:45,2026-07-13 04:49:45,1.265,42.85,52.22,0.026,-13.91
2026-07-12,20190714A,183.979525,-13.021079,host,True,False,True,True,True,False,False,2026-07-12 21:44:45,2026-07-13 04:49:56,,,,,,0.029,
2026-07-12,20191001A,323.352187,-54.747748,host,False,False,True,True,True,False,False,2026-07-12 21:44:45,2026-07-13 04:49:56,,,,,,0.029,
2026-07-12,20200906A,53.496,-14.083,host,True,False,True,True,True,False,False,2026-07-12 21:44:45,2026-07-13 04:49:56,,,,,,0.029,
2026-07-12,20210320C,204.458854,-16.122552,host,True,False,True,True,True,False,False,2026-07-12 21:44:45,2026-07-13 04:49:56,,,,,,0.029,
2026-07-12,20210410D,326.086,-79.318,host,False,False,True,True,True,False,False,2026-07-12 21:44:45,2026-07-13 04:49:56,,,,,,0.029,
2026-07-12,20210807D,299.2214,-0.7624,host,True,True,True,True,True,True,True,2026-07-12 21:44:45,2026-07-13 04:49:56,2026-07-12 23:09:45,2026-07-13 04:24:45,1.149,22.33,60.54,0.028,2.32
2026-07-12,20211127I,199.808,-18.838,host,True,False,True,True,True,False,False,2026-07-12 21:44:45,2026-07-13 04:49:56,,,,,,0.029,
2026-07-12,20211203C,204.56526,-31.379107,host,True,False,True,True,True,False,False,2026-07-12 21:44:45,2026-07-13 04:49:56,,,,,,0.029,
2026-07-12,20211212A,157.351,1.361,host,True,False,True,True,True,False,False,2026-07-12 21:44:45,2026-07-13 04:49:56,,,,,,0.029,
2026-07-12,20220207C,310.197679,72.882658,host,True,True,True,True,True,True,True,2026-07-12 21:44:45,2026-07-13 04:49:56,2026-07-13 00:04:45,2026-07-13 04:49:45,1.395,95.58,45.78,0.027,179.55
2026-07-12,20220307B,350.875,72.192,host,True,True,True,True,True,True,True,2026-07-12 21:44:45,2026-07-13 04:49:56,2026-07-13 02:39:45,2026-07-13 04:49:45,1.418,102.04,44.87,0.025,-152.93
2026-07-12,20220310F,134.721,73.491,host,True,False,True,True,True,False,False,2026-07-12 21:44:45,2026-07-13 04:49:56,,,,,,0.029,
2026-07-12,20220319D,32.177917,71.03525,host,True,False,True,True,True,False,False,2026-07-12 21:44:45,2026-07-13 04:49:56,,,,,,0.029,
2026-07-12,20220509G,282.674806,70.242726,host,True,True,True,True,True,True,True,2026-07-12 21:44:45,2026-07-13 04:49:56,2026-07-12 21:44:45,2026-07-13 03:29:45,1.336,92.38,48.48,0.03,179.6
2026-07-12,20220825A,311.982,72.585,host,True,True,True,True,True,True,True,2026-07-12 21:44:45,2026-07-13 04:49:56,2026-07-13 00:09:45,2026-07-13 04:49:45,1.389,95.46,46.07,0.027,-178.19
2026-07-12,20220912A,347.270174,48.706618,host,True,True,True,True,True,True,True,2026-07-12 21:44:45,2026-07-13 04:49:56,2026-07-13 01:09:45,2026-07-13 04:49:45,1.157,86.12,59.81,0.026,-121.05
2026-07-12,20220914A,282.058507,73.336282,host,True,True,True,True,True,True,True,2026-07-12 21:44:45,2026-07-13 04:49:56,2026-07-12 22:19:45,2026-07-13 02:54:45,1.405,95.46,45.39,0.03,178.85
2026-07-12,20220920A,240.256794,70.918007,host,True,True,True,True,True,True,True,2026-07-12 21:44:45,2026-07-13 04:49:56,2026-07-12 21:44:45,2026-07-13 00:34:45,1.38,99.43,46.42,0.033,154.04
2026-07-12,20221012A,280.801417,70.524175,host,True,True,True,True,True,True,True,2026-07-12 21:44:45,2026-07-13 04:49:56,2026-07-12 21:44:45,2026-07-13 03:19:45,1.341,92.76,48.2,0.03,178.78
2026-07-12,20181112A,327.348458,-52.970944,signal,False,False,True,True,True,False,False,2026-07-12 21:44:45,2026-07-13 04:49:56,,,,,,0.029,
2026-07-12,20190611B,320.742887,-79.397286,host,False,False,True,True,True,False,False,2026-07-12 21:44:45,2026-07-13 04:49:56,,,,,,0.029,
2026-07-12,20190711A,329.419,-80.358,host,False,False,True,True,True,False,False,2026-07-12 21:44:45,2026-07-13 04:49:56,,,,,,0.029,
2026-07-12,20191228A,344.430542,-29.594111,signal,True,False,True,True,True,False,False,2026-07-12 21:44:45,2026-07-13 04:49:56,,,,,,0.029,
2026-07-12,20200430A,229.706377,12.376607,host,True,True,True,True,True,True,True,2026-07-12 21:44:45,2026-07-13 04:49:56,2026-07-12 21:44:45,2026-07-13 00:19:45,1.176,69.82,58.27,0.033,54.6
2026-07-12,20200627A,326.695833,-39.484722,signal,False,False,True,True,True,False,False,2026-07-12 21:44:45,2026-07-13 04:49:56,,,,,,0.029,
2026-07-12,20210117A,339.979208,-16.151444,signal,True,True,True,True,True,True,True,2026-07-12 21:44:45,2026-07-13 04:49:56,2026-07-13 03:19:45,2026-07-13 04:49:45,1.418,45.6,44.86,0.025,-6.93
2026-07-12,20210214G,6.93,-5.832222,signal,True,True,True,True,True,True,True,2026-07-12 21:44:45,2026-07-13 04:49:56,2026-07-13 03:59:45,2026-07-13 04:49:45,1.382,73.91,46.33,0.024,-36.02
2026-07-12,20210407E,78.650958,27.05825,signal,True,False,False,True,True,False,False,2026-07-12 21:44:45,2026-07-13 04:49:56,,,,,,0.029,
2026-07-12,20210809C,271.157083,1.328889,signal,True,True,True,True,True,True,True,2026-07-12 21:44:45,2026-07-13 04:49:56,2026-07-12 21:44:45,2026-07-13 02:39:45,1.131,30.75,62.13,0.031,10.43
2026-07-12,20210912A,350.7935,-30.405583,signal,True,False,True,True,True,False,False,2026-07-12 21:44:45,2026-07-13 04:49:56,,,,,,0.029,
2026-07-12,20220105A,208.803803,22.466479,host,True,True,True,True,True,True,True,2026-07-12 21:44:45,2026-07-13 04:49:56,2026-07-12 21:44:45,2026-07-12 23:14:45,1.262,92.11,52.4,0.034,71.56
2026-07-12,20220501C,352.379167,-32.490722,signal,True,False,True,True,True,False,False,2026-07-12 21:44:45,2026-07-13 04:49:56,,,,,,0.029,
2026-07-12,20220531A,294.709167,-60.296667,signal,False,False,True,True,True,False,False,2026-07-12 21:44:45,2026-07-13 04:49:56,,,,,,0.029,
2026-07-12,20220610A,351.073,-33.514,host,True,False,True,True,True,False,False,2026-07-12 21:44:45,2026-07-13 04:49:56,,,,,,0.029,
2026-07-12,20220725A,353.315342,-35.990268,host,True,False,True,True,True,False,False,2026-07-12 21:44:45,2026-07-13 04:49:56,,,,,,0.029,
2026-07-12,20220918A,17.592125,-70.811389,signal,False,False,True,True,True,False,False,2026-07-12 21:44:45,2026-07-13 04:49:56,,,,,,0.029,
2026-07-12,20221106A,56.704551,-25.569831,host,True,False,True,True,True,False,False,2026-07-12 21:44:45,2026-07-13 04:49:56,,,,,,0.029,
2026-07-12,20230521A,327.75125,-2.386111,signal,True,True,True,True,True,True,True,2026-07-12 21:44:45,2026-07-13 04:49:56,2026-07-13 01:09:45,2026-07-13 04:49:45,1.185,39.92,57.52,0.026,-15.92
2026-07-12,20230526A,22.232615,-52.717373,host,False,False,True,True,True,False,False,2026-07-12 21:44:45,2026-07-13 04:49:56,,,,,,0.029,
2026-07-12,20230708A,303.115511,-55.356262,host,False,False,True,True,True,False,False,2026-07-12 21:44:45,2026-07-13 04:49:56,,,,,,0.029,
2026-07-12,20230718A,128.161917,-40.451944,signal,False,False,True,True,True,False,False,2026-07-12 21:44:45,2026-07-13 04:49:56,,,,,,0.029,
2026-07-12,20230731A,174.601458,-56.799056,signal,False,False,True,True,True,False,False,2026-07-12 21:44:45,2026-07-13 04:49:56,,,,,,0.029,
2026-07-12,20230902A,52.139961,-47.333434,host,False,False,True,True,True,False,False,2026-07-12 21:44:45,2026-07-13 04:49:56,,,,,,0.029,
2026-07-12,20231006A,296.003333,-64.648889,signal,False,False,True,True,True,False,False,2026-07-12 21:44:45,2026-07-13 04:49:56,,,,,,0.029,
2026-07-12,20231226A,155.363856,6.109704,host,True,False,True,True,True,False,False,2026-07-12 21:44:45,2026-07-13 04:49:56,,,,,,0.029,
2026-07-12,20240201A,149.906029,14.088739,host,True,False,True,True,True,False,False,2026-07-12 21:44:45,2026-07-13 04:49:56,,,,,,0.029,
2026-07-12,20240208A,159.229001,-0.953397,host,True,False,True,True,True,False,False,2026-07-12 21:44:45,2026-07-13 04:49:56,,,,,,0.029,
2026-07-12,20240210A,8.77693,-28.271997,host,True,False,True,True,True,False,False,2026-07-12 21:44:45,2026-07-13 04:49:56,,,,,,0.029,
2026-07-12,20240304A,136.330524,-16.166242,host,True,False,True,True,True,False,False,2026-07-12 21:44:45,2026-07-13 04:49:56,,,,,,0.029,
2026-07-12,20240310A,17.621847,-44.439331,host,False,False,True,True,True,False,False,2026-07-12 21:44:45,2026-07-13 04:49:56,,,,,,0.029,
2026-07-12,20240318A,150.393564,37.616432,host,True,False,True,True,True,False,False,2026-07-12 21:44:45,2026-07-13 04:49:56,,,,,,0.029,
2026-07-12,20240304B,182.997,11.813,host,True,False,True,True,True,False,False,2026-07-12 21:44:45,2026-07-13 04:49:56,,,,,,0.029,
2026-07-12,20230521B,351.036,71.138,host,True,True,True,True,True,True,True,2026-07-12 21:44:45,2026-07-13 04:49:56,2026-07-13 02:29:45,2026-07-13 04:49:45,1.4,101.47,45.58,0.025,-150.69
2026-07-12,20240104A,348.874,72.821,host,True,True,True,True,True,True,True,2026-07-12 21:44:45,2026-07-13 04:49:56,2026-07-13 02:39:45,2026-07-13 04:49:45,1.425,101.93,44.57,0.025,-155.65
2026-07-12,20221029A,141.966,72.452,host,True,False,True,True,True,False,False,2026-07-12 21:44:45,2026-07-13 04:49:56,,,,,,0.029,
2026-07-12,20240123A,68.263,71.945,host,True,False,True,True,True,False,False,2026-07-12 21:44:45,2026-07-13 04:49:56,,,,,,0.029,
2026-07-12,20220222C,203.904,-28.027,host,True,False,True,True,True,False,False,2026-07-12 21:44:45,2026-07-13 04:49:56,,,,,,0.029,
2026-07-12,20190523A,207.064,72.471,host,True,True,True,True,True,True,True,2026-07-12 21:44:45,2026-07-13 04:49:56,2026-07-12 21:44:45,2026-07-12 22:09:45,1.483,109.26,42.41,0.035,136.11
2026-07-12,20250518,207.992,71.282,host,True,True,True,True,True,True,True,2026-07-12 21:44:45,2026-07-13 04:49:56,2026-07-12 21:44:45,2026-07-12 22:24:45,1.461,108.72,43.19,0.035,134.96
2026-07-12,20220224C,166.678,-22.94,host,True,False,True,True,True,False,False,2026-07-12 21:44:45,2026-07-13 04:49:56,,,,,,0.029,
2026-07-12,20220418A,219.106,70.095,host,True,True,True,True,True,True,True,2026-07-12 21:44:45,2026-07-13 04:49:56,2026-07-12 21:44:45,2026-07-12 23:19:45,1.418,104.87,44.85,0.034,138.4
2026-07-12,20190614D,65.076,73.707,host,True,False,True,True,True,False,False,2026-07-12 21:44:45,2026-07-13 04:49:56,,,,,,0.029,
2026-07-12,20221219A,257.63,71.627,host,True,True,True,True,True,True,True,2026-07-12 21:44:45,2026-07-13 04:49:56,2026-07-12 21:44:45,2026-07-13 01:39:45,1.374,96.44,46.69,0.032,165.17
2026-07-12,20230814B,335.976,73.026,host,True,True,True,True,True,True,True,2026-07-12 21:44:45,2026-07-13 04:49:56,2026-07-13 01:49:45,2026-07-13 04:49:45,1.413,99.32,45.07,0.026,-163.89
2026-07-12,20231020B,57.278,-37.77,host,False,False,True,True,True,False,False,2026-07-12 21:44:45,2026-07-13 04:49:56,,,,,,0.029,
2026-07-12,20230907D,187.142,8.658,host,True,False,True,True,True,False,False,2026-07-12 21:44:45,2026-07-13 04:49:56,,,,,,0.029,
2026-07-12,20230712A,167.36,72.558,host,True,False,True,True,True,False,False,2026-07-12 21:44:45,2026-07-13 04:49:56,,,,,,0.029,
2026-07-12,20220204A,274.228,69.722,host,True,True,True,True,True,True,True,2026-07-12 21:44:45,2026-07-13 04:49:56,2026-07-12 21:44:45,2026-07-13 02:59:45,1.327,92.49,48.92,0.031,173.33
2026-07-12,20230613A,356.853,-27.053,host,True,False,True,True,True,False,False,2026-07-12 21:44:45,2026-07-13 04:49:56,,,,,,0.029,
2026-07-12,20240119A,224.467,71.612,host,True,True,True,True,True,True,True,2026-07-12 21:44:45,2026-07-13 04:49:56,2026-07-12 21:44:45,2026-07-12 23:24:45,1.421,103.95,44.73,0.034,145.76
2026-07-12,20220717A,293.304,-19.288,host,True,True,True,True,True,True,True,2026-07-12 21:44:45,2026-07-13 04:49:56,2026-07-13 01:04:45,2026-07-13 01:39:45,1.494,2.96,42.01,0.029,1.13
2026-07-12,20220726A,73.946,69.93,host,True,False,True,True,True,False,False,2026-07-12 21:44:45,2026-07-13 04:49:56,,,,,,0.029,
2026-07-12,20231220A,123.909,73.66,host,True,False,True,True,True,False,False,2026-07-12 21:44:45,2026-07-13 04:49:56,,,,,,0.029,
2026-07-12,20180301A,93.227,4.671,host,True,False,False,True,True,False,False,2026-07-12 21:44:45,2026-07-13 04:49:56,,,,,,0.029,
2026-07-12,20230626A,235.63,71.134,host,True,True,True,True,True,True,True,2026-07-12 21:44:45,2026-07-13 04:49:56,2026-07-12 21:44:45,2026-07-13 00:14:45,1.392,100.71,45.93,0.033,151.5
2026-07-12,20230125D,150.205,-31.545,host,True,False,True,True,True,False,False,2026-07-12 21:44:45,2026-07-13 04:49:56,,,,,,0.029,
2026-07-12,20230913,305.037,70.793,host,True,True,True,True,True,True,True,2026-07-12 21:44:45,2026-07-13 04:49:56,2026-07-12 23:19:45,2026-07-13 04:49:45,1.348,93.15,47.88,0.028,-179.02
2026-07-12,20230501A,340.027,70.922,host,True,True,True,True,True,True,True,2026-07-12 21:44:45,2026-07-13 04:49:56,2026-07-13 01:44:45,2026-07-13 04:49:45,1.376,98.62,46.64,0.026,-158.1
2026-07-12,20220506D,318.045,72.827,host,True,True,True,True,True,True,True,2026-07-12 21:44:45,2026-07-13 04:49:56,2026-07-13 00:34:45,2026-07-13 04:49:45,1.395,96.34,45.78,0.027,-175.3
2026-07-12,20240229A,169.984,70.676,host,True,False,True,True,True,False,False,2026-07-12 21:44:45,2026-07-13 04:49:56,,,,,,0.029,
2026-07-12,20221116A,21.211,72.654,host,True,True,True,True,True,False,False,2026-07-12 21:44:45,2026-07-13 04:49:56,,,,,,0.029,
2026-07-12,20230307A,177.782,71.695,host,True,False,True,True,True,False,False,2026-07-12 21:44:45,2026-07-13 04:49:56,,,,,,0.029,
2026-07-12,20231123B,242.538,70.785,host,True,True,True,True,True,True,True,2026-07-12 21:44:45,2026-07-13 04:49:56,2026-07-12 21:44:45,2026-07-13 00:44:45,1.374,98.8,46.68,0.033,155.27
2026-07-12,20221113A,71.411,70.307,host,True,False,True,True,True,False,False,2026-07-12 21:44:45,2026-07-13 04:49:56,,,,,,0.029,
2026-07-12,20221101B,342.216,70.682,host,True,True,True,True,True,True,True,2026-07-12 21:44:45,2026-07-13 04:49:56,2026-07-13 01:49:45,2026-07-13 04:49:45,1.377,98.97,46.57,0.026,-155.23
2026-07-12,20240215A,268.441,70.232,host,True,True,True,True,True,True,True,2026-07-12 21:44:45,2026-07-13 04:49:56,2026-07-12 21:44:45,2026-07-13 02:34:45,1.339,93.62,48.34,0.031,170.73
2026-07-12,20121102A,82.994542,33.147897,host,True,False,False,True,True,False,False,2026-07-12 21:44:45,2026-07-13 04:49:56,,,,,,0.029,
2026-07-12,20230628A,166.787,72.282,host,True,False,True,True,True,False,False,2026-07-12 21:44:45,2026-07-13 04:49:56,,,,,,0.029,
2026-07-12,20240213A,166.168,74.075,host,True,False,True,True,True,False,False,2026-07-12 21:44:45,2026-07-13 04:49:56,,,,,,0.029,
2026-07-12,20201124A,77.015,26.061,host,True,False,False,True,True,False,False,2026-07-12 21:44:45,2026-07-13 04:49:56,,,,,,0.029,
2026-07-12,20230124A,231.917,70.968,host,True,True,True,True,True,True,True,2026-07-12 21:44:45,2026-07-13 04:49:56,2026-07-12 21:44:45,2026-07-13 00:04:45,1.398,101.58,45.68,0.033,148.38
2026-07-12,20230930A,10.507,41.417,host,True,True,True,True,True,True,True,2026-07-12 21:44:45,2026-07-13 04:49:56,2026-07-13 02:39:45,2026-07-13 04:49:45,1.234,96.25,54.13,0.025,-97.49
2026-07-12,20240203,312.621,73.9,host,True,True,True,True,True,True,True,2026-07-12 21:44:45,2026-07-13 04:49:56,2026-07-13 00:29:45,2026-07-13 04:44:45,1.42,96.76,44.76,0.027,179.46
2026-07-12,20231120A,143.985,73.285,host,True,False,True,True,True,False,False,2026-07-12 21:44:45,2026-07-13 04:49:56,,,,,,0.029,
2026-07-12,20201123A,263.66,-50.764,host,False,False,True,True,True,False,False,2026-07-12 21:44:45,2026-07-13 04:49:56,,,,,,0.029,
2026-07-13,20171020A,333.8531,-19.5853,host,True,False,True,True,True,False,False,2026-07-13 21:44:17,2026-07-14 04:50:38,,,,,,0.003,
2026-07-13,20180924B,326.105236,-40.900253,host,False,False,True,True,True,False,False,2026-07-13 21:44:17,2026-07-14 04:50:38,,,,,,0.003,
2026-07-13,20190102C,322.415209,-79.475758,host,False,False,True,True,True,False,False,2026-07-13 21:44:17,2026-07-14 04:50:38,,,,,,0.003,
2026-07-13,20190608B,334.020406,-7.898868,host,True,True,True,True,True,True,True,2026-07-13 21:44:17,2026-07-14 04:50:38,2026-07-14 01:54:17,2026-07-14 04:49:17,1.262,41.94,52.42,0.002,-12.7
2026-07-13,20190714A,183.979525,-13.021079,host,True,False,True,True,True,False,False,2026-07-13 21:44:17,2026-07-14 04:50:38,,,,,,0.003,
2026-07-13,20191001A,323.352187,-54.747748,host,False,False,True,True,True,False,False,2026-07-13 21:44:17,2026-07-14 04:50:38,,,,,,0.003,
2026-07-13,20200906A,53.496,-14.083,host,True,False,True,True,True,False,False,2026-07-13 21:44:17,2026-07-14 04:50:38,,,,,,0.003,
2026-07-13,20210320C,204.458854,-16.122552,host,True,False,True,True,True,False,False,2026-07-13 21:44:17,2026-07-14 04:50:38,,,,,,0.003,
2026-07-13,20210410D,326.086,-79.318,host,False,False,True,True,True,False,False,2026-07-13 21:44:17,2026-07-14 04:50:38,,,,,,0.003,
2026-07-13,20210807D,299.2214,-0.7624,host,True,True,True,True,True,True,True,2026-07-13 21:44:17,2026-07-14 04:50:38,2026-07-13 23:04:17,2026-07-14 04:19:17,1.148,21.91,60.55,0.003,1.64
2026-07-13,20211127I,199.808,-18.838,host,True,False,True,True,True,False,False,2026-07-13 21:44:17,2026-07-14 04:50:38,,,,,,0.003,
2026-07-13,20211203C,204.56526,-31.379107,host,True,False,True,True,True,False,False,2026-07-13 21:44:17,2026-07-14 04:50:38,,,,,,0.003,
2026-07-13,20211212A,157.351,1.361,host,True,False,True,True,True,False,False,2026-07-13 21:44:17,2026-07-14 04:50:38,,,,,,0.003,
2026-07-13,20220207C,310.197679,72.882658,host,True,True,True,True,True,True,True,2026-07-13 21:44:17,2026-07-14 04:50:38,2026-07-13 23:59:17,2026-07-14 04:49:17,1.395,95.36,45.78,0.002,-179.97
2026-07-13,20220307B,350.875,72.192,host,True,True,True,True,True,True,True,2026-07-13 21:44:17,2026-07-14 04:50:38,2026-07-14 02:34:17,2026-07-14 04:49:17,1.415,101.67,44.99,0.002,-154.0
2026-07-13,20220310F,134.721,73.491,host,True,False,True,True,True,False,False,2026-07-13 21:44:17,2026-07-14 04:50:38,,,,,,0.003,
2026-07-13,20220319D,32.177917,71.03525,host,True,False,True,True,True,False,False,2026-07-13 21:44:17,2026-07-14 04:50:38,,,,,,0.003,
2026-07-13,20220509G,282.674806,70.242726,host,True,True,True,True,True,True,True,2026-07-13 21:44:17,2026-07-14 04:50:38,2026-07-13 21:44:17,2026-07-14 03:24:17,1.336,92.29,48.48,0.003,-179.89
2026-07-13,20220825A,311.982,72.585,host,True,True,True,True,True,True,True,2026-07-13 21:44:17,2026-07-14 04:50:38,2026-07-14 00:04:17,2026-07-14 04:49:17,1.388,95.23,46.08,0.002,-179.29
2026-07-13,20220912A,347.270174,48.706618,host,True,True,True,True,True,True,True,2026-07-13 21:44:17,2026-07-14 04:50:38,2026-07-14 01:04:17,2026-07-14 04:49:17,1.151,85.51,60.3,0.002,-122.24
2026-07-13,20220914A,282.058507,73.336282,host,True,True,True,True,True,True,True,2026-07-13 21:44:17,2026-07-14 04:50:38,2026-07-13 22:14:17,2026-07-14 02:49:17,1.405,95.38,45.39,0.003,179.33
2026-07-13,20220920A,240.256794,70.918007,host,True,True,True,True,True,True,True,2026-07-13 21:44:17,2026-07-14 04:50:38,2026-07-13 21:44:17,2026-07-14 00:34:17,1.383,99.54,46.3,0.004,152.95
2026-07-13,20221012A,280.801417,70.524175,host,True,True,True,True,True,True,True,2026-07-13 21:44:17,2026-07-14 04:50:38,2026-07-13 21:44:17,2026-07-14 03:14:17,1.341,92.68,48.21,0.003,179.29
2026-07-13,20181112A,327.348458,-52.970944,signal,False,False,True,True,True,False,False,2026-07-13 21:44:17,2026-07-14 04:50:38,,,,,,0.003,
2026-07-13,20190611B,320.742887,-79.397286,host,False,False,True,True,True,False,False,2026-07-13 21:44:17,2026-07-14 04:50:38,,,,,,0.003,
2026-07-13,20190711A,329.419,-80.358,host,False,False,True,True,True,False,False,2026-07-13 21:44:17,2026-07-14 04:50:38,,,,,,0.003,
2026-07-13,20191228A,344.430542,-29.594111,signal,True,False,True,True,True,False,False,2026-07-13 21:44:17,2026-07-14 04:50:38,,,,,,0.003,
2026-07-13,20200430A,229.706377,12.376607,host,True,True,True,True,True,True,True,2026-07-13 21:44:17,2026-07-14 04:50:38,2026-07-13 21:44:17,2026-07-14 00:14:17,1.172,70.6,58.57,0.004,54.34
2026-07-13,20200627A,326.695833,-39.484722,signal,False,False,True,True,True,False,False,2026-07-13 21:44:17,2026-07-14 04:50:38,,,,,,0.003,
2026-07-13,20210117A,339.979208,-16.151444,signal,True,True,True,True,True,True,True,2026-07-13 21:44:17,2026-07-14 04:50:38,2026-07-14 03:14:17,2026-07-14 04:49:17,1.415,44.7,44.96,0.002,-5.87
2026-07-13,20210214G,6.93,-5.832222,signal,True,True,True,True,True,True,True,2026-07-13 21:44:17,2026-07-14 04:50:38,2026-07-14 03:54:17,2026-07-14 04:49:17,1.371,73.0,46.84,0.002,-35.19
2026-07-13,20210407E,78.650958,27.05825,signal,True,False,False,True,True,False,False,2026-07-13 21:44:17,2026-07-14 04:50:38,,,,,,0.003,
2026-07-13,20210809C,271.157083,1.328889,signal,True,True,True,True,True,True,True,2026-07-13 21:44:17,2026-07-14 04:50:38,2026-07-13 21:44:17,2026-07-14 02:34:17,1.131,31.28,62.19,0.003,9.73
2026-07-13,20210912A,350.7935,-30.405583,signal,True,False,True,True,True,False,False,2026-07-13 21:44:17,2026-07-14 04:50:38,,,,,,0.003,
2026-07-13,20220105A,208.803803,22.466479,host,True,True,True,True,True,True,True,2026-07-13 21:44:17,2026-07-14 04:50:38,2026-07-13 21:44:17,2026-07-13 23:09:17,1.275,92.89,51.64,0.004,71.55
2026-07-13,20220501C,352.379167,-32.490722,signal,True,False,True,True,True,False,False,2026-07-13 21:44:17,2026-07-14 04:50:38,,,,,,0.003,
2026-07-13,20220531A,294.709167,-60.296667,signal,False,False,True,True,True,False,False,2026-07-13 21:44:17,2026-07-14 04:50:38,,,,,,0.003,
2026-07-13,20220610A,351.073,-33.514,host,True,False,True,True,True,False,False,2026-07-13 21:44:17,2026-07-14 04:50:38,,,,,,0.003,
2026-07-13,20220725A,353.315342,-35.990268,host,True,False,True,True,True,False,False,2026-07-13 21:44:17,2026-07-14 04:50:38,,,,,,0.003,
2026-07-13,20220918A,17.592125,-70.811389,signal,False,False,True,True,True,False,False,2026-07-13 21:44:17,2026-07-14 04:50:38,,,,,,0.003,
2026-07-13,20221106A,56.704551,-25.569831,host,True,False,True,True,True,False,False,2026-07-13 21:44:17,2026-07-14 04:50:38,,,,,,0.003,
2026-07-13,20230521A,327.75125,-2.386111,signal,True,True,True,True,True,True,True,2026-07-13 21:44:17,2026-07-14 04:50:38,2026-07-14 01:04:17,2026-07-14 04:49:17,1.182,39.04,57.76,0.002,-14.56
2026-07-13,20230526A,22.232615,-52.717373,host,False,False,True,True,True,False,False,2026-07-13 21:44:17,2026-07-14 04:50:38,,,,,,0.003,
2026-07-13,20230708A,303.115511,-55.356262,host,False,False,True,True,True,False,False,2026-07-13 21:44:17,2026-07-14 04:50:38,,,,,,0.003,
2026-07-13,20230718A,128.161917,-40.451944,signal,False,False,True,True,True,False,False,2026-07-13 21:44:17,2026-07-14 04:50:38,,,,,,0.003,
2026-07-13,20230731A,174.601458,-56.799056,signal,False,False,True,True,True,False,False,2026-07-13 21:44:17,2026-07-14 04:50:38,,,,,,0.003,
2026-07-13,20230902A,52.139961,-47.333434,host,False,False,True,True,True,False,False,2026-07-13 21:44:17,2026-07-14 04:50:38,,,,,,0.003,
2026-07-13,20231006A,296.003333,-64.648889,signal,False,False,True,True,True,False,False,2026-07-13 21:44:17,2026-07-14 04:50:38,,,,,,0.003,
2026-07-13,20231226A,155.363856,6.109704,host,True,False,True,True,True,False,False,2026-07-13 21:44:17,2026-07-14 04:50:38,,,,,,0.003,
2026-07-13,20240201A,149.906029,14.088739,host,True,False,True,True,True,False,False,2026-07-13 21:44:17,2026-07-14 04:50:38,,,,,,0.003,
2026-07-13,20240208A,159.229001,-0.953397,host,True,False,True,True,True,False,False,2026-07-13 21:44:17,2026-07-14 04:50:38,,,,,,0.003,
2026-07-13,20240210A,8.77693,-28.271997,host,True,False,True,True,True,False,False,2026-07-13 21:44:17,2026-07-14 04:50:38,,,,,,0.003,
2026-07-13,20240304A,136.330524,-16.166242,host,True,False,True,True,True,False,False,2026-07-13 21:44:17,2026-07-14 04:50:38,,,,,,0.003,
2026-07-13,20240310A,17.621847,-44.439331,host,False,False,True,True,True,False,False,2026-07-13 21:44:17,2026-07-14 04:50:38,,,,,,0.003,
2026-07-13,20240318A,150.393564,37.616432,host,True,False,True,True,True,False,False,2026-07-13 21:44:17,2026-07-14 04:50:38,,,,,,0.003,
2026-07-13,20240304B,182.997,11.813,host,True,False,True,True,True,False,False,2026-07-13 21:44:17,2026-07-14 04:50:38,,,,,,0.003,
2026-07-13,20230521B,351.036,71.138,host,True,True,True,True,True,True,True,2026-07-13 21:44:17,2026-07-14 04:50:38,2026-07-14 02:24:17,2026-07-14 04:49:17,1.397,101.08,45.72,0.002,-151.77
2026-07-13,20240104A,348.874,72.821,host,True,True,True,True,True,True,True,2026-07-13 21:44:17,2026-07-14 04:50:38,2026-07-14 02:39:17,2026-07-14 04:49:17,1.422,101.57,44.67,0.002,-156.72
2026-07-13,20221029A,141.966,72.452,host,True,False,True,True,True,False,False,2026-07-13 21:44:17,2026-07-14 04:50:38,,,,,,0.003,
2026-07-13,20240123A,68.263,71.945,host,True,False,True,True,True,False,False,2026-07-13 21:44:17,2026-07-14 04:50:38,,,,,,0.003,
2026-07-13,20220222C,203.904,-28.027,host,True,False,True,True,True,False,False,2026-07-13 21:44:17,2026-07-14 04:50:38,,,,,,0.003,
2026-07-13,20190523A,207.064,72.471,host,True,True,True,True,True,False,False,2026-07-13 21:44:17,2026-07-14 04:50:38,,,,,,0.003,
2026-07-13,20250518,207.992,71.282,host,True,True,True,True,True,True,True,2026-07-13 21:44:17,2026-07-14 04:50:38,2026-07-13 21:44:17,2026-07-13 22:19:17,1.466,108.9,42.99,0.005,133.96
2026-07-13,20220224C,166.678,-22.94,host,True,False,True,True,True,False,False,2026-07-13 21:44:17,2026-07-14 04:50:38,,,,,,0.003,
2026-07-13,20220418A,219.106,70.095,host,True,True,True,True,True,True,True,2026-07-13 21:44:17,2026-07-14 04:50:38,2026-07-13 21:44:17,2026-07-13 23:14:17,1.416,105.05,44.94,0.004,138.86
2026-07-13,20190614D,65.076,73.707,host,True,False,True,True,True,False,False,2026-07-13 21:44:17,2026-07-14 04:50:38,,,,,,0.003,
2026-07-13,20221219A,257.63,71.627,host,True,True,True,True,True,True,True,2026-07-13 21:44:17,2026-07-14 04:50:38,2026-07-13 21:44:17,2026-07-14 01:34:17,1.374,96.47,46.72,0.004,165.66
2026-07-13,20230814B,335.976,73.026,host,True,True,True,True,True,True,True,2026-07-13 21:44:17,2026-07-14 04:50:38,2026-07-14 01:49:17,2026-07-14 04:49:17,1.411,99.0,45.14,0.002,-164.97
2026-07-13,20231020B,57.278,-37.77,host,False,False,True,True,True,False,False,2026-07-13 21:44:17,2026-07-14 04:50:38,,,,,,0.003,
2026-07-13,20230907D,187.142,8.658,host,True,False,True,True,True,False,False,2026-07-13 21:44:17,2026-07-14 04:50:38,,,,,,0.003,
2026-07-13,20230712A,167.36,72.558,host,True,False,True,True,True,False,False,2026-07-13 21:44:17,2026-07-14 04:50:38,,,,,,0.003,
2026-07-13,20220204A,274.228,69.722,host,True,True,True,True,True,True,True,2026-07-13 21:44:17,2026-07-14 04:50:38,2026-07-13 21:44:17,2026-07-14 02:59:17,1.327,92.45,48.89,0.003,172.17
2026-07-13,20230613A,356.853,-27.053,host,True,False,True,True,True,False,False,2026-07-13 21:44:17,2026-07-14 04:50:38,,,,,,0.003,
2026-07-13,20240119A,224.467,71.612,host,True,True,True,True,True,True,True,2026-07-13 21:44:17,2026-07-14 04:50:38,2026-07-13 21:44:17,2026-07-13 23:24:17,1.425,104.09,44.57,0.004,144.71
2026-07-13,20220717A,293.304,-19.288,host,True,True,True,True,True,True,True,2026-07-13 21:44:17,2026-07-14 04:50:38,2026-07-14 01:04:17,2026-07-14 01:34:17,1.494,2.52,42.01,0.003,0.67
2026-07-13,20220726A,73.946,69.93,host,True,False,True,True,True,False,False,2026-07-13 21:44:17,2026-07-14 04:50:38,,,,,,0.003,
2026-07-13,20231220A,123.909,73.66,host,True,False,True,True,True,False,False,2026-07-13 21:44:17,2026-07-14 04:50:38,,,,,,0.003,
2026-07-13,20180301A,93.227,4.671,host,True,False,False,True,True,False,False,2026-07-13 21:44:17,2026-07-14 04:50:38,,,,,,0.003,
2026-07-13,20230626A,235.63,71.134,host,True,True,True,True,True,True,True,2026-07-13 21:44:17,2026-07-14 04:50:38,2026-07-13 21:44:17,2026-07-14 00:14:17,1.395,100.83,45.79,0.004,150.42
2026-07-13,20230125D,150.205,-31.545,host,True,False,True,True,True,False,False,2026-07-13 21:44:17,2026-07-14 04:50:38,,,,,,0.003,
2026-07-13,20230913,305.037,70.793,host,True,True,True,True,True,True,True,2026-07-13 21:44:17,2026-07-14 04:50:38,2026-07-13 23:19:17,2026-07-14 04:49:17,1.348,92.95,47.88,0.002,179.84
2026-07-13,20230501A,340.027,70.922,host,True,True,True,True,True,True,True,2026-07-13 21:44:17,2026-07-14 04:50:38,2026-07-14 01:39:17,2026-07-14 04:49:17,1.377,98.27,46.59,0.002,-157.61
2026-07-13,20220506D,318.045,72.827,host,True,True,True,True,True,True,True,2026-07-13 21:44:17,2026-07-14 04:50:38,2026-07-14 00:34:17,2026-07-14 04:49:17,1.395,96.09,45.8,0.002,-176.4
2026-07-13,20240229A,169.984,70.676,host,True,False,True,True,True,False,False,2026-07-13 21:44:17,2026-07-14 04:50:38,,,,,,0.003,
2026-07-13,20221116A,21.211,72.654,host,True,True,True,True,True,False,False,2026-07-13 21:44:17,2026-07-14 04:50:38,,,,,,0.003,
2026-07-13,20230307A,177.782,71.695,host,True,False,True,True,True,False,False,2026-07-13 21:44:17,2026-07-14 04:50:38,,,,,,0.003,
2026-07-13,20231123B,242.538,70.785,host,True,True,True,True,True,True,True,2026-07-13 21:44:17,2026-07-14 04:50:38,2026-07-13 21:44:17,2026-07-14 00:44:17,1.377,98.9,46.56,0.004,154.17
2026-07-13,20221113A,71.411,70.307,host,True,False,True,True,True,False,False,2026-07-13 21:44:17,2026-07-14 04:50:38,,,,,,0.003,
2026-07-13,20221101B,342.216,70.682,host,True,True,True,True,True,True,True,2026-07-13 21:44:17,2026-07-14 04:50:38,2026-07-14 01:44:17,2026-07-14 04:49:17,1.374,98.6,46.68,0.002,-156.33
2026-07-13,20240215A,268.441,70.232,host,True,True,True,True,True,True,True,2026-07-13 21:44:17,2026-07-14 04:50:38,2026-07-13 21:44:17,2026-07-14 02:29:17,1.34,93.6,48.28,0.003,169.58
2026-07-13,20121102A,82.994542,33.147897,host,True,False,False,True,True,False,False,2026-07-13 21:44:17,2026-07-14 04:50:38,,,,,,0.003,
2026-07-13,20230628A,166.787,72.282,host,True,False,True,True,True,False,False,2026-07-13 21:44:17,2026-07-14 04:50:38,,,,,,0.003,
2026-07-13,20240213A,166.168,74.075,host,True,False,True,True,True,False,False,2026-07-13 21:44:17,2026-07-14 04:50:38,,,,,,0.003,
2026-07-13,20201124A,77.015,26.061,host,True,False,True,True,True,False,False,2026-07-13 21:44:17,2026-07-14 04:50:38,,,,,,0.003,
2026-07-13,20230124A,231.917,70.968,host,True,True,True,True,True,True,True,2026-07-13 21:44:17,2026-07-14 04:50:38,2026-07-13 21:44:17,2026-07-13 23:59:17,1.401,101.71,45.52,0.004,147.31
2026-07-13,20230930A,10.507,41.417,host,True,True,True,True,True,True,True,2026-07-13 21:44:17,2026-07-14 04:50:38,2026-07-14 02:39:17,2026-07-14 04:49:17,1.224,95.49,54.77,0.002,-98.19
2026-07-13,20240203,312.621,73.9,host,True,True,True,True,True,True,True,2026-07-13 21:44:17,2026-07-14 04:50:38,2026-07-14 00:29:17,2026-07-14 04:39:17,1.42,96.53,44.76,0.002,179.93
2026-07-13,20231120A,143.985,73.285,host,True,False,True,True,True,False,False,2026-07-13 21:44:17,2026-07-14 04:50:38,,,,,,0.003,
2026-07-13,20201123A,263.66,-50.764,host,False,False,True,True,True,False,False,2026-07-13 21:44:17,2026-07-14 04:50:38,,,,,,0.003,
2026-07-14,20171020A,333.8531,-19.5853,host,True,False,True,True,True,False,False,2026-07-14 21:43:48,2026-07-15 04:51:21,,,,,,0.007,
2026-07-14,20180924B,326.105236,-40.900253,host,False,False,True,True,True,False,False,2026-07-14 21:43:48,2026-07-15 04:51:21,,,,,,0.007,
2026-07-14,20190102C,322.415209,-79.475758,host,False,False,True,True,True,False,False,2026-07-14 21:43:48,2026-07-15 04:51:21,,,,,,0.007,
2026-07-14,20190608B,334.020406,-7.898868,host,True,True,True,True,True,True,True,2026-07-14 21:43:48,2026-07-15 04:51:21,2026-07-15 01:48:48,2026-07-15 04:48:48,1.263,41.03,52.33,0.008,-13.24
2026-07-14,20190714A,183.979525,-13.021079,host,True,False,True,True,True,False,False,2026-07-14 21:43:48,2026-07-15 04:51:21,,,,,,0.007,
2026-07-14,20191001A,323.352187,-54.747748,host,False,False,True,True,True,False,False,2026-07-14 21:43:48,2026-07-15 04:51:21,,,,,,0.007,
2026-07-14,20200906A,53.496,-14.083,host,True,False,True,True,True,False,False,2026-07-14 21:43:48,2026-07-15 04:51:21,,,,,,0.007,
2026-07-14,20210320C,204.458854,-16.122552,host,True,False,True,True,True,False,False,2026-07-14 21:43:48,2026-07-15 04:51:21,,,,,,0.007,
2026-07-14,20210410D,326.086,-79.318,host,False,False,True,True,True,False,False,2026-07-14 21:43:48,2026-07-15 04:51:21,,,,,,0.007,
2026-07-14,20210807D,299.2214,-0.7624,host,True,True,True,True,True,True,True,2026-07-14 21:43:48,2026-07-15 04:51:21,2026-07-14 23:03:48,2026-07-15 04:13:48,1.148,21.52,60.55,0.007,0.95
2026-07-14,20211127I,199.808,-18.838,host,True,False,True,True,True,False,False,2026-07-14 21:43:48,2026-07-15 04:51:21,,,,,,0.007,
2026-07-14,20211203C,204.56526,-31.379107,host,True,False,True,True,True,False,False,2026-07-14 21:43:48,2026-07-15 04:51:21,,,,,,0.007,
2026-07-14,20211212A,157.351,1.361,host,True,False,True,True,True,False,False,2026-07-14 21:43:48,2026-07-15 04:51:21,,,,,,0.007,
2026-07-14,20220207C,310.197679,72.882658,host,True,True,True,True,True,True,True,2026-07-14 21:43:48,2026-07-15 04:51:21,2026-07-14 23:58:48,2026-07-15 04:43:48,1.395,95.14,45.78,0.008,178.95
2026-07-14,20220307B,350.875,72.192,host,True,True,True,True,True,True,True,2026-07-14 21:43:48,2026-07-15 04:51:21,2026-07-15 02:33:48,2026-07-15 04:48:48,1.412,101.29,45.1,0.009,-155.06
2026-07-14,20220310F,134.721,73.491,host,True,False,True,True,True,False,False,2026-07-14 21:43:48,2026-07-15 04:51:21,,,,,,0.007,
2026-07-14,20220319D,32.177917,71.03525,host,True,False,True,True,True,False,False,2026-07-14 21:43:48,2026-07-15 04:51:21,,,,,,0.007,
2026-07-14,20220509G,282.674806,70.242726,host,True,True,True,True,True,True,True,2026-07-14 21:43:48,2026-07-15 04:51:21,2026-07-14 21:43:48,2026-07-15 03:23:48,1.336,92.21,48.48,0.006,178.96
2026-07-14,20220825A,311.982,72.585,host,True,True,True,True,True,True,True,2026-07-14 21:43:48,2026-07-15 04:51:21,2026-07-14 23:58:48,2026-07-15 04:48:48,1.388,95.0,46.07,0.008,-178.8
2026-07-14,20220912A,347.270174,48.706618,host,True,True,True,True,True,True,True,2026-07-14 21:43:48,2026-07-15 04:51:21,2026-07-15 00:58:48,2026-07-15 04:48:48,1.154,84.91,60.08,0.008,-121.7
2026-07-14,20220914A,282.058507,73.336282,host,True,True,True,True,True,True,True,2026-07-14 21:43:48,2026-07-15 04:51:21,2026-07-14 22:08:48,2026-07-15 02:43:48,1.405,95.28,45.39,0.006,179.82
2026-07-14,20220920A,240.256794,70.918007,host,True,True,True,True,True,True,True,2026-07-14 21:43:48,2026-07-15 04:51:21,2026-07-14 21:43:48,2026-07-15 00:28:48,1.386,99.64,46.17,0.005,151.87
2026-07-14,20221012A,280.801417,70.524175,host,True,True,True,True,True,True,True,2026-07-14 21:43:48,2026-07-15 04:51:21,2026-07-14 21:43:48,2026-07-15 03:13:48,1.341,92.61,48.2,0.006,178.15
2026-07-14,20181112A,327.348458,-52.970944,signal,False,False,True,True,True,False,False,2026-07-14 21:43:48,2026-07-15 04:51:21,,,,,,0.007,
2026-07-14,20190611B,320.742887,-79.397286,host,False,False,True,True,True,False,False,2026-07-14 21:43:48,2026-07-15 04:51:21,,,,,,0.007,
2026-07-14,20190711A,329.419,-80.358,host,False,False,True,True,True,False,False,2026-07-14 21:43:48,2026-07-15 04:51:21,,,,,,0.007,
2026-07-14,20191228A,344.430542,-29.594111,signal,True,False,True,True,True,False,False,2026-07-14 21:43:48,2026-07-15 04:51:21,,,,,,0.007,
2026-07-14,20200430A,229.706377,12.376607,host,True,True,True,True,True,True,True,2026-07-14 21:43:48,2026-07-15 04:51:21,2026-07-14 21:43:48,2026-07-15 00:13:48,1.181,71.38,57.89,0.005,54.93
2026-07-14,20200627A,326.695833,-39.484722,signal,False,False,True,True,True,False,False,2026-07-14 21:43:48,2026-07-15 04:51:21,,,,,,0.007,
2026-07-14,20210117A,339.979208,-16.151444,signal,True,True,True,True,True,True,True,2026-07-14 21:43:48,2026-07-15 04:51:21,2026-07-15 03:08:48,2026-07-15 04:48:48,1.416,43.8,44.92,0.009,-6.34
2026-07-14,20210214G,6.93,-5.832222,signal,True,True,True,True,True,True,True,2026-07-14 21:43:48,2026-07-15 04:51:21,2026-07-15 03:48:48,2026-07-15 04:48:48,1.376,72.1,46.62,0.009,-35.56
2026-07-14,20210407E,78.650958,27.05825,signal,True,False,True,True,True,False,False,2026-07-14 21:43:48,2026-07-15 04:51:21,,,,,,0.007,
2026-07-14,20210809C,271.157083,1.328889,signal,True,True,True,True,True,True,True,2026-07-14 21:43:48,2026-07-15 04:51:21,2026-07-14 21:43:48,2026-07-15 02:28:48,1.132,31.84,62.04,0.006,11.31
2026-07-14,20210912A,350.7935,-30.405583,signal,True,False,True,True,True,False,False,2026-07-14 21:43:48,2026-07-15 04:51:21,,,,,,0.007,
2026-07-14,20220105A,208.803803,22.466479,host,True,True,True,True,True,True,True,2026-07-14 21:43:48,2026-07-15 04:51:21,2026-07-14 21:43:48,2026-07-14 23:08:48,1.289,93.67,50.88,0.005,71.53
2026-07-14,20220501C,352.379167,-32.490722,signal,True,False,True,True,True,False,False,2026-07-14 21:43:48,2026-07-15 04:51:21,,,,,,0.007,
2026-07-14,20220531A,294.709167,-60.296667,signal,False,False,True,True,True,False,False,2026-07-14 21:43:48,2026-07-15 04:51:21,,,,,,0.007,
2026-07-14,20220610A,351.073,-33.514,host,True,False,True,True,True,False,False,2026-07-14 21:43:48,2026-07-15 04:51:21,,,,,,0.007,
2026-07-14,20220725A,353.315342,-35.990268,host,True,False,True,True,True,False,False,2026-07-14 21:43:48,2026-07-15 04:51:21,,,,,,0.007,
2026-07-14,20220918A,17.592125,-70.811389,signal,False,False,True,True,True,False,False,2026-07-14 21:43:48,2026-07-15 04:51:21,,,,,,0.007,
2026-07-14,20221106A,56.704551,-25.569831,host,True,False,True,True,True,False,False,2026-07-14 21:43:48,2026-07-15 04:51:21,,,,,,0.007,
2026-07-14,20230521A,327.75125,-2.386111,signal,True,True,True,True,True,True,True,2026-07-14 21:43:48,2026-07-15 04:51:21,2026-07-15 00:58:48,2026-07-15 04:48:48,1.184,38.16,57.66,0.008,-15.17
2026-07-14,20230526A,22.232615,-52.717373,host,False,False,True,True,True,False,False,2026-07-14 21:43:48,2026-07-15 04:51:21,,,,,,0.007,
2026-07-14,20230708A,303.115511,-55.356262,host,False,False,True,True,True,False,False,2026-07-14 21:43:48,2026-07-15 04:51:21,,,,,,0.007,
2026-07-14,20230718A,128.161917,-40.451944,signal,False,False,True,True,True,False,False,2026-07-14 21:43:48,2026-07-15 04:51:21,,,,,,0.007,
2026-07-14,20230731A,174.601458,-56.799056,signal,False,False,True,True,True,False,False,2026-07-14 21:43:48,2026-07-15 04:51:21,,,,,,0.007,
2026-07-14,20230902A,52.139961,-47.333434,host,False,False,True,True,True,False,False,2026-07-14 21:43:48,2026-07-15 04:51:21,,,,,,0.007,
2026-07-14,20231006A,296.003333,-64.648889,signal,False,False,True,True,True,False,False,2026-07-14 21:43:48,2026-07-15 04:51:21,,,,,,0.007,
2026-07-14,20231226A,155.363856,6.109704,host,True,False,True,True,True,False,False,2026-07-14 21:43:48,2026-07-15 04:51:21,,,,,,0.007,
2026-07-14,20240201A,149.906029,14.088739,host,True,False,False,True,True,False,False,2026-07-14 21:43:48,2026-07-15 04:51:21,,,,,,0.007,
2026-07-14,20240208A,159.229001,-0.953397,host,True,False,True,True,True,False,False,2026-07-14 21:43:48,2026-07-15 04:51:21,,,,,,0.007,
2026-07-14,20240210A,8.77693,-28.271997,host,True,False,True,True,True,False,False,2026-07-14 21:43:48,2026-07-15 04:51:21,,,,,,0.007,
2026-07-14,20240304A,136.330524,-16.166242,host,True,False,True,True,True,False,False,2026-07-14 21:43:48,2026-07-15 04:51:21,,,,,,0.007,
2026-07-14,20240310A,17.621847,-44.439331,host,False,False,True,True,True,False,False,2026-07-14 21:43:48,2026-07-15 04:51:21,,,,,,0.007,
2026-07-14,20240318A,150.393564,37.616432,host,True,False,False,True,True,False,False,2026-07-14 21:43:48,2026-07-15 04:51:21,,,,,,0.007,
2026-07-14,20240304B,182.997,11.813,host,True,False,True,True,True,False,False,2026-07-14 21:43:48,2026-07-15 04:51:21,,,,,,0.007,
2026-07-14,20230521B,351.036,71.138,host,True,True,True,True,True,True,True,2026-07-14 21:43:48,2026-07-15 04:51:21,2026-07-15 02:23:48,2026-07-15 04:48:48,1.394,100.69,45.85,0.009,-152.84
2026-07-14,20240104A,348.874,72.821,host,True,True,True,True,True,True,True,2026-07-14 21:43:48,2026-07-15 04:51:21,2026-07-15 02:33:48,2026-07-15 04:48:48,1.42,101.21,44.77,0.009,-157.78
2026-07-14,20221029A,141.966,72.452,host,True,False,True,True,True,False,False,2026-07-14 21:43:48,2026-07-15 04:51:21,,,,,,0.007,
2026-07-14,20240123A,68.263,71.945,host,True,False,True,True,True,False,False,2026-07-14 21:43:48,2026-07-15 04:51:21,,,,,,0.007,
2026-07-14,20220222C,203.904,-28.027,host,True,False,True,True,True,False,False,2026-07-14 21:43:48,2026-07-15 04:51:21,,,,,,0.007,
2026-07-14,20190523A,207.064,72.471,host,True,True,True,True,True,False,False,2026-07-14 21:43:48,2026-07-15 04:51:21,,,,,,0.007,
2026-07-14,20250518,207.992,71.282,host,True,True,True,True,True,True,True,2026-07-14 21:43:48,2026-07-15 04:51:21,2026-07-14 21:43:48,2026-07-14 22:18:48,1.472,109.07,42.79,0.004,132.96
2026-07-14,20220224C,166.678,-22.94,host,True,False,True,True,True,False,False,2026-07-14 21:43:48,2026-07-15 04:51:21,,,,,,0.007,
2026-07-14,20220418A,219.106,70.095,host,True,True,True,True,True,True,True,2026-07-14 21:43:48,2026-07-15 04:51:21,2026-07-14 21:43:48,2026-07-14 23:13:48,1.421,105.22,44.74,0.005,137.83
2026-07-14,20190614D,65.076,73.707,host,True,False,True,True,True,False,False,2026-07-14 21:43:48,2026-07-15 04:51:21,,,,,,0.007,
2026-07-14,20221219A,257.63,71.627,host,True,True,True,True,True,True,True,2026-07-14 21:43:48,2026-07-15 04:51:21,2026-07-14 21:43:48,2026-07-15 01:28:48,1.375,96.49,46.64,0.006,164.56
2026-07-14,20230814B,335.976,73.026,host,True,True,True,True,True,True,True,2026-07-14 21:43:48,2026-07-15 04:51:21,2026-07-15 01:43:48,2026-07-15 04:48:48,1.409,98.68,45.2,0.008,-166.04
2026-07-14,20231020B,57.278,-37.77,host,False,False,True,True,True,False,False,2026-07-14 21:43:48,2026-07-15 04:51:21,,,,,,0.007,
2026-07-14,20230907D,187.142,8.658,host,True,False,True,True,True,False,False,2026-07-14 21:43:48,2026-07-15 04:51:21,,,,,,0.007,
2026-07-14,20230712A,167.36,72.558,host,True,False,True,True,True,False,False,2026-07-14 21:43:48,2026-07-15 04:51:21,,,,,,0.007,
2026-07-14,20220204A,274.228,69.722,host,True,True,True,True,True,True,True,2026-07-14 21:43:48,2026-07-15 04:51:21,2026-07-14 21:43:48,2026-07-15 02:53:48,1.327,92.41,48.9,0.006,172.69
2026-07-14,20230613A,356.853,-27.053,host,True,False,True,True,True,False,False,2026-07-14 21:43:48,2026-07-15 04:51:21,,,,,,0.007,
2026-07-14,20240119A,224.467,71.612,host,True,True,True,True,True,True,True,2026-07-14 21:43:48,2026-07-15 04:51:21,2026-07-14 21:43:48,2026-07-14 23:18:48,1.429,104.23,44.41,0.005,143.68
2026-07-14,20220717A,293.304,-19.288,host,True,True,True,True,True,True,True,2026-07-14 21:43:48,2026-07-15 04:51:21,2026-07-15 00:58:48,2026-07-15 01:28:48,1.494,2.38,42.01,0.007,0.21
2026-07-14,20220726A,73.946,69.93,host,True,False,True,True,True,False,False,2026-07-14 21:43:48,2026-07-15 04:51:21,,,,,,0.007,
2026-07-14,20231220A,123.909,73.66,host,True,False,True,True,True,False,False,2026-07-14 21:43:48,2026-07-15 04:51:21,,,,,,0.007,
2026-07-14,20180301A,93.227,4.671,host,True,False,True,True,True,False,False,2026-07-14 21:43:48,2026-07-15 04:51:21,,,,,,0.007,
2026-07-14,20230626A,235.63,71.134,host,True,True,True,True,True,True,True,2026-07-14 21:43:48,2026-07-15 04:51:21,2026-07-14 21:43:48,2026-07-15 00:08:48,1.398,100.95,45.65,0.005,149.36
2026-07-14,20230125D,150.205,-31.545,host,True,False,True,True,True,False,False,2026-07-14 21:43:48,2026-07-15 04:51:21,,,,,,0.007,
2026-07-14,20230913,305.037,70.793,host,True,True,True,True,True,True,True,2026-07-14 21:43:48,2026-07-15 04:51:21,2026-07-14 23:13:48,2026-07-15 04:48:48,1.348,92.75,47.88,0.007,178.71
2026-07-14,20230501A,340.027,70.922,host,True,True,True,True,True,True,True,2026-07-14 21:43:48,2026-07-15 04:51:21,2026-07-15 01:33:48,2026-07-15 04:48:48,1.374,97.91,46.69,0.008,-158.71
2026-07-14,20220506D,318.045,72.827,host,True,True,True,True,True,True,True,2026-07-14 21:43:48,2026-07-15 04:51:21,2026-07-15 00:28:48,2026-07-15 04:48:48,1.395,95.83,45.79,0.008,-175.9
2026-07-14,20240229A,169.984,70.676,host,True,False,True,True,True,False,False,2026-07-14 21:43:48,2026-07-15 04:51:21,,,,,,0.007,
2026-07-14,20221116A,21.211,72.654,host,True,True,True,True,True,False,False,2026-07-14 21:43:48,2026-07-15 04:51:21,,,,,,0.007,
2026-07-14,20230307A,177.782,71.695,host,True,False,True,True,True,False,False,2026-07-14 21:43:48,2026-07-15 04:51:21,,,,,,0.007,
2026-07-14,20231123B,242.538,70.785,host,True,True,True,True,True,True,True,2026-07-14 21:43:48,2026-07-15 04:51:21,2026-07-14 21:43:48,2026-07-15 00:38:48,1.38,98.99,46.43,0.005,153.09
2026-07-14,20221113A,71.411,70.307,host,True,False,True,True,True,False,False,2026-07-14 21:43:48,2026-07-15 04:51:21,,,,,,0.007,
2026-07-14,20221101B,342.216,70.682,host,True,True,True,True,True,True,True,2026-07-14 21:43:48,2026-07-15 04:51:21,2026-07-15 01:43:48,2026-07-15 04:48:48,1.372,98.24,46.8,0.008,-157.42
2026-07-14,20240215A,268.441,70.232,host,True,True,True,True,True,True,True,2026-07-14 21:43:48,2026-07-15 04:51:21,2026-07-14 21:43:48,2026-07-15 02:23:48,1.339,93.59,48.31,0.006,170.1
2026-07-14,20121102A,82.994542,33.147897,host,True,False,True,True,True,False,False,2026-07-14 21:43:48,2026-07-15 04:51:21,,,,,,0.007,
2026-07-14,20230628A,166.787,72.282,host,True,False,True,True,True,False,False,2026-07-14 21:43:48,2026-07-15 04:51:21,,,,,,0.007,
2026-07-14,20240213A,166.168,74.075,host,True,False,True,True,True,False,False,2026-07-14 21:43:48,2026-07-15 04:51:21,,,,,,0.007,
2026-07-14,20201124A,77.015,26.061,host,True,False,True,True,True,False,False,2026-07-14 21:43:48,2026-07-15 04:51:21,,,,,,0.007,
2026-07-14,20230124A,231.917,70.968,host,True,True,True,True,True,True,True,2026-07-14 21:43:48,2026-07-15 04:51:21,2026-07-14 21:43:48,2026-07-14 23:53:48,1.4,101.84,45.59,0.005,147.79
2026-07-14,20230930A,10.507,41.417,host,True,True,True,True,True,True,True,2026-07-14 21:43:48,2026-07-15 04:51:21,2026-07-15 02:33:48,2026-07-15 04:48:48,1.215,94.73,55.41,0.009,-98.91
2026-07-14,20240203,312.621,73.9,host,True,True,True,True,True,True,True,2026-07-14 21:43:48,2026-07-15 04:51:21,2026-07-15 00:23:48,2026-07-15 04:38:48,1.42,96.31,44.76,0.008,178.86
2026-07-14,20231120A,143.985,73.285,host,True,False,True,True,True,False,False,2026-07-14 21:43:48,2026-07-15 04:51:21,,,,,,0.007,
2026-07-14,20201123A,263.66,-50.764,host,False,False,True,True,True,False,False,2026-07-14 21:43:48,2026-07-15 04:51:21,,,,,,0.007,
2026-07-15,20171020A,333.8531,-19.5853,host,True,False,True,True,True,False,False,2026-07-15 21:43:17,2026-07-16 04:52:04,,,,,,0.039,
2026-07-15,20180924B,326.105236,-40.900253,host,False,False,True,True,True,False,False,2026-07-15 21:43:17,2026-07-16 04:52:04,,,,,,0.039,
2026-07-15,20190102C,322.415209,-79.475758,host,False,False,True,True,True,False,False,2026-07-15 21:43:17,2026-07-16 04:52:04,,,,,,0.039,
2026-07-15,20190608B,334.020406,-7.898868,host,True,True,True,True,True,True,True,2026-07-15 21:43:17,2026-07-16 04:52:04,2026-07-16 01:43:17,2026-07-16 04:48:17,1.26,40.11,52.53,0.043,-12.05
2026-07-15,20190714A,183.979525,-13.021079,host,True,False,True,True,True,False,False,2026-07-15 21:43:17,2026-07-16 04:52:04,,,,,,0.039,
2026-07-15,20191001A,323.352187,-54.747748,host,False,False,True,True,True,False,False,2026-07-15 21:43:17,2026-07-16 04:52:04,,,,,,0.039,
2026-07-15,20200906A,53.496,-14.083,host,True,False,True,True,True,False,False,2026-07-15 21:43:17,2026-07-16 04:52:04,,,,,,0.039,
2026-07-15,20210320C,204.458854,-16.122552,host,True,False,True,True,True,False,False,2026-07-15 21:43:17,2026-07-16 04:52:04,,,,,,0.039,
2026-07-15,20210410D,326.086,-79.318,host,False,False,True,True,True,False,False,2026-07-15 21:43:17,2026-07-16 04:52:04,,,,,,0.039,
2026-07-15,20210807D,299.2214,-0.7624,host,True,True,True,True,True,True,True,2026-07-15 21:43:17,2026-07-16 04:52:04,2026-07-15 22:58:17,2026-07-16 04:13:17,1.149,21.16,60.53,0.04,2.47
2026-07-15,20211127I,199.808,-18.838,host,True,False,True,True,True,False,False,2026-07-15 21:43:17,2026-07-16 04:52:04,,,,,,0.039,
2026-07-15,20211203C,204.56526,-31.379107,host,True,False,True,True,True,False,False,2026-07-15 21:43:17,2026-07-16 04:52:04,,,,,,0.039,
2026-07-15,20211212A,157.351,1.361,host,True,False,False,True,True,False,False,2026-07-15 21:43:17,2026-07-16 04:52:04,,,,,,0.039,
2026-07-15,20220207C,310.197679,72.882658,host,True,True,True,True,True,True,True,2026-07-15 21:43:17,2026-07-16 04:52:04,2026-07-15 23:53:17,2026-07-16 04:38:17,1.395,94.92,45.78,0.041,179.45
2026-07-15,20220307B,350.875,72.192,host,True,True,True,True,True,True,True,2026-07-15 21:43:17,2026-07-16 04:52:04,2026-07-16 02:28:17,2026-07-16 04:48:17,1.413,100.91,45.05,0.044,-154.57
2026-07-15,20220310F,134.721,73.491,host,True,False,True,True,True,False,False,2026-07-15 21:43:17,2026-07-16 04:52:04,,,,,,0.039,
2026-07-15,20220319D,32.177917,71.03525,host,True,False,True,True,True,False,False,2026-07-15 21:43:17,2026-07-16 04:52:04,,,,,,0.039,
2026-07-15,20220509G,282.674806,70.242726,host,True,True,True,True,True,True,True,2026-07-15 21:43:17,2026-07-16 04:52:04,2026-07-15 21:43:17,2026-07-16 03:18:17,1.336,92.12,48.47,0.038,177.83
2026-07-15,20220825A,311.982,72.585,host,True,True,True,True,True,True,True,2026-07-15 21:43:17,2026-07-16 04:52:04,2026-07-15 23:58:17,2026-07-16 04:48:17,1.388,94.77,46.08,0.042,-179.88
2026-07-15,20220912A,347.270174,48.706618,host,True,True,True,True,True,True,True,2026-07-15 21:43:17,2026-07-16 04:52:04,2026-07-16 00:58:17,2026-07-16 04:48:17,1.148,84.3,60.56,0.043,-122.88
2026-07-15,20220914A,282.058507,73.336282,host,True,True,True,True,True,True,True,2026-07-15 21:43:17,2026-07-16 04:52:04,2026-07-15 22:08:17,2026-07-16 02:38:17,1.405,95.19,45.39,0.038,-179.69
2026-07-15,20220920A,240.256794,70.918007,host,True,True,True,True,True,True,True,2026-07-15 21:43:17,2026-07-16 04:52:04,2026-07-15 21:43:17,2026-07-16 00:23:17,1.385,99.74,46.23,0.035,152.37
2026-07-15,20221012A,280.801417,70.524175,host,True,True,True,True,True,True,True,2026-07-15 21:43:17,2026-07-16 04:52:04,2026-07-15 21:43:17,2026-07-16 03:08:17,1.342,92.53,48.19,0.038,177.03
2026-07-15,20181112A,327.348458,-52.970944,signal,False,False,True,True,True,False,False,2026-07-15 21:43:17,2026-07-16 04:52:04,,,,,,0.039,
2026-07-15,20190611B,320.742887,-79.397286,host,False,False,True,True,True,False,False,2026-07-15 21:43:17,2026-07-16 04:52:04,,,,,,0.039,
2026-07-15,20190711A,329.419,-80.358,host,False,False,True,True,True,False,False,2026-07-15 21:43:17,2026-07-16 04:52:04,,,,,,0.039,
2026-07-15,20191228A,344.430542,-29.594111,signal,True,False,True,True,True,False,False,2026-07-15 21:43:17,2026-07-16 04:52:04,,,,,,0.039,
2026-07-15,20200430A,229.706377,12.376607,host,True,True,True,True,True,True,True,2026-07-15 21:43:17,2026-07-16 04:52:04,2026-07-15 21:43:17,2026-07-16 00:08:17,1.19,72.17,57.2,0.035,55.49
2026-07-15,20200627A,326.695833,-39.484722,signal,False,False,True,True,True,False,False,2026-07-15 21:43:17,2026-07-16 04:52:04,,,,,,0.039,
2026-07-15,20210117A,339.979208,-16.151444,signal,True,True,True,True,True,True,True,2026-07-15 21:43:17,2026-07-16 04:52:04,2026-07-16 03:03:17,2026-07-16 04:48:17,1.414,42.9,45.01,0.045,-5.29
2026-07-15,20210214G,6.93,-5.832222,signal,True,True,True,True,True,True,True,2026-07-15 21:43:17,2026-07-16 04:52:04,2026-07-16 03:48:17,2026-07-16 04:48:17,1.365,71.19,47.11,0.045,-34.73
2026-07-15,20210407E,78.650958,27.05825,signal,True,False,True,True,True,False,False,2026-07-15 21:43:17,2026-07-16 04:52:04,,,,,,0.039,
2026-07-15,20210809C,271.157083,1.328889,signal,True,True,True,True,True,True,True,2026-07-15 21:43:17,2026-07-16 04:52:04,2026-07-15 21:43:17,2026-07-16 02:23:17,1.131,32.4,62.11,0.037,10.59
2026-07-15,20210912A,350.7935,-30.405583,signal,True,False,True,True,True,False,False,2026-07-15 21:43:17,2026-07-16 04:52:04,,,,,,0.039,
2026-07-15,20220105A,208.803803,22.466479,host,True,True,True,True,True,True,True,2026-07-15 21:43:17,2026-07-16 04:52:04,2026-07-15 21:43:17,2026-07-15 23:03:17,1.283,94.45,51.23,0.034,71.54
2026-07-15,20220501C,352.379167,-32.490722,signal,True,False,True,True,True,False,False,2026-07-15 21:43:17,2026-07-16 04:52:04,,,,,,0.039,
2026-07-15,20220531A,294.709167,-60.296667,signal,False,False,True,True,True,False,False,2026-07-15 21:43:17,2026-07-16 04:52:04,,,,,,0.039,
2026-07-15,20220610A,351.073,-33.514,host,True,False,True,True,True,False,False,2026-07-15 21:43:17,2026-07-16 04:52:04,,,,,,0.039,
2026-07-15,20220725A,353.315342,-35.990268,host,True,False,True,True,True,False,False,2026-07-15 21:43:17,2026-07-16 04:52:04,,,,,,0.039,
2026-07-15,20220918A,17.592125,-70.811389,signal,False,False,True,True,True,False,False,2026-07-15 21:43:17,2026-07-16 04:52:04,,,,,,0.039,
2026-07-15,20221106A,56.704551,-25.569831,host,True,False,True,True,True,False,False,2026-07-15 21:43:17,2026-07-16 04:52:04,,,,,,0.039,
2026-07-15,20230521A,327.75125,-2.386111,signal,True,True,True,True,True,True,True,2026-07-15 21:43:17,2026-07-16 04:52:04,2026-07-16 00:58:17,2026-07-16 04:48:17,1.181,37.28,57.88,0.043,-13.82
2026-07-15,20230526A,22.232615,-52.717373,host,False,False,True,True,True,False,False,2026-07-15 21:43:17,2026-07-16 04:52:04,,,,,,0.039,
2026-07-15,20230708A,303.115511,-55.356262,host,False,False,True,True,True,False,False,2026-07-15 21:43:17,2026-07-16 04:52:04,,,,,,0.039,
2026-07-15,20230718A,128.161917,-40.451944,signal,False,False,True,True,True,False,False,2026-07-15 21:43:17,2026-07-16 04:52:04,,,,,,0.039,
2026-07-15,20230731A,174.601458,-56.799056,signal,False,False,True,True,True,False,False,2026-07-15 21:43:17,2026-07-16 04:52:04,,,,,,0.039,
2026-07-15,20230902A,52.139961,-47.333434,host,False,False,True,True,True,False,False,2026-07-15 21:43:17,2026-07-16 04:52:04,,,,,,0.039,
2026-07-15,20231006A,296.003333,-64.648889,signal,False,False,True,True,True,False,False,2026-07-15 21:43:17,2026-07-16 04:52:04,,,,,,0.039,
2026-07-15,20231226A,155.363856,6.109704,host,True,False,False,True,True,False,False,2026-07-15 21:43:17,2026-07-16 04:52:04,,,,,,0.039,
2026-07-15,20240201A,149.906029,14.088739,host,True,False,False,True,True,False,False,2026-07-15 21:43:17,2026-07-16 04:52:04,,,,,,0.039,
2026-07-15,20240208A,159.229001,-0.953397,host,True,False,False,True,True,False,False,2026-07-15 21:43:17,2026-07-16 04:52:04,,,,,,0.039,
2026-07-15,20240210A,8.77693,-28.271997,host,True,False,True,True,True,False,False,2026-07-15 21:43:17,2026-07-16 04:52:04,,,,,,0.039,
2026-07-15,20240304A,136.330524,-16.166242,host,True,False,True,True,True,False,False,2026-07-15 21:43:17,2026-07-16 04:52:04,,,,,,0.039,
2026-07-15,20240310A,17.621847,-44.439331,host,False,False,True,True,True,False,False,2026-07-15 21:43:17,2026-07-16 04:52:04,,,,,,0.039,
2026-07-15,20240318A,150.393564,37.616432,host,True,False,False,True,True,False,False,2026-07-15 21:43:17,2026-07-16 04:52:04,,,,,,0.039,
2026-07-15,20240304B,182.997,11.813,host,True,False,True,True,True,False,False,2026-07-15 21:43:17,2026-07-16 04:52:04,,,,,,0.039,
2026-07-15,20230521B,351.036,71.138,host,True,True,True,True,True,True,True,2026-07-15 21:43:17,2026-07-16 04:52:04,2026-07-16 02:18:17,2026-07-16 04:48:17,1.395,100.3,45.79,0.044,-152.34
2026-07-15,20240104A,348.874,72.821,host,True,True,True,True,True,True,True,2026-07-15 21:43:17,2026-07-16 04:52:04,2026-07-16 02:28:17,2026-07-16 04:48:17,1.421,100.84,44.72,0.044,-157.29
2026-07-15,20221029A,141.966,72.452,host,True,False,True,True,True,False,False,2026-07-15 21:43:17,2026-07-16 04:52:04,,,,,,0.039,
2026-07-15,20240123A,68.263,71.945,host,True,False,True,True,True,False,False,2026-07-15 21:43:17,2026-07-16 04:52:04,,,,,,0.039,
2026-07-15,20220222C,203.904,-28.027,host,True,False,True,True,True,False,False,2026-07-15 21:43:17,2026-07-16 04:52:04,,,,,,0.039,
2026-07-15,20190523A,207.064,72.471,host,True,True,True,True,True,False,False,2026-07-15 21:43:17,2026-07-16 04:52:04,,,,,,0.039,
2026-07-15,20250518,207.992,71.282,host,True,True,True,True,True,True,True,2026-07-15 21:43:17,2026-07-16 04:52:04,2026-07-15 21:43:17,2026-07-15 22:13:17,1.469,109.24,42.88,0.033,133.42
2026-07-15,20220224C,166.678,-22.94,host,True,False,True,True,True,False,False,2026-07-15 21:43:17,2026-07-16 04:52:04,,,,,,0.039,
2026-07-15,20220418A,219.106,70.095,host,True,True,True,True,True,True,True,2026-07-15 21:43:17,2026-07-16 04:52:04,2026-07-15 21:43:17,2026-07-15 23:08:17,1.426,105.39,44.54,0.034,136.82
2026-07-15,20190614D,65.076,73.707,host,True,False,True,True,True,False,False,2026-07-15 21:43:17,2026-07-16 04:52:04,,,,,,0.039,
2026-07-15,20221219A,257.63,71.627,host,True,True,True,True,True,True,True,2026-07-15 21:43:17,2026-07-16 04:52:04,2026-07-15 21:43:17,2026-07-16 01:28:17,1.377,96.52,46.57,0.036,163.47
2026-07-15,20230814B,335.976,73.026,host,True,True,True,True,True,True,True,2026-07-15 21:43:17,2026-07-16 04:52:04,2026-07-16 01:38:17,2026-07-16 04:48:17,1.41,98.36,45.17,0.043,-165.54
2026-07-15,20231020B,57.278,-37.77,host,False,False,True,True,True,False,False,2026-07-15 21:43:17,2026-07-16 04:52:04,,,,,,0.039,
2026-07-15,20230907D,187.142,8.658,host,True,False,True,True,True,False,False,2026-07-15 21:43:17,2026-07-16 04:52:04,,,,,,0.039,
2026-07-15,20230712A,167.36,72.558,host,True,False,True,True,True,False,False,2026-07-15 21:43:17,2026-07-16 04:52:04,,,,,,0.039,
2026-07-15,20220204A,274.228,69.722,host,True,True,True,True,True,True,True,2026-07-15 21:43:17,2026-07-16 04:52:04,2026-07-15 21:43:17,2026-07-16 02:48:17,1.328,92.38,48.86,0.038,171.55
2026-07-15,20230613A,356.853,-27.053,host,True,False,True,True,True,False,False,2026-07-15 21:43:17,2026-07-16 04:52:04,,,,,,0.039,
2026-07-15,20240119A,224.467,71.612,host,True,True,True,True,True,True,True,2026-07-15 21:43:17,2026-07-16 04:52:04,2026-07-15 21:43:17,2026-07-15 23:13:17,1.427,104.37,44.48,0.034,144.15
2026-07-15,20220717A,293.304,-19.288,host,True,True,True,True,True,True,True,2026-07-15 21:43:17,2026-07-16 04:52:04,2026-07-16 00:53:17,2026-07-16 01:28:17,1.494,2.58,42.01,0.039,1.22
2026-07-15,20220726A,73.946,69.93,host,True,False,True,True,True,False,False,2026-07-15 21:43:17,2026-07-16 04:52:04,,,,,,0.039,
2026-07-15,20231220A,123.909,73.66,host,True,False,True,True,True,False,False,2026-07-15 21:43:17,2026-07-16 04:52:04,,,,,,0.039,
2026-07-15,20180301A,93.227,4.671,host,True,False,True,True,True,False,False,2026-07-15 21:43:17,2026-07-16 04:52:04,,,,,,0.039,
2026-07-15,20230626A,235.63,71.134,host,True,True,True,True,True,True,True,2026-07-15 21:43:17,2026-07-16 04:52:04,2026-07-15 21:43:17,2026-07-16 00:03:17,1.397,101.06,45.71,0.035,149.85
2026-07-15,20230125D,150.205,-31.545,host,True,False,True,True,True,False,False,2026-07-15 21:43:17,2026-07-16 04:52:04,,,,,,0.039,
2026-07-15,20230913,305.037,70.793,host,True,True,True,True,True,True,True,2026-07-15 21:43:17,2026-07-16 04:52:04,2026-07-15 23:08:17,2026-07-16 04:43:17,1.348,92.55,47.88,0.041,179.23
2026-07-15,20230501A,340.027,70.922,host,True,True,True,True,True,True,True,2026-07-15 21:43:17,2026-07-16 04:52:04,2026-07-16 01:33:17,2026-07-16 04:48:17,1.372,97.56,46.79,0.043,-159.8
2026-07-15,20220506D,318.045,72.827,host,True,True,True,True,True,True,True,2026-07-15 21:43:17,2026-07-16 04:52:04,2026-07-16 00:23:17,2026-07-16 04:48:17,1.395,95.58,45.81,0.042,-176.98
2026-07-15,20240229A,169.984,70.676,host,True,False,True,True,True,False,False,2026-07-15 21:43:17,2026-07-16 04:52:04,,,,,,0.039,
2026-07-15,20221116A,21.211,72.654,host,True,True,True,True,True,False,False,2026-07-15 21:43:17,2026-07-16 04:52:04,,,,,,0.039,
2026-07-15,20230307A,177.782,71.695,host,True,False,True,True,True,False,False,2026-07-15 21:43:17,2026-07-16 04:52:04,,,,,,0.039,
2026-07-15,20231123B,242.538,70.785,host,True,True,True,True,True,True,True,2026-07-15 21:43:17,2026-07-16 04:52:04,2026-07-15 21:43:17,2026-07-16 00:33:17,1.379,99.09,46.49,0.035,153.59
2026-07-15,20221113A,71.411,70.307,host,True,False,True,True,True,False,False,2026-07-15 21:43:17,2026-07-16 04:52:04,,,,,,0.039,
2026-07-15,20221101B,342.216,70.682,host,True,True,True,True,True,True,True,2026-07-15 21:43:17,2026-07-16 04:52:04,2026-07-16 01:38:17,2026-07-16 04:48:17,1.373,97.87,46.75,0.043,-156.92
2026-07-15,20240215A,268.441,70.232,host,True,True,True,True,True,True,True,2026-07-15 21:43:17,2026-07-16 04:52:04,2026-07-15 21:43:17,2026-07-16 02:23:17,1.34,93.58,48.26,0.037,168.97
2026-07-15,20121102A,82.994542,33.147897,host,True,False,True,True,True,False,False,2026-07-15 21:43:17,2026-07-16 04:52:04,,,,,,0.039,
2026-07-15,20230628A,166.787,72.282,host,True,False,True,True,True,False,False,2026-07-15 21:43:17,2026-07-16 04:52:04,,,,,,0.039,
2026-07-15,20240213A,166.168,74.075,host,True,False,True,True,True,False,False,2026-07-15 21:43:17,2026-07-16 04:52:04,,,,,,0.039,
2026-07-15,20201124A,77.015,26.061,host,True,False,True,True,True,False,False,2026-07-15 21:43:17,2026-07-16 04:52:04,,,,,,0.039,
2026-07-15,20230124A,231.917,70.968,host,True,True,True,True,True,True,True,2026-07-15 21:43:17,2026-07-16 04:52:04,2026-07-15 21:43:17,2026-07-15 23:53:17,1.403,101.97,45.44,0.035,146.74
2026-07-15,20230930A,10.507,41.417,host,True,True,True,True,True,True,True,2026-07-15 21:43:17,2026-07-16 04:52:04,2026-07-16 02:28:17,2026-07-16 04:48:17,1.219,93.97,55.12,0.044,-98.58
2026-07-15,20240203,312.621,73.9,host,True,True,True,True,True,True,True,2026-07-15 21:43:17,2026-07-16 04:52:04,2026-07-16 00:18:17,2026-07-16 04:33:17,1.42,96.08,44.76,0.042,179.35
2026-07-15,20231120A,143.985,73.285,host,True,False,True,True,True,False,False,2026-07-15 21:43:17,2026-07-16 04:52:04,,,,,,0.039,
2026-07-15,20201123A,263.66,-50.764,host,False,False,True,True,True,False,False,2026-07-15 21:43:17,2026-07-16 04:52:04,,,,,,0.039,
2026-07-16,20171020A,333.8531,-19.5853,host,True,False,True,True,True,False,False,2026-07-16 21:42:44,2026-07-17 04:52:49,,,,,,0.097,
2026-07-16,20180924B,326.105236,-40.900253,host,False,False,True,True,True,False,False,2026-07-16 21:42:44,2026-07-17 04:52:49,,,,,,0.097,
2026-07-16,20190102C,322.415209,-79.475758,host,False,False,True,True,True,False,False,2026-07-16 21:42:44,2026-07-17 04:52:49,,,,,,0.097,
2026-07-16,20190608B,334.020406,-7.898868,host,True,True,True,True,True,True,True,2026-07-16 21:42:44,2026-07-17 04:52:49,2026-07-17 01:42:44,2026-07-17 04:52:44,1.257,39.19,52.7,0.103,-10.86
2026-07-16,20190714A,183.979525,-13.021079,host,True,False,True,True,True,False,False,2026-07-16 21:42:44,2026-07-17 04:52:49,,,,,,0.097,
2026-07-16,20191001A,323.352187,-54.747748,host,False,False,True,True,True,False,False,2026-07-16 21:42:44,2026-07-17 04:52:49,,,,,,0.097,
2026-07-16,20200906A,53.496,-14.083,host,True,False,True,True,True,False,False,2026-07-16 21:42:44,2026-07-17 04:52:49,,,,,,0.097,
2026-07-16,20210320C,204.458854,-16.122552,host,True,False,True,True,True,False,False,2026-07-16 21:42:44,2026-07-17 04:52:49,,,,,,0.097,
2026-07-16,20210410D,326.086,-79.318,host,False,False,True,True,True,False,False,2026-07-16 21:42:44,2026-07-17 04:52:49,,,,,,0.097,
2026-07-16,20210807D,299.2214,-0.7624,host,True,True,True,True,True,True,True,2026-07-16 21:42:44,2026-07-17 04:52:49,2026-07-16 22:52:44,2026-07-17 04:07:44,1.148,20.84,60.55,0.098,1.75
2026-07-16,20211127I,199.808,-18.838,host,True,False,True,True,True,False,False,2026-07-16 21:42:44,2026-07-17 04:52:49,,,,,,0.097,
2026-07-16,20211203C,204.56526,-31.379107,host,True,False,True,True,True,False,False,2026-07-16 21:42:44,2026-07-17 04:52:49,,,,,,0.097,
2026-07-16,20211212A,157.351,1.361,host,True,False,False,True,True,False,False,2026-07-16 21:42:44,2026-07-17 04:52:49,,,,,,0.097,
2026-07-16,20220207C,310.197679,72.882658,host,True,True,True,True,True,True,True,2026-07-16 21:42:44,2026-07-17 04:52:49,2026-07-16 23:47:44,2026-07-17 04:32:44,1.395,94.7,45.78,0.099,179.96
2026-07-16,20220307B,350.875,72.192,host,True,True,True,True,True,True,True,2026-07-16 21:42:44,2026-07-17 04:52:49,2026-07-17 02:22:44,2026-07-17 04:52:44,1.41,100.53,45.16,0.104,-155.62
2026-07-16,20220310F,134.721,73.491,host,True,False,True,True,True,False,False,2026-07-16 21:42:44,2026-07-17 04:52:49,,,,,,0.097,
2026-07-16,20220319D,32.177917,71.03525,host,True,False,True,True,True,False,False,2026-07-16 21:42:44,2026-07-17 04:52:49,,,,,,0.097,
2026-07-16,20220509G,282.674806,70.242726,host,True,True,True,True,True,True,True,2026-07-16 21:42:44,2026-07-17 04:52:49,2026-07-16 21:42:44,2026-07-17 03:12:44,1.336,92.04,48.48,0.094,178.37
2026-07-16,20220825A,311.982,72.585,host,True,True,True,True,True,True,True,2026-07-16 21:42:44,2026-07-17 04:52:49,2026-07-16 23:52:44,2026-07-17 04:47:44,1.388,94.54,46.08,0.1,179.04
2026-07-16,20220912A,347.270174,48.706618,host,True,True,True,True,True,True,True,2026-07-16 21:42:44,2026-07-17 04:52:49,2026-07-17 00:52:44,2026-07-17 04:52:44,1.143,83.7,61.02,0.101,-124.08
2026-07-16,20220914A,282.058507,73.336282,host,True,True,True,True,True,True,True,2026-07-16 21:42:44,2026-07-17 04:52:49,2026-07-16 22:02:44,2026-07-17 02:37:44,1.405,95.1,45.39,0.094,179.25
2026-07-16,20220920A,240.256794,70.918007,host,True,True,True,True,True,True,True,2026-07-16 21:42:44,2026-07-17 04:52:49,2026-07-16 21:42:44,2026-07-17 00:22:44,1.388,99.84,46.09,0.091,151.31
2026-07-16,20221012A,280.801417,70.524175,host,True,True,True,True,True,True,True,2026-07-16 21:42:44,2026-07-17 04:52:49,2026-07-16 21:42:44,2026-07-17 03:02:44,1.342,92.45,48.19,0.094,177.56
2026-07-16,20181112A,327.348458,-52.970944,signal,False,False,True,True,True,False,False,2026-07-16 21:42:44,2026-07-17 04:52:49,,,,,,0.097,
2026-07-16,20190611B,320.742887,-79.397286,host,False,False,True,True,True,False,False,2026-07-16 21:42:44,2026-07-17 04:52:49,,,,,,0.097,
2026-07-16,20190711A,329.419,-80.358,host,False,False,True,True,True,False,False,2026-07-16 21:42:44,2026-07-17 04:52:49,,,,,,0.097,
2026-07-16,20191228A,344.430542,-29.594111,signal,True,False,True,True,True,False,False,2026-07-16 21:42:44,2026-07-17 04:52:49,,,,,,0.097,
2026-07-16,20200430A,229.706377,12.376607,host,True,True,True,True,True,True,True,2026-07-16 21:42:44,2026-07-17 04:52:49,2026-07-16 21:42:44,2026-07-17 00:02:44,1.185,72.95,57.53,0.09,55.23
2026-07-16,20200627A,326.695833,-39.484722,signal,False,False,True,True,True,False,False,2026-07-16 21:42:44,2026-07-17 04:52:49,,,,,,0.097,
2026-07-16,20210117A,339.979208,-16.151444,signal,True,True,True,True,True,True,True,2026-07-16 21:42:44,2026-07-17 04:52:49,2026-07-17 03:02:44,2026-07-17 04:52:44,1.412,41.99,45.08,0.104,-4.25
2026-07-16,20210214G,6.93,-5.832222,signal,True,True,True,True,True,True,True,2026-07-16 21:42:44,2026-07-17 04:52:49,2026-07-17 03:42:44,2026-07-17 04:52:44,1.354,70.28,47.59,0.105,-33.89
2026-07-16,20210407E,78.650958,27.05825,signal,True,False,True,True,True,False,False,2026-07-16 21:42:44,2026-07-17 04:52:49,,,,,,0.097,
2026-07-16,20210809C,271.157083,1.328889,signal,True,True,True,True,True,True,True,2026-07-16 21:42:44,2026-07-17 04:52:49,2026-07-16 21:42:44,2026-07-17 02:22:44,1.133,32.99,61.95,0.093,12.13
2026-07-16,20210912A,350.7935,-30.405583,signal,True,False,True,True,True,False,False,2026-07-16 21:42:44,2026-07-17 04:52:49,,,,,,0.097,
2026-07-16,20220105A,208.803803,22.466479,host,True,True,True,True,True,True,True,2026-07-16 21:42:44,2026-07-17 04:52:49,2026-07-16 21:42:44,2026-07-16 22:57:44,1.296,95.23,50.49,0.089,71.52
2026-07-16,20220501C,352.379167,-32.490722,signal,True,False,True,True,True,False,False,2026-07-16 21:42:44,2026-07-17 04:52:49,,,,,,0.097,
2026-07-16,20220531A,294.709167,-60.296667,signal,False,False,True,True,True,False,False,2026-07-16 21:42:44,2026-07-17 04:52:49,,,,,,0.097,
2026-07-16,20220610A,351.073,-33.514,host,True,False,True,True,True,False,False,2026-07-16 21:42:44,2026-07-17 04:52:49,,,,,,0.097,
2026-07-16,20220725A,353.315342,-35.990268,host,True,False,True,True,True,False,False,2026-07-16 21:42:44,2026-07-17 04:52:49,,,,,,0.097,
2026-07-16,20220918A,17.592125,-70.811389,signal,False,False,True,True,True,False,False,2026-07-16 21:42:44,2026-07-17 04:52:49,,,,,,0.097,
2026-07-16,20221106A,56.704551,-25.569831,host,True,False,True,True,True,False,False,2026-07-16 21:42:44,2026-07-17 04:52:49,,,,,,0.097,
2026-07-16,20230521A,327.75125,-2.386111,signal,True,True,True,True,True,True,True,2026-07-16 21:42:44,2026-07-17 04:52:49,2026-07-17 00:52:44,2026-07-17 04:52:44,1.178,36.4,58.08,0.101,-12.47
2026-07-16,20230526A,22.232615,-52.717373,host,False,False,True,True,True,False,False,2026-07-16 21:42:44,2026-07-17 04:52:49,,,,,,0.097,
2026-07-16,20230708A,303.115511,-55.356262,host,False,False,True,True,True,False,False,2026-07-16 21:42:44,2026-07-17 04:52:49,,,,,,0.097,
2026-07-16,20230718A,128.161917,-40.451944,signal,False,False,True,True,True,False,False,2026-07-16 21:42:44,2026-07-17 04:52:49,,,,,,0.097,
2026-07-16,20230731A,174.601458,-56.799056,signal,False,False,True,True,True,False,False,2026-07-16 21:42:44,2026-07-17 04:52:49,,,,,,0.097,
2026-07-16,20230902A,52.139961,-47.333434,host,False,False,True,True,True,False,False,2026-07-16 21:42:44,2026-07-17 04:52:49,,,,,,0.097,
2026-07-16,20231006A,296.003333,-64.648889,signal,False,False,True,True,True,False,False,2026-07-16 21:42:44,2026-07-17 04:52:49,,,,,,0.097,
2026-07-16,20231226A,155.363856,6.109704,host,True,False,False,True,True,False,False,2026-07-16 21:42:44,2026-07-17 04:52:49,,,,,,0.097,
2026-07-16,20240201A,149.906029,14.088739,host,True,False,False,True,True,False,False,2026-07-16 21:42:44,2026-07-17 04:52:49,,,,,,0.097,
2026-07-16,20240208A,159.229001,-0.953397,host,True,False,False,True,True,False,False,2026-07-16 21:42:44,2026-07-17 04:52:49,,,,,,0.097,
2026-07-16,20240210A,8.77693,-28.271997,host,True,False,True,True,True,False,False,2026-07-16 21:42:44,2026-07-17 04:52:49,,,,,,0.097,
2026-07-16,20240304A,136.330524,-16.166242,host,True,False,True,True,True,False,False,2026-07-16 21:42:44,2026-07-17 04:52:49,,,,,,0.097,
2026-07-16,20240310A,17.621847,-44.439331,host,False,False,True,True,True,False,False,2026-07-16 21:42:44,2026-07-17 04:52:49,,,,,,0.097,
2026-07-16,20240318A,150.393564,37.616432,host,True,False,False,True,True,False,False,2026-07-16 21:42:44,2026-07-17 04:52:49,,,,,,0.097,
2026-07-16,20240304B,182.997,11.813,host,True,False,True,True,True,False,False,2026-07-16 21:42:44,2026-07-17 04:52:49,,,,,,0.097,
2026-07-16,20230521B,351.036,71.138,host,True,True,True,True,True,True,True,2026-07-16 21:42:44,2026-07-17 04:52:49,2026-07-17 02:12:44,2026-07-17 04:52:44,1.392,99.91,45.91,0.103,-153.4
2026-07-16,20240104A,348.874,72.821,host,True,True,True,True,True,True,True,2026-07-16 21:42:44,2026-07-17 04:52:49,2026-07-17 02:22:44,2026-07-17 04:52:44,1.419,100.47,44.82,0.104,-158.33
2026-07-16,20221029A,141.966,72.452,host,True,False,True,True,True,False,False,2026-07-16 21:42:44,2026-07-17 04:52:49,,,,,,0.097,
2026-07-16,20240123A,68.263,71.945,host,True,False,True,True,True,False,False,2026-07-16 21:42:44,2026-07-17 04:52:49,,,,,,0.097,
2026-07-16,20220222C,203.904,-28.027,host,True,False,True,True,True,False,False,2026-07-16 21:42:44,2026-07-17 04:52:49,,,,,,0.097,
2026-07-16,20190523A,207.064,72.471,host,True,True,True,True,True,False,False,2026-07-16 21:42:44,2026-07-17 04:52:49,,,,,,0.097,
2026-07-16,20250518,207.992,71.282,host,True,True,True,True,True,True,True,2026-07-16 21:42:44,2026-07-17 04:52:49,2026-07-16 21:42:44,2026-07-16 22:07:44,1.475,109.41,42.68,0.088,132.44
2026-07-16,20220224C,166.678,-22.94,host,True,False,True,True,True,False,False,2026-07-16 21:42:44,2026-07-17 04:52:49,,,,,,0.097,
2026-07-16,20220418A,219.106,70.095,host,True,True,True,True,True,True,True,2026-07-16 21:42:44,2026-07-17 04:52:49,2026-07-16 21:42:44,2026-07-16 23:02:44,1.423,105.56,44.64,0.089,137.3
2026-07-16,20190614D,65.076,73.707,host,True,False,True,True,True,False,False,2026-07-16 21:42:44,2026-07-17 04:52:49,,,,,,0.097,
2026-07-16,20221219A,257.63,71.627,host,True,True,True,True,True,True,True,2026-07-16 21:42:44,2026-07-17 04:52:49,2026-07-16 21:42:44,2026-07-17 01:22:44,1.376,96.55,46.61,0.092,163.99
2026-07-16,20230814B,335.976,73.026,host,True,True,True,True,True,True,True,2026-07-16 21:42:44,2026-07-17 04:52:49,2026-07-17 01:37:44,2026-07-17 04:52:44,1.407,98.03,45.31,0.103,-168.16
2026-07-16,20231020B,57.278,-37.77,host,False,False,True,True,True,False,False,2026-07-16 21:42:44,2026-07-17 04:52:49,,,,,,0.097,
2026-07-16,20230907D,187.142,8.658,host,True,False,True,True,True,False,False,2026-07-16 21:42:44,2026-07-17 04:52:49,,,,,,0.097,
2026-07-16,20230712A,167.36,72.558,host,True,False,True,True,True,False,False,2026-07-16 21:42:44,2026-07-17 04:52:49,,,,,,0.097,
2026-07-16,20220204A,274.228,69.722,host,True,True,True,True,True,True,True,2026-07-16 21:42:44,2026-07-17 04:52:49,2026-07-16 21:42:44,2026-07-17 02:47:44,1.329,92.34,48.82,0.094,170.43
2026-07-16,20230613A,356.853,-27.053,host,True,False,True,True,True,False,False,2026-07-16 21:42:44,2026-07-17 04:52:49,,,,,,0.097,
2026-07-16,20240119A,224.467,71.612,host,True,True,True,True,True,True,True,2026-07-16 21:42:44,2026-07-17 04:52:49,2026-07-16 21:42:44,2026-07-16 23:12:44,1.431,104.5,44.32,0.089,143.14
2026-07-16,20220717A,293.304,-19.288,host,True,True,True,True,True,True,True,2026-07-16 21:42:44,2026-07-17 04:52:49,2026-07-17 00:52:44,2026-07-17 01:22:44,1.494,3.05,42.01,0.096,0.75
2026-07-16,20220726A,73.946,69.93,host,True,False,True,True,True,False,False,2026-07-16 21:42:44,2026-07-17 04:52:49,,,,,,0.097,
2026-07-16,20231220A,123.909,73.66,host,True,False,True,True,True,False,False,2026-07-16 21:42:44,2026-07-17 04:52:49,,,,,,0.097,
2026-07-16,20180301A,93.227,4.671,host,True,False,True,True,True,False,False,2026-07-16 21:42:44,2026-07-17 04:52:49,,,,,,0.097,
2026-07-16,20230626A,235.63,71.134,host,True,True,True,True,True,True,True,2026-07-16 21:42:44,2026-07-17 04:52:49,2026-07-16 21:42:44,2026-07-16 23:57:44,1.4,101.17,45.57,0.09,148.8
2026-07-16,20230125D,150.205,-31.545,host,True,False,True,True,True,False,False,2026-07-16 21:42:44,2026-07-17 04:52:49,,,,,,0.097,
2026-07-16,20230913,305.037,70.793,host,True,True,True,True,True,True,True,2026-07-16 21:42:44,2026-07-17 04:52:49,2026-07-16 23:07:44,2026-07-17 04:37:44,1.348,92.34,47.88,0.098,179.76
2026-07-16,20230501A,340.027,70.922,host,True,True,True,True,True,True,True,2026-07-16 21:42:44,2026-07-17 04:52:49,2026-07-17 01:27:44,2026-07-17 04:52:44,1.37,97.2,46.89,0.102,-160.88
2026-07-16,20220506D,318.045,72.827,host,True,True,True,True,True,True,True,2026-07-16 21:42:44,2026-07-17 04:52:49,2026-07-17 00:22:44,2026-07-17 04:52:44,1.394,95.32,45.82,0.101,-178.05
2026-07-16,20240229A,169.984,70.676,host,True,False,True,True,True,False,False,2026-07-16 21:42:44,2026-07-17 04:52:49,,,,,,0.097,
2026-07-16,20221116A,21.211,72.654,host,True,True,True,True,True,False,False,2026-07-16 21:42:44,2026-07-17 04:52:49,,,,,,0.097,
2026-07-16,20230307A,177.782,71.695,host,True,False,True,True,True,False,False,2026-07-16 21:42:44,2026-07-17 04:52:49,,,,,,0.097,
2026-07-16,20231123B,242.538,70.785,host,True,True,True,True,True,True,True,2026-07-16 21:42:44,2026-07-17 04:52:49,2026-07-16 21:42:44,2026-07-17 00:32:44,1.382,99.18,46.37,0.091,152.53
2026-07-16,20221113A,71.411,70.307,host,True,False,True,True,True,False,False,2026-07-16 21:42:44,2026-07-17 04:52:49,,,,,,0.097,
2026-07-16,20221101B,342.216,70.682,host,True,True,True,True,True,True,True,2026-07-16 21:42:44,2026-07-17 04:52:49,2026-07-17 01:32:44,2026-07-17 04:52:44,1.371,97.5,46.85,0.102,-158.0
2026-07-16,20240215A,268.441,70.232,host,True,True,True,True,True,True,True,2026-07-16 21:42:44,2026-07-17 04:52:49,2026-07-16 21:42:44,2026-07-17 02:17:44,1.341,93.57,48.2,0.093,167.86
2026-07-16,20121102A,82.994542,33.147897,host,True,False,True,True,True,False,False,2026-07-16 21:42:44,2026-07-17 04:52:49,,,,,,0.097,
2026-07-16,20230628A,166.787,72.282,host,True,False,True,True,True,False,False,2026-07-16 21:42:44,2026-07-17 04:52:49,,,,,,0.097,
2026-07-16,20240213A,166.168,74.075,host,True,False,True,True,True,False,False,2026-07-16 21:42:44,2026-07-17 04:52:49,,,,,,0.097,
2026-07-16,20201124A,77.015,26.061,host,True,False,True,True,True,False,False,2026-07-16 21:42:44,2026-07-17 04:52:49,,,,,,0.097,
2026-07-16,20230124A,231.917,70.968,host,True,True,True,True,True,True,True,2026-07-16 21:42:44,2026-07-17 04:52:49,2026-07-16 21:42:44,2026-07-16 23:47:44,1.407,102.09,45.29,0.09,145.7
2026-07-16,20230930A,10.507,41.417,host,True,True,True,True,True,True,True,2026-07-16 21:42:44,2026-07-17 04:52:49,2026-07-17 02:27:44,2026-07-17 04:52:44,1.197,93.2,56.67,0.104,-100.35
2026-07-16,20240203,312.621,73.9,host,True,True,True,True,True,True,True,2026-07-16 21:42:44,2026-07-17 04:52:49,2026-07-17 00:17:44,2026-07-17 04:27:44,1.42,95.86,44.76,0.1,179.86
2026-07-16,20231120A,143.985,73.285,host,True,False,True,True,True,False,False,2026-07-16 21:42:44,2026-07-17 04:52:49,,,,,,0.097,
2026-07-16,20201123A,263.66,-50.764,host,False,False,True,True,True,False,False,2026-07-16 21:42:44,2026-07-17 04:52:49,,,,,,0.097,
2026-07-17,20171020A,333.8531,-19.5853,host,True,False,True,True,True,False,False,2026-07-17 21:42:09,2026-07-18 04:53:34,,,,,,0.173,
2026-07-17,20180924B,326.105236,-40.900253,host,False,False,True,True,True,False,False,2026-07-17 21:42:09,2026-07-18 04:53:34,,,,,,0.173,
2026-07-17,20190102C,322.415209,-79.475758,host,False,False,True,True,True,False,False,2026-07-17 21:42:09,2026-07-18 04:53:34,,,,,,0.173,
2026-07-17,20190608B,334.020406,-7.898868,host,True,True,True,True,True,True,True,2026-07-17 21:42:09,2026-07-18 04:53:34,2026-07-18 01:37:09,2026-07-18 04:52:09,1.255,38.27,52.86,0.18,-9.67
2026-07-17,20190714A,183.979525,-13.021079,host,True,False,False,True,True,False,False,2026-07-17 21:42:09,2026-07-18 04:53:34,,,,,,0.173,
2026-07-17,20191001A,323.352187,-54.747748,host,False,False,True,True,True,False,False,2026-07-17 21:42:09,2026-07-18 04:53:34,,,,,,0.173,
2026-07-17,20200906A,53.496,-14.083,host,True,False,True,True,True,False,False,2026-07-17 21:42:09,2026-07-18 04:53:34,,,,,,0.173,
2026-07-17,20210320C,204.458854,-16.122552,host,True,False,True,True,True,False,False,2026-07-17 21:42:09,2026-07-18 04:53:34,,,,,,0.173,
2026-07-17,20210410D,326.086,-79.318,host,False,False,True,True,True,False,False,2026-07-17 21:42:09,2026-07-18 04:53:34,,,,,,0.173,
2026-07-17,20210807D,299.2214,-0.7624,host,True,True,True,True,True,True,True,2026-07-17 21:42:09,2026-07-18 04:53:34,2026-07-17 22:47:09,2026-07-18 04:02:09,1.148,20.55,60.55,0.174,1.01
2026-07-17,20211127I,199.808,-18.838,host,True,False,True,True,True,False,False,2026-07-17 21:42:09,2026-07-18 04:53:34,,,,,,0.173,
2026-07-17,20211203C,204.56526,-31.379107,host,True,False,True,True,True,False,False,2026-07-17 21:42:09,2026-07-18 04:53:34,,,,,,0.173,
2026-07-17,20211212A,157.351,1.361,host,True,False,False,True,True,False,False,2026-07-17 21:42:09,2026-07-18 04:53:34,,,,,,0.173,
2026-07-17,20220207C,310.197679,72.882658,host,True,True,True,True,True,True,True,2026-07-17 21:42:09,2026-07-18 04:53:34,2026-07-17 23:47:09,2026-07-18 04:32:09,1.395,94.47,45.78,0.177,178.9
2026-07-17,20220307B,350.875,72.192,host,True,True,True,True,True,True,True,2026-07-17 21:42:09,2026-07-18 04:53:34,2026-07-18 02:22:09,2026-07-18 04:52:09,1.408,100.15,45.26,0.182,-156.66
2026-07-17,20220310F,134.721,73.491,host,True,False,True,True,True,False,False,2026-07-17 21:42:09,2026-07-18 04:53:34,,,,,,0.173,
2026-07-17,20220319D,32.177917,71.03525,host,True,True,True,True,True,False,False,2026-07-17 21:42:09,2026-07-18 04:53:34,,,,,,0.173,
2026-07-17,20220509G,282.674806,70.242726,host,True,True,True,True,True,True,True,2026-07-17 21:42:09,2026-07-18 04:53:34,2026-07-17 21:42:09,2026-07-18 03:12:09,1.336,91.95,48.47,0.17,177.25
2026-07-17,20220825A,311.982,72.585,host,True,True,True,True,True,True,True,2026-07-17 21:42:09,2026-07-18 04:53:34,2026-07-17 23:47:09,2026-07-18 04:42:09,1.388,94.31,46.08,0.177,179.57
2026-07-17,20220912A,347.270174,48.706618,host,True,True,True,True,True,True,True,2026-07-17 21:42:09,2026-07-18 04:53:34,2026-07-18 00:47:09,2026-07-18 04:52:09,1.138,83.09,61.48,0.179,-125.29
2026-07-17,20220914A,282.058507,73.336282,host,True,True,True,True,True,True,True,2026-07-17 21:42:09,2026-07-18 04:53:34,2026-07-17 21:57:09,2026-07-18 02:32:09,1.405,95.01,45.39,0.17,179.77
2026-07-17,20220920A,240.256794,70.918007,host,True,True,True,True,True,True,True,2026-07-17 21:42:09,2026-07-18 04:53:34,2026-07-17 21:42:09,2026-07-18 00:17:09,1.391,99.94,45.96,0.166,150.27
2026-07-17,20221012A,280.801417,70.524175,host,True,True,True,True,True,True,True,2026-07-17 21:42:09,2026-07-18 04:53:34,2026-07-17 21:42:09,2026-07-18 03:02:09,1.342,92.38,48.18,0.17,176.45
2026-07-17,20181112A,327.348458,-52.970944,signal,False,False,True,True,True,False,False,2026-07-17 21:42:09,2026-07-18 04:53:34,,,,,,0.173,
2026-07-17,20190611B,320.742887,-79.397286,host,False,False,True,True,True,False,False,2026-07-17 21:42:09,2026-07-18 04:53:34,,,,,,0.173,
2026-07-17,20190711A,329.419,-80.358,host,False,False,True,True,True,False,False,2026-07-17 21:42:09,2026-07-18 04:53:34,,,,,,0.173,
2026-07-17,20191228A,344.430542,-29.594111,signal,True,False,True,True,True,False,False,2026-07-17 21:42:09,2026-07-18 04:53:34,,,,,,0.173,
2026-07-17,20200430A,229.706377,12.376607,host,True,True,True,True,True,True,True,2026-07-17 21:42:09,2026-07-18 04:53:34,2026-07-17 21:42:09,2026-07-18 00:02:09,1.194,73.75,56.85,0.165,55.77
2026-07-17,20200627A,326.695833,-39.484722,signal,False,False,True,True,True,False,False,2026-07-17 21:42:09,2026-07-18 04:53:34,,,,,,0.173,
2026-07-17,20210117A,339.979208,-16.151444,signal,True,True,True,True,True,True,True,2026-07-17 21:42:09,2026-07-18 04:53:34,2026-07-18 02:57:09,2026-07-18 04:52:09,1.411,41.08,45.14,0.183,-3.21
2026-07-17,20210214G,6.93,-5.832222,signal,True,True,True,True,True,True,True,2026-07-17 21:42:09,2026-07-18 04:53:34,2026-07-18 03:37:09,2026-07-18 04:52:09,1.344,69.36,48.06,0.184,-33.03
2026-07-17,20210407E,78.650958,27.05825,signal,True,False,True,True,True,False,False,2026-07-17 21:42:09,2026-07-18 04:53:34,,,,,,0.173,
2026-07-17,20210809C,271.157083,1.328889,signal,True,True,True,True,True,True,True,2026-07-17 21:42:09,2026-07-18 04:53:34,2026-07-17 21:42:09,2026-07-18 02:17:09,1.135,33.59,61.78,0.169,13.64
2026-07-17,20210912A,350.7935,-30.405583,signal,True,False,True,True,True,False,False,2026-07-17 21:42:09,2026-07-18 04:53:34,,,,,,0.173,
2026-07-17,20220105A,208.803803,22.466479,host,True,True,True,True,True,True,True,2026-07-17 21:42:09,2026-07-18 04:53:34,2026-07-17 21:42:09,2026-07-17 22:57:09,1.31,96.02,49.75,0.163,71.49
2026-07-17,20220501C,352.379167,-32.490722,signal,True,False,True,True,True,False,False,2026-07-17 21:42:09,2026-07-18 04:53:34,,,,,,0.173,
2026-07-17,20220531A,294.709167,-60.296667,signal,False,False,True,True,True,False,False,2026-07-17 21:42:09,2026-07-18 04:53:34,,,,,,0.173,
2026-07-17,20220610A,351.073,-33.514,host,True,False,True,True,True,False,False,2026-07-17 21:42:09,2026-07-18 04:53:34,,,,,,0.173,
2026-07-17,20220725A,353.315342,-35.990268,host,True,False,True,True,True,False,False,2026-07-17 21:42:09,2026-07-18 04:53:34,,,,,,0.173,
2026-07-17,20220918A,17.592125,-70.811389,signal,False,False,True,True,True,False,False,2026-07-17 21:42:09,2026-07-18 04:53:34,,,,,,0.173,
2026-07-17,20221106A,56.704551,-25.569831,host,True,False,True,True,True,False,False,2026-07-17 21:42:09,2026-07-18 04:53:34,,,,,,0.173,
2026-07-17,20230521A,327.75125,-2.386111,signal,True,True,True,True,True,True,True,2026-07-17 21:42:09,2026-07-18 04:53:34,2026-07-18 00:47:09,2026-07-18 04:52:09,1.176,35.52,58.26,0.179,-11.11
2026-07-17,20230526A,22.232615,-52.717373,host,False,False,True,True,True,False,False,2026-07-17 21:42:09,2026-07-18 04:53:34,,,,,,0.173,
2026-07-17,20230708A,303.115511,-55.356262,host,False,False,True,True,True,False,False,2026-07-17 21:42:09,2026-07-18 04:53:34,,,,,,0.173,
2026-07-17,20230718A,128.161917,-40.451944,signal,False,False,True,True,True,False,False,2026-07-17 21:42:09,2026-07-18 04:53:34,,,,,,0.173,
2026-07-17,20230731A,174.601458,-56.799056,signal,False,False,True,True,True,False,False,2026-07-17 21:42:09,2026-07-18 04:53:34,,,,,,0.173,
2026-07-17,20230902A,52.139961,-47.333434,host,False,False,True,True,True,False,False,2026-07-17 21:42:09,2026-07-18 04:53:34,,,,,,0.173,
2026-07-17,20231006A,296.003333,-64.648889,signal,False,False,True,True,True,False,False,2026-07-17 21:42:09,2026-07-18 04:53:34,,,,,,0.173,
2026-07-17,20231226A,155.363856,6.109704,host,True,False,False,True,True,False,False,2026-07-17 21:42:09,2026-07-18 04:53:34,,,,,,0.173,
2026-07-17,20240201A,149.906029,14.088739,host,True,False,False,True,True,False,False,2026-07-17 21:42:09,2026-07-18 04:53:34,,,,,,0.173,
2026-07-17,20240208A,159.229001,-0.953397,host,True,False,False,True,True,False,False,2026-07-17 21:42:09,2026-07-18 04:53:34,,,,,,0.173,
2026-07-17,20240210A,8.77693,-28.271997,host,True,False,True,True,True,False,False,2026-07-17 21:42:09,2026-07-18 04:53:34,,,,,,0.173,
2026-07-17,20240304A,136.330524,-16.166242,host,True,False,True,True,True,False,False,2026-07-17 21:42:09,2026-07-18 04:53:34,,,,,,0.173,
2026-07-17,20240310A,17.621847,-44.439331,host,False,False,True,True,True,False,False,2026-07-17 21:42:09,2026-07-18 04:53:34,,,,,,0.173,
2026-07-17,20240318A,150.393564,37.616432,host,True,False,True,True,True,False,False,2026-07-17 21:42:09,2026-07-18 04:53:34,,,,,,0.173,
2026-07-17,20240304B,182.997,11.813,host,True,False,False,True,True,False,False,2026-07-17 21:42:09,2026-07-18 04:53:34,,,,,,0.173,
2026-07-17,20230521B,351.036,71.138,host,True,True,True,True,True,True,True,2026-07-17 21:42:09,2026-07-18 04:53:34,2026-07-18 02:12:09,2026-07-18 04:52:09,1.389,99.51,46.03,0.181,-154.45
2026-07-17,20240104A,348.874,72.821,host,True,True,True,True,True,True,True,2026-07-17 21:42:09,2026-07-18 04:53:34,2026-07-18 02:22:09,2026-07-18 04:52:09,1.417,100.1,44.91,0.182,-159.37
2026-07-17,20221029A,141.966,72.452,host,True,False,True,True,True,False,False,2026-07-17 21:42:09,2026-07-18 04:53:34,,,,,,0.173,
2026-07-17,20240123A,68.263,71.945,host,True,False,True,True,True,False,False,2026-07-17 21:42:09,2026-07-18 04:53:34,,,,,,0.173,
2026-07-17,20220222C,203.904,-28.027,host,True,False,True,True,True,False,False,2026-07-17 21:42:09,2026-07-18 04:53:34,,,,,,0.173,
2026-07-17,20190523A,207.064,72.471,host,True,True,True,True,True,False,False,2026-07-17 21:42:09,2026-07-18 04:53:34,,,,,,0.173,
2026-07-17,20250518,207.992,71.282,host,True,True,True,True,True,True,True,2026-07-17 21:42:09,2026-07-18 04:53:34,2026-07-17 21:42:09,2026-07-17 22:07:09,1.481,109.57,42.48,0.162,131.48
2026-07-17,20220224C,166.678,-22.94,host,True,False,False,True,True,False,False,2026-07-17 21:42:09,2026-07-18 04:53:34,,,,,,0.173,
2026-07-17,20220418A,219.106,70.095,host,True,True,True,True,True,True,True,2026-07-17 21:42:09,2026-07-18 04:53:34,2026-07-17 21:42:09,2026-07-17 23:02:09,1.428,105.72,44.44,0.163,136.3
2026-07-17,20190614D,65.076,73.707,host,True,False,True,True,True,False,False,2026-07-17 21:42:09,2026-07-18 04:53:34,,,,,,0.173,
2026-07-17,20221219A,257.63,71.627,host,True,True,True,True,True,True,True,2026-07-17 21:42:09,2026-07-18 04:53:34,2026-07-17 21:42:09,2026-07-18 01:17:09,1.378,96.57,46.53,0.167,162.92
2026-07-17,20230814B,335.976,73.026,host,True,True,True,True,True,True,True,2026-07-17 21:42:09,2026-07-18 04:53:34,2026-07-18 01:32:09,2026-07-18 04:52:09,1.407,97.71,45.28,0.18,-167.65
2026-07-17,20231020B,57.278,-37.77,host,False,False,True,True,True,False,False,2026-07-17 21:42:09,2026-07-18 04:53:34,,,,,,0.173,
2026-07-17,20230907D,187.142,8.658,host,True,False,False,True,True,False,False,2026-07-17 21:42:09,2026-07-18 04:53:34,,,,,,0.173,
2026-07-17,20230712A,167.36,72.558,host,True,False,True,True,True,False,False,2026-07-17 21:42:09,2026-07-18 04:53:34,,,,,,0.173,
2026-07-17,20220204A,274.228,69.722,host,True,True,True,True,True,True,True,2026-07-17 21:42:09,2026-07-18 04:53:34,2026-07-17 21:42:09,2026-07-18 02:42:09,1.328,92.3,48.84,0.17,170.97
2026-07-17,20230613A,356.853,-27.053,host,True,False,True,True,True,False,False,2026-07-17 21:42:09,2026-07-18 04:53:34,,,,,,0.173,
2026-07-17,20240119A,224.467,71.612,host,True,True,True,True,True,True,True,2026-07-17 21:42:09,2026-07-18 04:53:34,2026-07-17 21:42:09,2026-07-17 23:07:09,1.435,104.63,44.16,0.164,142.14
2026-07-17,20220717A,293.304,-19.288,host,True,True,True,True,True,True,True,2026-07-17 21:42:09,2026-07-18 04:53:34,2026-07-18 00:47:09,2026-07-18 01:17:09,1.494,3.7,42.01,0.172,0.26
2026-07-17,20220726A,73.946,69.93,host,True,False,True,True,True,False,False,2026-07-17 21:42:09,2026-07-18 04:53:34,,,,,,0.173,
2026-07-17,20231220A,123.909,73.66,host,True,False,True,True,True,False,False,2026-07-17 21:42:09,2026-07-18 04:53:34,,,,,,0.173,
2026-07-17,20180301A,93.227,4.671,host,True,False,True,True,True,False,False,2026-07-17 21:42:09,2026-07-18 04:53:34,,,,,,0.173,
2026-07-17,20230626A,235.63,71.134,host,True,True,True,True,True,True,True,2026-07-17 21:42:09,2026-07-18 04:53:34,2026-07-17 21:42:09,2026-07-17 23:57:09,1.404,101.28,45.43,0.165,147.77
2026-07-17,20230125D,150.205,-31.545,host,True,False,True,True,True,False,False,2026-07-17 21:42:09,2026-07-18 04:53:34,,,,,,0.173,
2026-07-17,20230913,305.037,70.793,host,True,True,True,True,True,True,True,2026-07-17 21:42:09,2026-07-18 04:53:34,2026-07-17 23:02:09,2026-07-18 04:37:09,1.348,92.14,47.88,0.175,178.66
2026-07-17,20230501A,340.027,70.922,host,True,True,True,True,True,True,True,2026-07-17 21:42:09,2026-07-18 04:53:34,2026-07-18 01:22:09,2026-07-18 04:52:09,1.371,96.83,46.84,0.18,-160.35
2026-07-17,20220506D,318.045,72.827,host,True,True,True,True,True,True,True,2026-07-17 21:42:09,2026-07-18 04:53:34,2026-07-18 00:17:09,2026-07-18 04:52:09,1.394,95.06,45.82,0.178,-179.11
2026-07-17,20240229A,169.984,70.676,host,True,False,True,True,True,False,False,2026-07-17 21:42:09,2026-07-18 04:53:34,,,,,,0.173,
2026-07-17,20221116A,21.211,72.654,host,True,True,True,True,True,True,True,2026-07-17 21:42:09,2026-07-18 04:53:34,2026-07-18 04:27:09,2026-07-18 04:52:09,1.477,108.48,42.61,0.185,-140.01
2026-07-17,20230307A,177.782,71.695,host,True,False,True,True,True,False,False,2026-07-17 21:42:09,2026-07-18 04:53:34,,,,,,0.173,
2026-07-17,20231123B,242.538,70.785,host,True,True,True,True,True,True,True,2026-07-17 21:42:09,2026-07-18 04:53:34,2026-07-17 21:42:09,2026-07-18 00:27:09,1.385,99.27,46.24,0.166,151.48
2026-07-17,20221113A,71.411,70.307,host,True,False,True,True,True,False,False,2026-07-17 21:42:09,2026-07-18 04:53:34,,,,,,0.173,
2026-07-17,20221101B,342.216,70.682,host,True,True,True,True,True,True,True,2026-07-17 21:42:09,2026-07-18 04:53:34,2026-07-18 01:32:09,2026-07-18 04:52:09,1.368,97.12,46.96,0.18,-159.07
2026-07-17,20240215A,268.441,70.232,host,True,True,True,True,True,True,True,2026-07-17 21:42:09,2026-07-18 04:53:34,2026-07-17 21:42:09,2026-07-18 02:12:09,1.341,93.56,48.23,0.169,168.4
2026-07-17,20121102A,82.994542,33.147897,host,True,False,True,True,True,False,False,2026-07-17 21:42:09,2026-07-18 04:53:34,,,,,,0.173,
2026-07-17,20230628A,166.787,72.282,host,True,False,True,True,True,False,False,2026-07-17 21:42:09,2026-07-18 04:53:34,,,,,,0.173,
2026-07-17,20240213A,166.168,74.075,host,True,False,True,True,True,False,False,2026-07-17 21:42:09,2026-07-18 04:53:34,,,,,,0.173,
2026-07-17,20201124A,77.015,26.061,host,True,False,True,True,True,False,False,2026-07-17 21:42:09,2026-07-18 04:53:34,,,,,,0.173,
2026-07-17,20230124A,231.917,70.968,host,True,True,True,True,True,True,True,2026-07-17 21:42:09,2026-07-18 04:53:34,2026-07-17 21:42:09,2026-07-17 23:42:09,1.405,102.22,45.36,0.164,146.21
2026-07-17,20230930A,10.507,41.417,host,True,True,True,True,True,True,True,2026-07-17 21:42:09,2026-07-18 04:53:34,2026-07-18 02:22:09,2026-07-18 04:52:09,1.201,92.43,56.37,0.182,-100.0
2026-07-17,20240203,312.621,73.9,host,True,True,True,True,True,True,True,2026-07-17 21:42:09,2026-07-18 04:53:34,2026-07-18 00:12:09,2026-07-18 04:27:09,1.42,95.63,44.76,0.177,178.82
2026-07-17,20231120A,143.985,73.285,host,True,False,True,True,True,False,False,2026-07-17 21:42:09,2026-07-18 04:53:34,,,,,,0.173,
2026-07-17,20201123A,263.66,-50.764,host,False,False,True,True,True,False,False,2026-07-17 21:42:09,2026-07-18 04:53:34,,,,,,0.173,
2026-07-18,20171020A,333.8531,-19.5853,host,True,False,True,True,True,False,False,2026-07-18 21:41:33,2026-07-19 04:54:20,,,,,,0.263,
2026-07-18,20180924B,326.105236,-40.900253,host,False,False,True,True,True,False,False,2026-07-18 21:41:33,2026-07-19 04:54:20,,,,,,0.263,
2026-07-18,20190102C,322.415209,-79.475758,host,False,False,True,True,True,False,False,2026-07-18 21:41:33,2026-07-19 04:54:20,,,,,,0.263,
2026-07-18,20190608B,334.020406,-7.898868,host,True,True,True,True,True,True,True,2026-07-18 21:41:33,2026-07-19 04:54:20,2026-07-19 01:31:33,2026-07-19 04:51:33,1.256,37.34,52.78,0.271,-10.26
2026-07-18,20190714A,183.979525,-13.021079,host,True,False,False,True,True,False,False,2026-07-18 21:41:33,2026-07-19 04:54:20,,,,,,0.263,
2026-07-18,20191001A,323.352187,-54.747748,host,False,False,True,True,True,False,False,2026-07-18 21:41:33,2026-07-19 04:54:20,,,,,,0.263,
2026-07-18,20200906A,53.496,-14.083,host,True,False,True,True,True,False,False,2026-07-18 21:41:33,2026-07-19 04:54:20,,,,,,0.263,
2026-07-18,20210320C,204.458854,-16.122552,host,True,False,True,True,True,False,False,2026-07-18 21:41:33,2026-07-19 04:54:20,,,,,,0.263,
2026-07-18,20210410D,326.086,-79.318,host,False,False,True,True,True,False,False,2026-07-18 21:41:33,2026-07-19 04:54:20,,,,,,0.263,
2026-07-18,20210807D,299.2214,-0.7624,host,True,True,True,True,True,True,True,2026-07-18 21:41:33,2026-07-19 04:54:20,2026-07-18 22:46:33,2026-07-19 03:56:33,1.148,20.29,60.55,0.263,0.27
2026-07-18,20211127I,199.808,-18.838,host,True,False,True,True,True,False,False,2026-07-18 21:41:33,2026-07-19 04:54:20,,,,,,0.263,
2026-07-18,20211203C,204.56526,-31.379107,host,True,False,True,True,True,False,False,2026-07-18 21:41:33,2026-07-19 04:54:20,,,,,,0.263,
2026-07-18,20211212A,157.351,1.361,host,True,False,False,True,True,False,False,2026-07-18 21:41:33,2026-07-19 04:54:20,,,,,,0.263,
2026-07-18,20220207C,310.197679,72.882658,host,True,True,True,True,True,True,True,2026-07-18 21:41:33,2026-07-19 04:54:20,2026-07-18 23:41:33,2026-07-19 04:26:33,1.395,94.25,45.78,0.266,179.43
2026-07-18,20220307B,350.875,72.192,host,True,True,True,True,True,True,True,2026-07-18 21:41:33,2026-07-19 04:54:20,2026-07-19 02:16:33,2026-07-19 04:51:33,1.405,99.75,45.36,0.272,-157.69
2026-07-18,20220310F,134.721,73.491,host,True,False,True,True,True,False,False,2026-07-18 21:41:33,2026-07-19 04:54:20,,,,,,0.263,
2026-07-18,20220319D,32.177917,71.03525,host,True,True,True,True,True,False,False,2026-07-18 21:41:33,2026-07-19 04:54:20,,,,,,0.263,
2026-07-18,20220509G,282.674806,70.242726,host,True,True,True,True,True,True,True,2026-07-18 21:41:33,2026-07-19 04:54:20,2026-07-18 21:41:33,2026-07-19 03:06:33,1.336,91.86,48.45,0.26,176.15
2026-07-18,20220825A,311.982,72.585,host,True,True,True,True,True,True,True,2026-07-18 21:41:33,2026-07-19 04:54:20,2026-07-18 23:46:33,2026-07-19 04:36:33,1.388,94.07,46.08,0.267,-179.9
2026-07-18,20220912A,347.270174,48.706618,host,True,True,True,True,True,True,True,2026-07-18 21:41:33,2026-07-19 04:54:20,2026-07-19 00:46:33,2026-07-19 04:51:33,1.133,82.48,61.92,0.269,-126.52
2026-07-18,20220914A,282.058507,73.336282,host,True,True,True,True,True,True,True,2026-07-18 21:41:33,2026-07-19 04:54:20,2026-07-18 21:56:33,2026-07-19 02:26:33,1.405,94.91,45.39,0.259,-179.71
2026-07-18,20220920A,240.256794,70.918007,host,True,True,True,True,True,True,True,2026-07-18 21:41:33,2026-07-19 04:54:20,2026-07-18 21:41:33,2026-07-19 00:11:33,1.39,100.03,46.03,0.254,150.79
2026-07-18,20221012A,280.801417,70.524175,host,True,True,True,True,True,True,True,2026-07-18 21:41:33,2026-07-19 04:54:20,2026-07-18 21:41:33,2026-07-19 02:56:33,1.342,92.3,48.16,0.259,175.36
2026-07-18,20181112A,327.348458,-52.970944,signal,False,False,True,True,True,False,False,2026-07-18 21:41:33,2026-07-19 04:54:20,,,,,,0.263,
2026-07-18,20190611B,320.742887,-79.397286,host,False,False,True,True,True,False,False,2026-07-18 21:41:33,2026-07-19 04:54:20,,,,,,0.263,
2026-07-18,20190711A,329.419,-80.358,host,False,False,True,True,True,False,False,2026-07-18 21:41:33,2026-07-19 04:54:20,,,,,,0.263,
2026-07-18,20191228A,344.430542,-29.594111,signal,True,False,True,True,True,False,False,2026-07-18 21:41:33,2026-07-19 04:54:20,,,,,,0.263,
2026-07-18,20200430A,229.706377,12.376607,host,True,True,True,True,True,True,True,2026-07-18 21:41:33,2026-07-19 04:54:20,2026-07-18 21:41:33,2026-07-18 23:56:33,1.204,74.55,56.18,0.254,56.27
2026-07-18,20200627A,326.695833,-39.484722,signal,False,False,True,True,True,False,False,2026-07-18 21:41:33,2026-07-19 04:54:20,,,,,,0.263,
2026-07-18,20210117A,339.979208,-16.151444,signal,True,True,True,True,True,True,True,2026-07-18 21:41:33,2026-07-19 04:54:20,2026-07-19 02:51:33,2026-07-19 04:51:33,1.411,40.17,45.11,0.273,-3.73
2026-07-18,20210214G,6.93,-5.832222,signal,True,True,True,True,True,True,True,2026-07-18 21:41:33,2026-07-19 04:54:20,2026-07-19 03:36:33,2026-07-19 04:51:33,1.335,68.44,48.51,0.275,-32.16
2026-07-18,20210407E,78.650958,27.05825,signal,True,False,True,True,True,False,False,2026-07-18 21:41:33,2026-07-19 04:54:20,,,,,,0.263,
2026-07-18,20210809C,271.157083,1.328889,signal,True,True,True,True,True,True,True,2026-07-18 21:41:33,2026-07-19 04:54:20,2026-07-18 21:41:33,2026-07-19 02:11:33,1.134,34.2,61.87,0.258,12.89
2026-07-18,20210912A,350.7935,-30.405583,signal,True,False,True,True,True,False,False,2026-07-18 21:41:33,2026-07-19 04:54:20,,,,,,0.263,
2026-07-18,20220105A,208.803803,22.466479,host,True,True,True,True,True,True,True,2026-07-18 21:41:33,2026-07-19 04:54:20,2026-07-18 21:41:33,2026-07-18 22:51:33,1.303,96.8,50.12,0.251,71.51
2026-07-18,20220501C,352.379167,-32.490722,signal,True,False,True,True,True,False,False,2026-07-18 21:41:33,2026-07-19 04:54:20,,,,,,0.263,
2026-07-18,20220531A,294.709167,-60.296667,signal,False,False,True,True,True,False,False,2026-07-18 21:41:33,2026-07-19 04:54:20,,,,,,0.263,
2026-07-18,20220610A,351.073,-33.514,host,True,False,True,True,True,False,False,2026-07-18 21:41:33,2026-07-19 04:54:20,,,,,,0.263,
2026-07-18,20220725A,353.315342,-35.990268,host,True,False,True,True,True,False,False,2026-07-18 21:41:33,2026-07-19 04:54:20,,,,,,0.263,
2026-07-18,20220918A,17.592125,-70.811389,signal,False,False,True,True,True,False,False,2026-07-18 21:41:33,2026-07-19 04:54:20,,,,,,0.263,
2026-07-18,20221106A,56.704551,-25.569831,host,True,False,True,True,True,False,False,2026-07-18 21:41:33,2026-07-19 04:54:20,,,,,,0.263,
2026-07-18,20230521A,327.75125,-2.386111,signal,True,True,True,True,True,True,True,2026-07-18 21:41:33,2026-07-19 04:54:20,2026-07-19 00:46:33,2026-07-19 04:51:33,1.174,34.63,58.42,0.269,-9.75
2026-07-18,20230526A,22.232615,-52.717373,host,False,False,True,True,True,False,False,2026-07-18 21:41:33,2026-07-19 04:54:20,,,,,,0.263,
2026-07-18,20230708A,303.115511,-55.356262,host,False,False,True,True,True,False,False,2026-07-18 21:41:33,2026-07-19 04:54:20,,,,,,0.263,
2026-07-18,20230718A,128.161917,-40.451944,signal,False,False,True,True,True,False,False,2026-07-18 21:41:33,2026-07-19 04:54:20,,,,,,0.263,
2026-07-18,20230731A,174.601458,-56.799056,signal,False,False,True,True,True,False,False,2026-07-18 21:41:33,2026-07-19 04:54:20,,,,,,0.263,
2026-07-18,20230902A,52.139961,-47.333434,host,False,False,True,True,True,False,False,2026-07-18 21:41:33,2026-07-19 04:54:20,,,,,,0.263,
2026-07-18,20231006A,296.003333,-64.648889,signal,False,False,True,True,True,False,False,2026-07-18 21:41:33,2026-07-19 04:54:20,,,,,,0.263,
2026-07-18,20231226A,155.363856,6.109704,host,True,False,False,True,True,False,False,2026-07-18 21:41:33,2026-07-19 04:54:20,,,,,,0.263,
2026-07-18,20240201A,149.906029,14.088739,host,True,False,True,True,True,False,False,2026-07-18 21:41:33,2026-07-19 04:54:20,,,,,,0.263,
2026-07-18,20240208A,159.229001,-0.953397,host,True,False,False,True,True,False,False,2026-07-18 21:41:33,2026-07-19 04:54:20,,,,,,0.263,
2026-07-18,20240210A,8.77693,-28.271997,host,True,False,True,True,True,False,False,2026-07-18 21:41:33,2026-07-19 04:54:20,,,,,,0.263,
2026-07-18,20240304A,136.330524,-16.166242,host,True,False,True,True,True,False,False,2026-07-18 21:41:33,2026-07-19 04:54:20,,,,,,0.263,
2026-07-18,20240310A,17.621847,-44.439331,host,False,False,True,True,True,False,False,2026-07-18 21:41:33,2026-07-19 04:54:20,,,,,,0.263,
2026-07-18,20240318A,150.393564,37.616432,host,True,False,True,True,True,False,False,2026-07-18 21:41:33,2026-07-19 04:54:20,,,,,,0.263,
2026-07-18,20240304B,182.997,11.813,host,True,False,False,True,True,False,False,2026-07-18 21:41:33,2026-07-19 04:54:20,,,,,,0.263,
2026-07-18,20230521B,351.036,71.138,host,True,True,True,True,True,True,True,2026-07-18 21:41:33,2026-07-19 04:54:20,2026-07-19 02:06:33,2026-07-19 04:51:33,1.387,99.11,46.15,0.272,-155.49
2026-07-18,20240104A,348.874,72.821,host,True,True,True,True,True,True,True,2026-07-18 21:41:33,2026-07-19 04:54:20,2026-07-19 02:16:33,2026-07-19 04:51:33,1.414,99.72,44.99,0.272,-160.39
2026-07-18,20221029A,141.966,72.452,host,True,False,True,True,True,False,False,2026-07-18 21:41:33,2026-07-19 04:54:20,,,,,,0.263,
2026-07-18,20240123A,68.263,71.945,host,True,False,True,True,True,False,False,2026-07-18 21:41:33,2026-07-19 04:54:20,,,,,,0.263,
2026-07-18,20220222C,203.904,-28.027,host,True,False,True,True,True,False,False,2026-07-18 21:41:33,2026-07-19 04:54:20,,,,,,0.263,
2026-07-18,20190523A,207.064,72.471,host,True,True,True,True,True,False,False,2026-07-18 21:41:33,2026-07-19 04:54:20,,,,,,0.263,
2026-07-18,20250518,207.992,71.282,host,True,True,True,True,True,False,False,2026-07-18 21:41:33,2026-07-19 04:54:20,,,,,,0.263,
2026-07-18,20220224C,166.678,-22.94,host,True,False,False,True,True,False,False,2026-07-18 21:41:33,2026-07-19 04:54:20,,,,,,0.263,
2026-07-18,20220418A,219.106,70.095,host,True,True,True,True,True,True,True,2026-07-18 21:41:33,2026-07-19 04:54:20,2026-07-18 21:41:33,2026-07-18 22:56:33,1.433,105.88,44.24,0.252,135.32
2026-07-18,20190614D,65.076,73.707,host,True,False,True,True,True,False,False,2026-07-18 21:41:33,2026-07-19 04:54:20,,,,,,0.263,
2026-07-18,20221219A,257.63,71.627,host,True,True,True,True,True,True,True,2026-07-18 21:41:33,2026-07-19 04:54:20,2026-07-18 21:41:33,2026-07-19 01:16:33,1.38,96.59,46.45,0.256,161.86
2026-07-18,20230814B,335.976,73.026,host,True,True,True,True,True,True,True,2026-07-18 21:41:33,2026-07-19 04:54:20,2026-07-19 01:26:33,2026-07-19 04:51:33,1.406,97.37,45.33,0.271,-168.69
2026-07-18,20231020B,57.278,-37.77,host,False,False,True,True,True,False,False,2026-07-18 21:41:33,2026-07-19 04:54:20,,,,,,0.263,
2026-07-18,20230907D,187.142,8.658,host,True,False,False,True,True,False,False,2026-07-18 21:41:33,2026-07-19 04:54:20,,,,,,0.263,
2026-07-18,20230712A,167.36,72.558,host,True,False,True,True,True,False,False,2026-07-18 21:41:33,2026-07-19 04:54:20,,,,,,0.263,
2026-07-18,20220204A,274.228,69.722,host,True,True,True,True,True,True,True,2026-07-18 21:41:33,2026-07-19 04:54:20,2026-07-18 21:41:33,2026-07-19 02:36:33,1.329,92.26,48.79,0.259,169.87
2026-07-18,20230613A,356.853,-27.053,host,True,False,True,True,True,False,False,2026-07-18 21:41:33,2026-07-19 04:54:20,,,,,,0.263,
2026-07-18,20240119A,224.467,71.612,host,True,True,True,True,True,True,True,2026-07-18 21:41:33,2026-07-19 04:54:20,2026-07-18 21:41:33,2026-07-18 23:01:33,1.433,104.76,44.24,0.252,142.64
2026-07-18,20220717A,293.304,-19.288,host,True,True,True,True,True,True,True,2026-07-18 21:41:33,2026-07-19 04:54:20,2026-07-19 00:41:33,2026-07-19 01:16:33,1.494,4.45,42.01,0.262,1.24
2026-07-18,20220726A,73.946,69.93,host,True,False,True,True,True,False,False,2026-07-18 21:41:33,2026-07-19 04:54:20,,,,,,0.263,
2026-07-18,20231220A,123.909,73.66,host,True,False,True,True,True,False,False,2026-07-18 21:41:33,2026-07-19 04:54:20,,,,,,0.263,
2026-07-18,20180301A,93.227,4.671,host,True,False,True,True,True,False,False,2026-07-18 21:41:33,2026-07-19 04:54:20,,,,,,0.263,
2026-07-18,20230626A,235.63,71.134,host,True,True,True,True,True,True,True,2026-07-18 21:41:33,2026-07-19 04:54:20,2026-07-18 21:41:33,2026-07-18 23:51:33,1.402,101.39,45.5,0.253,148.29
2026-07-18,20230125D,150.205,-31.545,host,True,False,True,True,True,False,False,2026-07-18 21:41:33,2026-07-19 04:54:20,,,,,,0.263,
2026-07-18,20230913,305.037,70.793,host,True,True,True,True,True,True,True,2026-07-18 21:41:33,2026-07-19 04:54:20,2026-07-18 22:56:33,2026-07-19 04:31:33,1.348,91.93,47.88,0.265,179.21
2026-07-18,20230501A,340.027,70.922,host,True,True,True,True,True,True,True,2026-07-18 21:41:33,2026-07-19 04:54:20,2026-07-19 01:21:33,2026-07-19 04:51:33,1.369,96.47,46.93,0.27,-161.42
2026-07-18,20220506D,318.045,72.827,host,True,True,True,True,True,True,True,2026-07-18 21:41:33,2026-07-19 04:54:20,2026-07-19 00:11:33,2026-07-19 04:51:33,1.394,94.8,45.82,0.268,-178.58
2026-07-18,20240229A,169.984,70.676,host,True,False,True,True,True,False,False,2026-07-18 21:41:33,2026-07-19 04:54:20,,,,,,0.263,
2026-07-18,20221116A,21.211,72.654,host,True,True,True,True,True,True,True,2026-07-18 21:41:33,2026-07-19 04:54:20,2026-07-19 04:26:33,2026-07-19 04:51:33,1.473,108.03,42.77,0.277,-140.98
2026-07-18,20230307A,177.782,71.695,host,True,False,True,True,True,False,False,2026-07-18 21:41:33,2026-07-19 04:54:20,,,,,,0.263,
2026-07-18,20231123B,242.538,70.785,host,True,True,True,True,True,True,True,2026-07-18 21:41:33,2026-07-19 04:54:20,2026-07-18 21:41:33,2026-07-19 00:21:33,1.383,99.36,46.3,0.254,152.0
2026-07-18,20221113A,71.411,70.307,host,True,False,True,True,True,False,False,2026-07-18 21:41:33,2026-07-19 04:54:20,,,,,,0.263,
2026-07-18,20221101B,342.216,70.682,host,True,True,True,True,True,True,True,2026-07-18 21:41:33,2026-07-19 04:54:20,2026-07-19 01:26:33,2026-07-19 04:51:33,1.366,96.75,47.05,0.271,-160.13
2026-07-18,20240215A,268.441,70.232,host,True,True,True,True,True,True,True,2026-07-18 21:41:33,2026-07-19 04:54:20,2026-07-18 21:41:33,2026-07-19 02:11:33,1.342,93.54,48.17,0.258,167.31
2026-07-18,20121102A,82.994542,33.147897,host,True,False,True,True,True,False,False,2026-07-18 21:41:33,2026-07-19 04:54:20,,,,,,0.263,
2026-07-18,20230628A,166.787,72.282,host,True,False,True,True,True,False,False,2026-07-18 21:41:33,2026-07-19 04:54:20,,,,,,0.263,
2026-07-18,20240213A,166.168,74.075,host,True,False,True,True,True,False,False,2026-07-18 21:41:33,2026-07-19 04:54:20,,,,,,0.263,
2026-07-18,20201124A,77.015,26.061,host,True,False,True,True,True,False,False,2026-07-18 21:41:33,2026-07-19 04:54:20,,,,,,0.263,
2026-07-18,20230124A,231.917,70.968,host,True,True,True,True,True,True,True,2026-07-18 21:41:33,2026-07-19 04:54:20,2026-07-18 21:41:33,2026-07-18 23:41:33,1.409,102.33,45.21,0.253,145.19
2026-07-18,20230930A,10.507,41.417,host,True,True,True,True,True,True,True,2026-07-18 21:41:33,2026-07-19 04:54:20,2026-07-19 02:16:33,2026-07-19 04:51:33,1.193,91.66,56.98,0.272,-100.72
2026-07-18,20240203,312.621,73.9,host,True,True,True,True,True,True,True,2026-07-18 21:41:33,2026-07-19 04:54:20,2026-07-19 00:06:33,2026-07-19 04:21:33,1.42,95.39,44.76,0.267,179.33
2026-07-18,20231120A,143.985,73.285,host,True,False,True,True,True,False,False,2026-07-18 21:41:33,2026-07-19 04:54:20,,,,,,0.263,
2026-07-18,20201123A,263.66,-50.764,host,False,False,True,True,True,False,False,2026-07-18 21:41:33,2026-07-19 04:54:20,,,,,,0.263,
2026-07-19,20171020A,333.8531,-19.5853,host,True,False,True,True,True,False,False,2026-07-19 21:40:55,2026-07-20 04:55:06,,,,,,0.361,
2026-07-19,20180924B,326.105236,-40.900253,host,False,False,True,True,True,False,False,2026-07-19 21:40:55,2026-07-20 04:55:06,,,,,,0.361,
2026-07-19,20190102C,322.415209,-79.475758,host,False,False,True,True,True,False,False,2026-07-19 21:40:55,2026-07-20 04:55:06,,,,,,0.361,
2026-07-19,20190608B,334.020406,-7.898868,host,True,True,True,True,True,True,True,2026-07-19 21:40:55,2026-07-20 04:55:06,2026-07-20 01:30:55,2026-07-20 04:50:55,1.253,36.41,52.93,0.368,-9.09
2026-07-19,20190714A,183.979525,-13.021079,host,True,False,False,True,True,False,False,2026-07-19 21:40:55,2026-07-20 04:55:06,,,,,,0.361,
2026-07-19,20191001A,323.352187,-54.747748,host,False,False,True,True,True,False,False,2026-07-19 21:40:55,2026-07-20 04:55:06,,,,,,0.361,
2026-07-19,20200906A,53.496,-14.083,host,True,False,True,True,True,False,False,2026-07-19 21:40:55,2026-07-20 04:55:06,,,,,,0.361,
2026-07-19,20210320C,204.458854,-16.122552,host,True,False,False,True,True,False,False,2026-07-19 21:40:55,2026-07-20 04:55:06,,,,,,0.361,
2026-07-19,20210410D,326.086,-79.318,host,False,False,True,True,True,False,False,2026-07-19 21:40:55,2026-07-20 04:55:06,,,,,,0.361,
2026-07-19,20210807D,299.2214,-0.7624,host,True,True,True,True,True,True,True,2026-07-19 21:40:55,2026-07-20 04:55:06,2026-07-19 22:40:55,2026-07-20 03:55:55,1.148,20.07,60.55,0.361,1.74
2026-07-19,20211127I,199.808,-18.838,host,True,False,False,True,True,False,False,2026-07-19 21:40:55,2026-07-20 04:55:06,,,,,,0.361,
2026-07-19,20211203C,204.56526,-31.379107,host,True,False,False,True,True,False,False,2026-07-19 21:40:55,2026-07-20 04:55:06,,,,,,0.361,
2026-07-19,20211212A,157.351,1.361,host,True,False,True,True,True,False,False,2026-07-19 21:40:55,2026-07-20 04:55:06,,,,,,0.361,
2026-07-19,20220207C,310.197679,72.882658,host,True,True,True,True,True,True,True,2026-07-19 21:40:55,2026-07-20 04:55:06,2026-07-19 23:35:55,2026-07-20 04:20:55,1.395,94.02,45.78,0.363,179.96
2026-07-19,20220307B,350.875,72.192,host,True,True,True,True,True,True,True,2026-07-19 21:40:55,2026-07-20 04:55:06,2026-07-20 02:10:55,2026-07-20 04:50:55,1.407,99.36,45.31,0.37,-157.16
2026-07-19,20220310F,134.721,73.491,host,True,False,True,True,True,False,False,2026-07-19 21:40:55,2026-07-20 04:55:06,,,,,,0.361,
2026-07-19,20220319D,32.177917,71.03525,host,True,True,True,True,True,False,False,2026-07-19 21:40:55,2026-07-20 04:55:06,,,,,,0.361,
2026-07-19,20220509G,282.674806,70.242726,host,True,True,True,True,True,True,True,2026-07-19 21:40:55,2026-07-20 04:55:06,2026-07-19 21:40:55,2026-07-20 03:00:55,1.336,91.77,48.46,0.357,176.72
2026-07-19,20220825A,311.982,72.585,host,True,True,True,True,True,True,True,2026-07-19 21:40:55,2026-07-20 04:55:06,2026-07-19 23:40:55,2026-07-20 04:35:55,1.388,93.83,46.07,0.364,179.05
2026-07-19,20220912A,347.270174,48.706618,host,True,True,True,True,True,True,True,2026-07-19 21:40:55,2026-07-20 04:55:06,2026-07-20 00:40:55,2026-07-20 04:50:55,1.136,81.87,61.7,0.367,-125.89
2026-07-19,20220914A,282.058507,73.336282,host,True,True,True,True,True,True,True,2026-07-19 21:40:55,2026-07-20 04:55:06,2026-07-19 21:50:55,2026-07-20 02:25:55,1.405,94.81,45.39,0.356,179.26
2026-07-19,20220920A,240.256794,70.918007,host,True,True,True,True,True,True,True,2026-07-19 21:40:55,2026-07-20 04:55:06,2026-07-19 21:40:55,2026-07-20 00:10:55,1.393,100.13,45.89,0.351,149.76
2026-07-19,20221012A,280.801417,70.524175,host,True,True,True,True,True,True,True,2026-07-19 21:40:55,2026-07-20 04:55:06,2026-07-19 21:40:55,2026-07-20 02:50:55,1.342,92.22,48.17,0.356,175.92
2026-07-19,20181112A,327.348458,-52.970944,signal,False,False,True,True,True,False,False,2026-07-19 21:40:55,2026-07-20 04:55:06,,,,,,0.361,
2026-07-19,20190611B,320.742887,-79.397286,host,False,False,True,True,True,False,False,2026-07-19 21:40:55,2026-07-20 04:55:06,,,,,,0.361,
2026-07-19,20190711A,329.419,-80.358,host,False,False,True,True,True,False,False,2026-07-19 21:40:55,2026-07-20 04:55:06,,,,,,0.361,
2026-07-19,20191228A,344.430542,-29.594111,signal,True,False,True,True,True,False,False,2026-07-19 21:40:55,2026-07-20 04:55:06,,,,,,0.361,
2026-07-19,20200430A,229.706377,12.376607,host,True,True,True,True,True,True,True,2026-07-19 21:40:55,2026-07-20 04:55:06,2026-07-19 21:40:55,2026-07-19 23:50:55,1.199,75.35,56.53,0.35,56.02
2026-07-19,20200627A,326.695833,-39.484722,signal,False,False,True,True,True,False,False,2026-07-19 21:40:55,2026-07-20 04:55:06,,,,,,0.361,
2026-07-19,20210117A,339.979208,-16.151444,signal,True,True,True,True,True,True,True,2026-07-19 21:40:55,2026-07-20 04:55:06,2026-07-20 02:50:55,2026-07-20 04:50:55,1.41,39.25,45.16,0.371,-2.7
2026-07-19,20210214G,6.93,-5.832222,signal,True,True,True,True,True,True,True,2026-07-19 21:40:55,2026-07-20 04:55:06,2026-07-20 03:30:55,2026-07-20 04:50:55,1.34,67.51,48.28,0.372,-32.61
2026-07-19,20210407E,78.650958,27.05825,signal,True,False,True,True,True,False,False,2026-07-19 21:40:55,2026-07-20 04:55:06,,,,,,0.361,
2026-07-19,20210809C,271.157083,1.328889,signal,True,True,True,True,True,True,True,2026-07-19 21:40:55,2026-07-20 04:55:06,2026-07-19 21:40:55,2026-07-20 02:10:55,1.136,34.84,61.68,0.355,14.36
2026-07-19,20210912A,350.7935,-30.405583,signal,True,False,True,True,True,False,False,2026-07-19 21:40:55,2026-07-20 04:55:06,,,,,,0.361,
2026-07-19,20220105A,208.803803,22.466479,host,True,True,True,True,True,True,True,2026-07-19 21:40:55,2026-07-20 04:55:06,2026-07-19 21:40:55,2026-07-19 22:45:55,1.317,97.6,49.39,0.348,71.47
2026-07-19,20220501C,352.379167,-32.490722,signal,True,False,True,True,True,False,False,2026-07-19 21:40:55,2026-07-20 04:55:06,,,,,,0.361,
2026-07-19,20220531A,294.709167,-60.296667,signal,False,False,True,True,True,False,False,2026-07-19 21:40:55,2026-07-20 04:55:06,,,,,,0.361,
2026-07-19,20220610A,351.073,-33.514,host,True,False,True,True,True,False,False,2026-07-19 21:40:55,2026-07-20 04:55:06,,,,,,0.361,
2026-07-19,20220725A,353.315342,-35.990268,host,True,False,True,True,True,False,False,2026-07-19 21:40:55,2026-07-20 04:55:06,,,,,,0.361,
2026-07-19,20220918A,17.592125,-70.811389,signal,False,False,True,True,True,False,False,2026-07-19 21:40:55,2026-07-20 04:55:06,,,,,,0.361,
2026-07-19,20221106A,56.704551,-25.569831,host,True,False,True,True,True,False,False,2026-07-19 21:40:55,2026-07-20 04:55:06,,,,,,0.361,
2026-07-19,20230521A,327.75125,-2.386111,signal,True,True,True,True,True,True,True,2026-07-19 21:40:55,2026-07-20 04:55:06,2026-07-20 00:40:55,2026-07-20 04:50:55,1.175,33.74,58.34,0.367,-10.45
2026-07-19,20230526A,22.232615,-52.717373,host,False,False,True,True,True,False,False,2026-07-19 21:40:55,2026-07-20 04:55:06,,,,,,0.361,
2026-07-19,20230708A,303.115511,-55.356262,host,False,False,True,True,True,False,False,2026-07-19 21:40:55,2026-07-20 04:55:06,,,,,,0.361,
2026-07-19,20230718A,128.161917,-40.451944,signal,False,False,True,True,True,False,False,2026-07-19 21:40:55,2026-07-20 04:55:06,,,,,,0.361,
2026-07-19,20230731A,174.601458,-56.799056,signal,False,False,True,True,True,False,False,2026-07-19 21:40:55,2026-07-20 04:55:06,,,,,,0.361,
2026-07-19,20230902A,52.139961,-47.333434,host,False,False,True,True,True,False,False,2026-07-19 21:40:55,2026-07-20 04:55:06,,,,,,0.361,
2026-07-19,20231006A,296.003333,-64.648889,signal,False,False,True,True,True,False,False,2026-07-19 21:40:55,2026-07-20 04:55:06,,,,,,0.361,
2026-07-19,20231226A,155.363856,6.109704,host,True,False,True,True,True,False,False,2026-07-19 21:40:55,2026-07-20 04:55:06,,,,,,0.361,
2026-07-19,20240201A,149.906029,14.088739,host,True,False,True,True,True,False,False,2026-07-19 21:40:55,2026-07-20 04:55:06,,,,,,0.361,
2026-07-19,20240208A,159.229001,-0.953397,host,True,False,True,True,True,False,False,2026-07-19 21:40:55,2026-07-20 04:55:06,,,,,,0.361,
2026-07-19,20240210A,8.77693,-28.271997,host,True,False,True,True,True,False,False,2026-07-19 21:40:55,2026-07-20 04:55:06,,,,,,0.361,
2026-07-19,20240304A,136.330524,-16.166242,host,True,False,True,True,True,False,False,2026-07-19 21:40:55,2026-07-20 04:55:06,,,,,,0.361,
2026-07-19,20240310A,17.621847,-44.439331,host,False,False,True,True,True,False,False,2026-07-19 21:40:55,2026-07-20 04:55:06,,,,,,0.361,
2026-07-19,20240318A,150.393564,37.616432,host,True,False,True,True,True,False,False,2026-07-19 21:40:55,2026-07-20 04:55:06,,,,,,0.361,
2026-07-19,20240304B,182.997,11.813,host,True,False,False,True,True,False,False,2026-07-19 21:40:55,2026-07-20 04:55:06,,,,,,0.361,
2026-07-19,20230521B,351.036,71.138,host,True,True,True,True,True,True,True,2026-07-19 21:40:55,2026-07-20 04:55:06,2026-07-20 02:00:55,2026-07-20 04:50:55,1.388,98.7,46.09,0.369,-154.96
2026-07-19,20240104A,348.874,72.821,host,True,True,True,True,True,True,True,2026-07-19 21:40:55,2026-07-20 04:55:06,2026-07-20 02:10:55,2026-07-20 04:50:55,1.415,99.34,44.95,0.37,-159.87
2026-07-19,20221029A,141.966,72.452,host,True,False,True,True,True,False,False,2026-07-19 21:40:55,2026-07-20 04:55:06,,,,,,0.361,
2026-07-19,20240123A,68.263,71.945,host,True,False,True,True,True,False,False,2026-07-19 21:40:55,2026-07-20 04:55:06,,,,,,0.361,
2026-07-19,20220222C,203.904,-28.027,host,True,False,False,True,True,False,False,2026-07-19 21:40:55,2026-07-20 04:55:06,,,,,,0.361,
2026-07-19,20190523A,207.064,72.471,host,True,True,True,True,True,False,False,2026-07-19 21:40:55,2026-07-20 04:55:06,,,,,,0.361,
2026-07-19,20250518,207.992,71.282,host,True,True,True,True,True,False,False,2026-07-19 21:40:55,2026-07-20 04:55:06,,,,,,0.361,
2026-07-19,20220224C,166.678,-22.94,host,True,False,False,True,True,False,False,2026-07-19 21:40:55,2026-07-20 04:55:06,,,,,,0.361,
2026-07-19,20220418A,219.106,70.095,host,True,True,True,True,True,True,True,2026-07-19 21:40:55,2026-07-20 04:55:06,2026-07-19 21:40:55,2026-07-19 22:50:55,1.431,106.04,44.35,0.348,135.82
2026-07-19,20190614D,65.076,73.707,host,True,False,True,True,True,False,False,2026-07-19 21:40:55,2026-07-20 04:55:06,,,,,,0.361,
2026-07-19,20221219A,257.63,71.627,host,True,True,True,True,True,True,True,2026-07-19 21:40:55,2026-07-20 04:55:06,2026-07-19 21:40:55,2026-07-20 01:10:55,1.379,96.61,46.49,0.353,162.4
2026-07-19,20230814B,335.976,73.026,host,True,True,True,True,True,True,True,2026-07-19 21:40:55,2026-07-20 04:55:06,2026-07-20 01:25:55,2026-07-20 04:50:55,1.405,97.04,45.38,0.368,-169.72
2026-07-19,20231020B,57.278,-37.77,host,False,False,True,True,True,False,False,2026-07-19 21:40:55,2026-07-20 04:55:06,,,,,,0.361,
2026-07-19,20230907D,187.142,8.658,host,True,False,False,True,True,False,False,2026-07-19 21:40:55,2026-07-20 04:55:06,,,,,,0.361,
2026-07-19,20230712A,167.36,72.558,host,True,False,True,True,True,False,False,2026-07-19 21:40:55,2026-07-20 04:55:06,,,,,,0.361,
2026-07-19,20220204A,274.228,69.722,host,True,True,True,True,True,True,True,2026-07-19 21:40:55,2026-07-20 04:55:06,2026-07-19 21:40:55,2026-07-20 02:35:55,1.33,92.21,48.74,0.356,168.77
2026-07-19,20230613A,356.853,-27.053,host,True,False,True,True,True,False,False,2026-07-19 21:40:55,2026-07-20 04:55:06,,,,,,0.361,
2026-07-19,20240119A,224.467,71.612,host,True,True,True,True,True,True,True,2026-07-19 21:40:55,2026-07-20 04:55:06,2026-07-19 21:40:55,2026-07-19 23:00:55,1.437,104.89,44.08,0.348,141.65
2026-07-19,20220717A,293.304,-19.288,host,True,True,True,True,True,True,True,2026-07-19 21:40:55,2026-07-20 04:55:06,2026-07-20 00:40:55,2026-07-20 01:10:55,1.494,5.26,42.01,0.359,0.74
2026-07-19,20220726A,73.946,69.93,host,True,False,True,True,True,False,False,2026-07-19 21:40:55,2026-07-20 04:55:06,,,,,,0.361,
2026-07-19,20231220A,123.909,73.66,host,True,False,True,True,True,False,False,2026-07-19 21:40:55,2026-07-20 04:55:06,,,,,,0.361,
2026-07-19,20180301A,93.227,4.671,host,True,False,True,True,True,False,False,2026-07-19 21:40:55,2026-07-20 04:55:06,,,,,,0.361,
2026-07-19,20230626A,235.63,71.134,host,True,True,True,True,True,True,True,2026-07-19 21:40:55,2026-07-20 04:55:06,2026-07-19 21:40:55,2026-07-19 23:45:55,1.405,101.49,45.36,0.35,147.27
2026-07-19,20230125D,150.205,-31.545,host,True,False,True,True,True,False,False,2026-07-19 21:40:55,2026-07-20 04:55:06,,,,,,0.361,
2026-07-19,20230913,305.037,70.793,host,True,True,True,True,True,True,True,2026-07-19 21:40:55,2026-07-20 04:55:06,2026-07-19 22:55:55,2026-07-20 04:25:55,1.348,91.72,47.88,0.362,179.77
2026-07-19,20230501A,340.027,70.922,host,True,True,True,True,True,True,True,2026-07-19 21:40:55,2026-07-20 04:55:06,2026-07-20 01:15:55,2026-07-20 04:50:55,1.367,96.09,47.01,0.368,-162.47
2026-07-19,20220506D,318.045,72.827,host,True,True,True,True,True,True,True,2026-07-19 21:40:55,2026-07-20 04:55:06,2026-07-20 00:10:55,2026-07-20 04:50:55,1.394,94.54,45.82,0.366,-179.62
2026-07-19,20240229A,169.984,70.676,host,True,False,True,True,True,False,False,2026-07-19 21:40:55,2026-07-20 04:55:06,,,,,,0.361,
2026-07-19,20221116A,21.211,72.654,host,True,True,True,True,True,True,True,2026-07-19 21:40:55,2026-07-20 04:55:06,2026-07-20 04:20:55,2026-07-20 04:50:55,1.475,107.58,42.69,0.374,-140.48
2026-07-19,20230307A,177.782,71.695,host,True,False,True,True,True,False,False,2026-07-19 21:40:55,2026-07-20 04:55:06,,,,,,0.361,
2026-07-19,20231123B,242.538,70.785,host,True,True,True,True,True,True,True,2026-07-19 21:40:55,2026-07-20 04:55:06,2026-07-19 21:40:55,2026-07-20 00:20:55,1.386,99.45,46.17,0.351,150.97
2026-07-19,20221113A,71.411,70.307,host,True,False,True,True,True,False,False,2026-07-19 21:40:55,2026-07-20 04:55:06,,,,,,0.361,
2026-07-19,20221101B,342.216,70.682,host,True,True,True,True,True,True,True,2026-07-19 21:40:55,2026-07-20 04:55:06,2026-07-20 01:20:55,2026-07-20 04:50:55,1.367,96.36,47.0,0.368,-159.59
2026-07-19,20240215A,268.441,70.232,host,True,True,True,True,True,True,True,2026-07-19 21:40:55,2026-07-20 04:55:06,2026-07-19 21:40:55,2026-07-20 02:05:55,1.343,93.52,48.1,0.355,166.23
2026-07-19,20121102A,82.994542,33.147897,host,True,False,True,True,True,False,False,2026-07-19 21:40:55,2026-07-20 04:55:06,,,,,,0.361,
2026-07-19,20230628A,166.787,72.282,host,True,False,True,True,True,False,False,2026-07-19 21:40:55,2026-07-20 04:55:06,,,,,,0.361,
2026-07-19,20240213A,166.168,74.075,host,True,False,True,True,True,False,False,2026-07-19 21:40:55,2026-07-20 04:55:06,,,,,,0.361,
2026-07-19,20201124A,77.015,26.061,host,True,False,True,True,True,False,False,2026-07-19 21:40:55,2026-07-20 04:55:06,,,,,,0.361,
2026-07-19,20230124A,231.917,70.968,host,True,True,True,True,True,True,True,2026-07-19 21:40:55,2026-07-20 04:55:06,2026-07-19 21:40:55,2026-07-19 23:35:55,1.413,102.45,45.05,0.35,144.19
2026-07-19,20230930A,10.507,41.417,host,True,True,True,True,True,True,True,2026-07-19 21:40:55,2026-07-20 04:55:06,2026-07-20 02:15:55,2026-07-20 04:50:55,1.185,90.88,57.59,0.37,-101.46
2026-07-19,20240203,312.621,73.9,host,True,True,True,True,True,True,True,2026-07-19 21:40:55,2026-07-20 04:55:06,2026-07-20 00:05:55,2026-07-20 04:15:55,1.42,95.16,44.76,0.364,179.86
2026-07-19,20231120A,143.985,73.285,host,True,False,True,True,True,False,False,2026-07-19 21:40:55,2026-07-20 04:55:06,,,,,,0.361,
2026-07-19,20201123A,263.66,-50.764,host,False,False,True,True,True,False,False,2026-07-19 21:40:55,2026-07-20 04:55:06,,,,,,0.361,
2026-07-20,20171020A,333.8531,-19.5853,host,True,False,True,True,True,False,False,2026-07-20 21:40:15,2026-07-21 04:55:52,,,,,,0.461,
2026-07-20,20180924B,326.105236,-40.900253,host,False,False,True,True,True,False,False,2026-07-20 21:40:15,2026-07-21 04:55:52,,,,,,0.461,
2026-07-20,20190102C,322.415209,-79.475758,host,False,False,True,True,True,False,False,2026-07-20 21:40:15,2026-07-21 04:55:52,,,,,,0.461,
2026-07-20,20190608B,334.020406,-7.898868,host,True,True,True,True,True,True,True,2026-07-20 21:40:15,2026-07-21 04:55:52,2026-07-21 01:25:15,2026-07-21 04:55:15,1.251,35.47,53.05,0.468,-7.91
2026-07-20,20190714A,183.979525,-13.021079,host,True,False,False,True,True,False,False,2026-07-20 21:40:15,2026-07-21 04:55:52,,,,,,0.461,
2026-07-20,20191001A,323.352187,-54.747748,host,False,False,True,True,True,False,False,2026-07-20 21:40:15,2026-07-21 04:55:52,,,,,,0.461,
2026-07-20,20200906A,53.496,-14.083,host,True,False,True,True,True,False,False,2026-07-20 21:40:15,2026-07-21 04:55:52,,,,,,0.461,
2026-07-20,20210320C,204.458854,-16.122552,host,True,False,False,True,True,False,False,2026-07-20 21:40:15,2026-07-21 04:55:52,,,,,,0.461,
2026-07-20,20210410D,326.086,-79.318,host,False,False,True,True,True,False,False,2026-07-20 21:40:15,2026-07-21 04:55:52,,,,,,0.461,
2026-07-20,20210807D,299.2214,-0.7624,host,True,True,True,True,True,True,True,2026-07-20 21:40:15,2026-07-21 04:55:52,2026-07-20 22:40:15,2026-07-21 03:50:15,1.148,19.89,60.55,0.46,0.97
2026-07-20,20211127I,199.808,-18.838,host,True,False,False,True,True,False,False,2026-07-20 21:40:15,2026-07-21 04:55:52,,,,,,0.461,
2026-07-20,20211203C,204.56526,-31.379107,host,True,False,False,True,True,False,False,2026-07-20 21:40:15,2026-07-21 04:55:52,,,,,,0.461,
2026-07-20,20211212A,157.351,1.361,host,True,False,True,True,True,False,False,2026-07-20 21:40:15,2026-07-21 04:55:52,,,,,,0.461,
2026-07-20,20220207C,310.197679,72.882658,host,True,True,True,True,True,True,True,2026-07-20 21:40:15,2026-07-21 04:55:52,2026-07-20 23:35:15,2026-07-21 04:20:15,1.395,93.79,45.78,0.464,178.93
2026-07-20,20220307B,350.875,72.192,host,True,True,True,True,True,True,True,2026-07-20 21:40:15,2026-07-21 04:55:52,2026-07-21 02:10:15,2026-07-21 04:55:15,1.401,98.96,45.54,0.47,-159.74
2026-07-20,20220310F,134.721,73.491,host,True,False,True,True,True,False,False,2026-07-20 21:40:15,2026-07-21 04:55:52,,,,,,0.461,
2026-07-20,20220319D,32.177917,71.03525,host,True,True,True,True,True,False,False,2026-07-20 21:40:15,2026-07-21 04:55:52,,,,,,0.461,
2026-07-20,20220509G,282.674806,70.242726,host,True,True,True,True,True,True,True,2026-07-20 21:40:15,2026-07-21 04:55:52,2026-07-20 21:40:15,2026-07-21 03:00:15,1.336,91.68,48.44,0.457,175.63
2026-07-20,20220825A,311.982,72.585,host,True,True,True,True,True,True,True,2026-07-20 21:40:15,2026-07-21 04:55:52,2026-07-20 23:35:15,2026-07-21 04:30:15,1.388,93.59,46.08,0.464,179.6
2026-07-20,20220912A,347.270174,48.706618,host,True,True,True,True,True,True,True,2026-07-20 21:40:15,2026-07-21 04:55:52,2026-07-21 00:35:15,2026-07-21 04:55:15,1.131,81.25,62.13,0.467,-127.11
2026-07-20,20220914A,282.058507,73.336282,host,True,True,True,True,True,True,True,2026-07-20 21:40:15,2026-07-21 04:55:52,2026-07-20 21:45:15,2026-07-21 02:20:15,1.405,94.71,45.39,0.456,179.8
2026-07-20,20220920A,240.256794,70.918007,host,True,True,True,True,True,True,True,2026-07-20 21:40:15,2026-07-21 04:55:52,2026-07-20 21:40:15,2026-07-21 00:05:15,1.396,100.22,45.75,0.451,148.75
2026-07-20,20221012A,280.801417,70.524175,host,True,True,True,True,True,True,True,2026-07-20 21:40:15,2026-07-21 04:55:52,2026-07-20 21:40:15,2026-07-21 02:50:15,1.343,92.13,48.15,0.456,174.84
2026-07-20,20181112A,327.348458,-52.970944,signal,False,False,True,True,True,False,False,2026-07-20 21:40:15,2026-07-21 04:55:52,,,,,,0.461,
2026-07-20,20190611B,320.742887,-79.397286,host,False,False,True,True,True,False,False,2026-07-20 21:40:15,2026-07-21 04:55:52,,,,,,0.461,
2026-07-20,20190711A,329.419,-80.358,host,False,False,True,True,True,False,False,2026-07-20 21:40:15,2026-07-21 04:55:52,,,,,,0.461,
2026-07-20,20191228A,344.430542,-29.594111,signal,True,False,True,True,True,False,False,2026-07-20 21:40:15,2026-07-21 04:55:52,,,,,,0.461,
2026-07-20,20200430A,229.706377,12.376607,host,True,True,True,True,True,True,True,2026-07-20 21:40:15,2026-07-21 04:55:52,2026-07-20 21:40:15,2026-07-20 23:50:15,1.208,76.17,55.86,0.45,56.5
2026-07-20,20200627A,326.695833,-39.484722,signal,False,False,True,True,True,False,False,2026-07-20 21:40:15,2026-07-21 04:55:52,,,,,,0.461,
2026-07-20,20210117A,339.979208,-16.151444,signal,True,True,True,True,True,True,True,2026-07-20 21:40:15,2026-07-21 04:55:52,2026-07-21 02:45:15,2026-07-21 04:55:15,1.409,38.32,45.2,0.471,-1.69
2026-07-20,20210214G,6.93,-5.832222,signal,True,True,True,True,True,True,True,2026-07-20 21:40:15,2026-07-21 04:55:52,2026-07-21 03:25:15,2026-07-21 04:55:15,1.331,66.58,48.72,0.473,-31.74
2026-07-20,20210407E,78.650958,27.05825,signal,True,False,True,True,True,False,False,2026-07-20 21:40:15,2026-07-21 04:55:52,,,,,,0.461,
2026-07-20,20210809C,271.157083,1.328889,signal,True,True,True,True,True,True,True,2026-07-20 21:40:15,2026-07-21 04:55:52,2026-07-20 21:40:15,2026-07-21 02:05:15,1.138,35.48,61.48,0.455,15.79
2026-07-20,20210912A,350.7935,-30.405583,signal,True,False,True,True,True,False,False,2026-07-20 21:40:15,2026-07-21 04:55:52,,,,,,0.461,
2026-07-20,20220105A,208.803803,22.466479,host,True,True,True,True,True,True,True,2026-07-20 21:40:15,2026-07-21 04:55:52,2026-07-20 21:40:15,2026-07-20 22:45:15,1.332,98.4,48.67,0.448,71.44
2026-07-20,20220501C,352.379167,-32.490722,signal,True,False,True,True,True,False,False,2026-07-20 21:40:15,2026-07-21 04:55:52,,,,,,0.461,
2026-07-20,20220531A,294.709167,-60.296667,signal,False,False,True,True,True,False,False,2026-07-20 21:40:15,2026-07-21 04:55:52,,,,,,0.461,
2026-07-20,20220610A,351.073,-33.514,host,True,False,True,True,True,False,False,2026-07-20 21:40:15,2026-07-21 04:55:52,,,,,,0.461,
2026-07-20,20220725A,353.315342,-35.990268,host,True,False,True,True,True,False,False,2026-07-20 21:40:15,2026-07-21 04:55:52,,,,,,0.461,
2026-07-20,20220918A,17.592125,-70.811389,signal,False,False,True,True,True,False,False,2026-07-20 21:40:15,2026-07-21 04:55:52,,,,,,0.461,
2026-07-20,20221106A,56.704551,-25.569831,host,True,False,True,True,True,False,False,2026-07-20 21:40:15,2026-07-21 04:55:52,,,,,,0.461,
2026-07-20,20230521A,327.75125,-2.386111,signal,True,True,True,True,True,True,True,2026-07-20 21:40:15,2026-07-21 04:55:52,2026-07-21 00:35:15,2026-07-21 04:55:15,1.173,32.85,58.49,0.467,-9.11
2026-07-20,20230526A,22.232615,-52.717373,host,False,False,True,True,True,False,False,2026-07-20 21:40:15,2026-07-21 04:55:52,,,,,,0.461,
2026-07-20,20230708A,303.115511,-55.356262,host,False,False,True,True,True,False,False,2026-07-20 21:40:15,2026-07-21 04:55:52,,,,,,0.461,
2026-07-20,20230718A,128.161917,-40.451944,signal,False,False,True,True,True,False,False,2026-07-20 21:40:15,2026-07-21 04:55:52,,,,,,0.461,
2026-07-20,20230731A,174.601458,-56.799056,signal,False,False,True,True,True,False,False,2026-07-20 21:40:15,2026-07-21 04:55:52,,,,,,0.461,
2026-07-20,20230902A,52.139961,-47.333434,host,False,False,True,True,True,False,False,2026-07-20 21:40:15,2026-07-21 04:55:52,,,,,,0.461,
2026-07-20,20231006A,296.003333,-64.648889,signal,False,False,True,True,True,False,False,2026-07-20 21:40:15,2026-07-21 04:55:52,,,,,,0.461,
2026-07-20,20231226A,155.363856,6.109704,host,True,False,True,True,True,False,False,2026-07-20 21:40:15,2026-07-21 04:55:52,,,,,,0.461,
2026-07-20,20240201A,149.906029,14.088739,host,True,False,True,True,True,False,False,2026-07-20 21:40:15,2026-07-21 04:55:52,,,,,,0.461,
2026-07-20,20240208A,159.229001,-0.953397,host,True,False,True,True,True,False,False,2026-07-20 21:40:15,2026-07-21 04:55:52,,,,,,0.461,
2026-07-20,20240210A,8.77693,-28.271997,host,True,False,True,True,True,False,False,2026-07-20 21:40:15,2026-07-21 04:55:52,,,,,,0.461,
2026-07-20,20240304A,136.330524,-16.166242,host,True,False,True,True,True,False,False,2026-07-20 21:40:15,2026-07-21 04:55:52,,,,,,0.461,
2026-07-20,20240310A,17.621847,-44.439331,host,False,False,True,True,True,False,False,2026-07-20 21:40:15,2026-07-21 04:55:52,,,,,,0.461,
2026-07-20,20240318A,150.393564,37.616432,host,True,False,True,True,True,False,False,2026-07-20 21:40:15,2026-07-21 04:55:52,,,,,,0.461,
2026-07-20,20240304B,182.997,11.813,host,True,False,True,True,True,False,False,2026-07-20 21:40:15,2026-07-21 04:55:52,,,,,,0.461,
2026-07-20,20230521B,351.036,71.138,host,True,True,True,True,True,True,True,2026-07-20 21:40:15,2026-07-21 04:55:52,2026-07-21 02:00:15,2026-07-21 04:55:15,1.382,98.28,46.36,0.47,-157.56
2026-07-20,20240104A,348.874,72.821,host,True,True,True,True,True,True,True,2026-07-20 21:40:15,2026-07-21 04:55:52,2026-07-21 02:10:15,2026-07-21 04:55:15,1.411,98.95,45.15,0.47,-162.43
2026-07-20,20221029A,141.966,72.452,host,True,False,True,True,True,False,False,2026-07-20 21:40:15,2026-07-21 04:55:52,,,,,,0.461,
2026-07-20,20240123A,68.263,71.945,host,True,False,True,True,True,False,False,2026-07-20 21:40:15,2026-07-21 04:55:52,,,,,,0.461,
2026-07-20,20220222C,203.904,-28.027,host,True,False,False,True,True,False,False,2026-07-20 21:40:15,2026-07-21 04:55:52,,,,,,0.461,
2026-07-20,20190523A,207.064,72.471,host,True,False,True,True,True,False,False,2026-07-20 21:40:15,2026-07-21 04:55:52,,,,,,0.461,
2026-07-20,20250518,207.992,71.282,host,True,True,True,True,True,False,False,2026-07-20 21:40:15,2026-07-21 04:55:52,,,,,,0.461,
2026-07-20,20220224C,166.678,-22.94,host,True,False,True,True,True,False,False,2026-07-20 21:40:15,2026-07-21 04:55:52,,,,,,0.461,
2026-07-20,20220418A,219.106,70.095,host,True,True,True,True,True,True,True,2026-07-20 21:40:15,2026-07-21 04:55:52,2026-07-20 21:40:15,2026-07-20 22:50:15,1.436,106.2,44.15,0.448,134.86
2026-07-20,20190614D,65.076,73.707,host,True,False,True,True,True,False,False,2026-07-20 21:40:15,2026-07-21 04:55:52,,,,,,0.461,
2026-07-20,20221219A,257.63,71.627,host,True,True,True,True,True,True,True,2026-07-20 21:40:15,2026-07-21 04:55:52,2026-07-20 21:40:15,2026-07-21 01:05:15,1.381,96.63,46.41,0.453,161.37
2026-07-20,20230814B,335.976,73.026,host,True,True,True,True,True,True,True,2026-07-20 21:40:15,2026-07-21 04:55:52,2026-07-21 01:20:15,2026-07-21 04:55:15,1.404,96.7,45.42,0.468,-170.74
2026-07-20,20231020B,57.278,-37.77,host,False,False,True,True,True,False,False,2026-07-20 21:40:15,2026-07-21 04:55:52,,,,,,0.461,
2026-07-20,20230907D,187.142,8.658,host,True,False,False,True,True,False,False,2026-07-20 21:40:15,2026-07-21 04:55:52,,,,,,0.461,
2026-07-20,20230712A,167.36,72.558,host,True,False,True,True,True,False,False,2026-07-20 21:40:15,2026-07-21 04:55:52,,,,,,0.461,
2026-07-20,20220204A,274.228,69.722,host,True,True,True,True,True,True,True,2026-07-20 21:40:15,2026-07-21 04:55:52,2026-07-20 21:40:15,2026-07-21 02:30:15,1.33,92.17,48.77,0.456,169.35
2026-07-20,20230613A,356.853,-27.053,host,True,False,True,True,True,False,False,2026-07-20 21:40:15,2026-07-21 04:55:52,,,,,,0.461,
2026-07-20,20240119A,224.467,71.612,host,True,True,True,True,True,True,True,2026-07-20 21:40:15,2026-07-21 04:55:52,2026-07-20 21:40:15,2026-07-20 22:55:15,1.442,105.01,43.92,0.448,140.68
2026-07-20,20220717A,293.304,-19.288,host,True,True,True,True,True,True,True,2026-07-20 21:40:15,2026-07-21 04:55:52,2026-07-21 00:35:15,2026-07-21 01:05:15,1.494,6.12,42.01,0.459,0.23
2026-07-20,20220726A,73.946,69.93,host,True,False,True,True,True,False,False,2026-07-20 21:40:15,2026-07-21 04:55:52,,,,,,0.461,
2026-07-20,20231220A,123.909,73.66,host,True,False,True,True,True,False,False,2026-07-20 21:40:15,2026-07-21 04:55:52,,,,,,0.461,
2026-07-20,20180301A,93.227,4.671,host,True,False,True,True,True,False,False,2026-07-20 21:40:15,2026-07-21 04:55:52,,,,,,0.461,
2026-07-20,20230626A,235.63,71.134,host,True,True,True,True,True,True,True,2026-07-20 21:40:15,2026-07-21 04:55:52,2026-07-20 21:40:15,2026-07-20 23:45:15,1.409,101.59,45.21,0.45,146.28
2026-07-20,20230125D,150.205,-31.545,host,True,False,True,True,True,False,False,2026-07-20 21:40:15,2026-07-21 04:55:52,,,,,,0.461,
2026-07-20,20230913,305.037,70.793,host,True,True,True,True,True,True,True,2026-07-20 21:40:15,2026-07-21 04:55:52,2026-07-20 22:50:15,2026-07-21 04:25:15,1.348,91.51,47.88,0.462,178.7
2026-07-20,20230501A,340.027,70.922,host,True,True,True,True,True,True,True,2026-07-20 21:40:15,2026-07-21 04:55:52,2026-07-21 01:10:15,2026-07-21 04:55:15,1.365,95.72,47.09,0.468,-163.52
2026-07-20,20220506D,318.045,72.827,host,True,True,True,True,True,True,True,2026-07-20 21:40:15,2026-07-21 04:55:52,2026-07-21 00:05:15,2026-07-21 04:50:15,1.394,94.27,45.82,0.466,179.34
2026-07-20,20240229A,169.984,70.676,host,True,False,True,True,True,False,False,2026-07-20 21:40:15,2026-07-21 04:55:52,,,,,,0.461,
2026-07-20,20221116A,21.211,72.654,host,True,True,True,True,True,True,True,2026-07-20 21:40:15,2026-07-21 04:55:52,2026-07-21 04:15:15,2026-07-21 04:55:15,1.471,107.12,42.84,0.474,-141.44
2026-07-20,20230307A,177.782,71.695,host,True,False,True,True,True,False,False,2026-07-20 21:40:15,2026-07-21 04:55:52,,,,,,0.461,
2026-07-20,20231123B,242.538,70.785,host,True,True,True,True,True,True,True,2026-07-20 21:40:15,2026-07-21 04:55:52,2026-07-20 21:40:15,2026-07-21 00:15:15,1.389,99.53,46.04,0.451,149.95
2026-07-20,20221113A,71.411,70.307,host,True,False,True,True,True,False,False,2026-07-20 21:40:15,2026-07-21 04:55:52,,,,,,0.461,
2026-07-20,20221101B,342.216,70.682,host,True,True,True,True,True,True,True,2026-07-20 21:40:15,2026-07-21 04:55:52,2026-07-21 01:20:15,2026-07-21 04:55:15,1.362,95.98,47.23,0.468,-162.25
2026-07-20,20240215A,268.441,70.232,host,True,True,True,True,True,True,True,2026-07-20 21:40:15,2026-07-21 04:55:52,2026-07-20 21:40:15,2026-07-21 02:00:15,1.343,93.51,48.14,0.454,166.79
2026-07-20,20121102A,82.994542,33.147897,host,True,False,True,True,True,False,False,2026-07-20 21:40:15,2026-07-21 04:55:52,,,,,,0.461,
2026-07-20,20230628A,166.787,72.282,host,True,False,True,True,True,False,False,2026-07-20 21:40:15,2026-07-21 04:55:52,,,,,,0.461,
2026-07-20,20240213A,166.168,74.075,host,True,False,True,True,True,False,False,2026-07-20 21:40:15,2026-07-21 04:55:52,,,,,,0.461,
2026-07-20,20201124A,77.015,26.061,host,True,False,True,True,True,False,False,2026-07-20 21:40:15,2026-07-21 04:55:52,,,,,,0.461,
2026-07-20,20230124A,231.917,70.968,host,True,True,True,True,True,True,True,2026-07-20 21:40:15,2026-07-21 04:55:52,2026-07-20 21:40:15,2026-07-20 23:30:15,1.411,102.56,45.13,0.449,144.72
2026-07-20,20230930A,10.507,41.417,host,True,True,True,True,True,True,True,2026-07-20 21:40:15,2026-07-21 04:55:52,2026-07-21 02:10:15,2026-07-21 04:55:15,1.177,90.09,58.19,0.47,-102.2
2026-07-20,20240203,312.621,73.9,host,True,True,True,True,True,True,True,2026-07-20 21:40:15,2026-07-21 04:55:52,2026-07-21 00:00:15,2026-07-21 04:15:15,1.42,94.91,44.76,0.464,178.85
2026-07-20,20231120A,143.985,73.285,host,True,False,True,True,True,False,False,2026-07-20 21:40:15,2026-07-21 04:55:52,,,,,,0.461,
2026-07-20,20201123A,263.66,-50.764,host,False,False,True,True,True,False,False,2026-07-20 21:40:15,2026-07-21 04:55:52,,,,,,0.461,
2026-07-21,20171020A,333.8531,-19.5853,host,True,False,True,True,True,False,False,2026-07-21 21:39:34,2026-07-22 04:56:38,,,,,,0.56,
2026-07-21,20180924B,326.105236,-40.900253,host,False,False,True,True,True,False,False,2026-07-21 21:39:34,2026-07-22 04:56:38,,,,,,0.56,
2026-07-21,20190102C,322.415209,-79.475758,host,False,False,True,True,True,False,False,2026-07-21 21:39:34,2026-07-22 04:56:38,,,,,,0.56,
2026-07-21,20190608B,334.020406,-7.898868,host,True,True,True,True,True,True,True,2026-07-21 21:39:34,2026-07-22 04:56:38,2026-07-22 01:19:34,2026-07-22 04:54:34,1.249,34.52,53.16,0.567,-6.74
2026-07-21,20190714A,183.979525,-13.021079,host,True,False,False,True,True,False,False,2026-07-21 21:39:34,2026-07-22 04:56:38,,,,,,0.56,
2026-07-21,20191001A,323.352187,-54.747748,host,False,False,True,True,True,False,False,2026-07-21 21:39:34,2026-07-22 04:56:38,,,,,,0.56,
2026-07-21,20200906A,53.496,-14.083,host,True,False,True,True,True,False,False,2026-07-21 21:39:34,2026-07-22 04:56:38,,,,,,0.56,
2026-07-21,20210320C,204.458854,-16.122552,host,True,False,False,True,True,False,False,2026-07-21 21:39:34,2026-07-22 04:56:38,,,,,,0.56,
2026-07-21,20210410D,326.086,-79.318,host,False,False,True,True,True,False,False,2026-07-21 21:39:34,2026-07-22 04:56:38,,,,,,0.56,
2026-07-21,20210807D,299.2214,-0.7624,host,True,True,True,True,True,True,True,2026-07-21 21:39:34,2026-07-22 04:56:38,2026-07-21 22:34:34,2026-07-22 03:49:34,1.149,19.74,60.54,0.559,2.41
2026-07-21,20211127I,199.808,-18.838,host,True,False,False,True,True,False,False,2026-07-21 21:39:34,2026-07-22 04:56:38,,,,,,0.56,
2026-07-21,20211203C,204.56526,-31.379107,host,True,False,False,True,True,False,False,2026-07-21 21:39:34,2026-07-22 04:56:38,,,,,,0.56,
2026-07-21,20211212A,157.351,1.361,host,True,False,True,True,True,False,False,2026-07-21 21:39:34,2026-07-22 04:56:38,,,,,,0.56,
2026-07-21,20220207C,310.197679,72.882658,host,True,True,True,True,True,True,True,2026-07-21 21:39:34,2026-07-22 04:56:38,2026-07-21 23:29:34,2026-07-22 04:14:34,1.395,93.55,45.78,0.562,179.49
2026-07-21,20220307B,350.875,72.192,host,True,True,True,True,True,True,True,2026-07-21 21:39:34,2026-07-22 04:56:38,2026-07-22 02:04:34,2026-07-22 04:54:34,1.402,98.55,45.5,0.568,-159.19
2026-07-21,20220310F,134.721,73.491,host,True,False,True,True,True,False,False,2026-07-21 21:39:34,2026-07-22 04:56:38,,,,,,0.56,
2026-07-21,20220319D,32.177917,71.03525,host,True,True,True,True,True,False,False,2026-07-21 21:39:34,2026-07-22 04:56:38,,,,,,0.56,
2026-07-21,20220509G,282.674806,70.242726,host,True,True,True,True,True,True,True,2026-07-21 21:39:34,2026-07-22 04:56:38,2026-07-21 21:39:34,2026-07-22 02:54:34,1.337,91.59,48.42,0.556,174.56
2026-07-21,20220825A,311.982,72.585,host,True,True,True,True,True,True,True,2026-07-21 21:39:34,2026-07-22 04:56:38,2026-07-21 23:34:34,2026-07-22 04:24:34,1.388,93.35,46.08,0.562,-179.84
2026-07-21,20220912A,347.270174,48.706618,host,True,True,True,True,True,True,True,2026-07-21 21:39:34,2026-07-22 04:56:38,2026-07-22 00:34:34,2026-07-22 04:54:34,1.127,80.63,62.56,0.565,-128.36
2026-07-21,20220914A,282.058507,73.336282,host,True,True,True,True,True,True,True,2026-07-21 21:39:34,2026-07-22 04:56:38,2026-07-21 21:44:34,2026-07-22 02:19:34,1.405,94.6,45.39,0.555,178.79
2026-07-21,20220920A,240.256794,70.918007,host,True,True,True,True,True,True,True,2026-07-21 21:39:34,2026-07-22 04:56:38,2026-07-21 21:39:34,2026-07-21 23:59:34,1.394,100.3,45.83,0.549,149.29
2026-07-21,20221012A,280.801417,70.524175,host,True,True,True,True,True,True,True,2026-07-21 21:39:34,2026-07-22 04:56:38,2026-07-21 21:39:34,2026-07-22 02:44:34,1.343,92.05,48.12,0.555,173.77
2026-07-21,20181112A,327.348458,-52.970944,signal,False,False,True,True,True,False,False,2026-07-21 21:39:34,2026-07-22 04:56:38,,,,,,0.56,
2026-07-21,20190611B,320.742887,-79.397286,host,False,False,True,True,True,False,False,2026-07-21 21:39:34,2026-07-22 04:56:38,,,,,,0.56,
2026-07-21,20190711A,329.419,-80.358,host,False,False,True,True,True,False,False,2026-07-21 21:39:34,2026-07-22 04:56:38,,,,,,0.56,
2026-07-21,20191228A,344.430542,-29.594111,signal,True,False,True,True,True,False,False,2026-07-21 21:39:34,2026-07-22 04:56:38,,,,,,0.56,
2026-07-21,20200430A,229.706377,12.376607,host,True,True,True,True,True,True,True,2026-07-21 21:39:34,2026-07-22 04:56:38,2026-07-21 21:39:34,2026-07-21 23:44:34,1.218,76.99,55.2,0.549,56.96
2026-07-21,20200627A,326.695833,-39.484722,signal,False,False,True,True,True,False,False,2026-07-21 21:39:34,2026-07-22 04:56:38,,,,,,0.56,
2026-07-21,20210117A,339.979208,-16.151444,signal,True,True,True,True,True,True,True,2026-07-21 21:39:34,2026-07-22 04:56:38,2026-07-22 02:44:34,2026-07-22 04:54:34,1.409,37.39,45.22,0.57,-0.68
2026-07-21,20210214G,6.93,-5.832222,signal,True,True,True,True,True,True,True,2026-07-21 21:39:34,2026-07-22 04:56:38,2026-07-22 03:24:34,2026-07-22 04:54:34,1.322,65.64,49.15,0.571,-30.86
2026-07-21,20210407E,78.650958,27.05825,signal,True,False,True,True,True,False,False,2026-07-21 21:39:34,2026-07-22 04:56:38,,,,,,0.56,
2026-07-21,20210809C,271.157083,1.328889,signal,True,True,True,True,True,True,True,2026-07-21 21:39:34,2026-07-22 04:56:38,2026-07-21 21:39:34,2026-07-22 01:59:34,1.137,36.15,61.59,0.554,15.03
2026-07-21,20210912A,350.7935,-30.405583,signal,True,False,True,True,True,False,False,2026-07-21 21:39:34,2026-07-22 04:56:38,,,,,,0.56,
2026-07-21,20220105A,208.803803,22.466479,host,True,True,True,True,True,True,True,2026-07-21 21:39:34,2026-07-22 04:56:38,2026-07-21 21:39:34,2026-07-21 22:39:34,1.324,99.2,49.06,0.547,71.46
2026-07-21,20220501C,352.379167,-32.490722,signal,True,False,True,True,True,False,False,2026-07-21 21:39:34,2026-07-22 04:56:38,,,,,,0.56,
2026-07-21,20220531A,294.709167,-60.296667,signal,False,False,True,True,True,False,False,2026-07-21 21:39:34,2026-07-22 04:56:38,,,,,,0.56,
2026-07-21,20220610A,351.073,-33.514,host,True,False,True,True,True,False,False,2026-07-21 21:39:34,2026-07-22 04:56:38,,,,,,0.56,
2026-07-21,20220725A,353.315342,-35.990268,host,True,False,True,True,True,False,False,2026-07-21 21:39:34,2026-07-22 04:56:38,,,,,,0.56,
2026-07-21,20220918A,17.592125,-70.811389,signal,False,False,True,True,True,False,False,2026-07-21 21:39:34,2026-07-22 04:56:38,,,,,,0.56,
2026-07-21,20221106A,56.704551,-25.569831,host,True,False,True,True,True,False,False,2026-07-21 21:39:34,2026-07-22 04:56:38,,,,,,0.56,
2026-07-21,20230521A,327.75125,-2.386111,signal,True,True,True,True,True,True,True,2026-07-21 21:39:34,2026-07-22 04:56:38,2026-07-22 00:34:34,2026-07-22 04:54:34,1.171,31.95,58.62,0.565,-7.76
2026-07-21,20230526A,22.232615,-52.717373,host,False,False,True,True,True,False,False,2026-07-21 21:39:34,2026-07-22 04:56:38,,,,,,0.56,
2026-07-21,20230708A,303.115511,-55.356262,host,False,False,True,True,True,False,False,2026-07-21 21:39:34,2026-07-22 04:56:38,,,,,,0.56,
2026-07-21,20230718A,128.161917,-40.451944,signal,False,False,True,True,True,False,False,2026-07-21 21:39:34,2026-07-22 04:56:38,,,,,,0.56,
2026-07-21,20230731A,174.601458,-56.799056,signal,False,False,True,True,True,False,False,2026-07-21 21:39:34,2026-07-22 04:56:38,,,,,,0.56,
2026-07-21,20230902A,52.139961,-47.333434,host,False,False,True,True,True,False,False,2026-07-21 21:39:34,2026-07-22 04:56:38,,,,,,0.56,
2026-07-21,20231006A,296.003333,-64.648889,signal,False,False,True,True,True,False,False,2026-07-21 21:39:34,2026-07-22 04:56:38,,,,,,0.56,
2026-07-21,20231226A,155.363856,6.109704,host,True,False,True,True,True,False,False,2026-07-21 21:39:34,2026-07-22 04:56:38,,,,,,0.56,
2026-07-21,20240201A,149.906029,14.088739,host,True,False,True,True,True,False,False,2026-07-21 21:39:34,2026-07-22 04:56:38,,,,,,0.56,
2026-07-21,20240208A,159.229001,-0.953397,host,True,False,True,True,True,False,False,2026-07-21 21:39:34,2026-07-22 04:56:38,,,,,,0.56,
2026-07-21,20240210A,8.77693,-28.271997,host,True,False,True,True,True,False,False,2026-07-21 21:39:34,2026-07-22 04:56:38,,,,,,0.56,
2026-07-21,20240304A,136.330524,-16.166242,host,True,False,True,True,True,False,False,2026-07-21 21:39:34,2026-07-22 04:56:38,,,,,,0.56,
2026-07-21,20240310A,17.621847,-44.439331,host,False,False,True,True,True,False,False,2026-07-21 21:39:34,2026-07-22 04:56:38,,,,,,0.56,
2026-07-21,20240318A,150.393564,37.616432,host,True,False,True,True,True,False,False,2026-07-21 21:39:34,2026-07-22 04:56:38,,,,,,0.56,
2026-07-21,20240304B,182.997,11.813,host,True,False,True,True,True,False,False,2026-07-21 21:39:34,2026-07-22 04:56:38,,,,,,0.56,
2026-07-21,20230521B,351.036,71.138,host,True,True,True,True,True,True,True,2026-07-21 21:39:34,2026-07-22 04:56:38,2026-07-22 01:54:34,2026-07-22 04:54:34,1.383,97.87,46.3,0.568,-157.01
2026-07-21,20240104A,348.874,72.821,host,True,True,True,True,True,True,True,2026-07-21 21:39:34,2026-07-22 04:56:38,2026-07-22 02:04:34,2026-07-22 04:54:34,1.412,98.56,45.11,0.568,-161.89
2026-07-21,20221029A,141.966,72.452,host,True,False,True,True,True,False,False,2026-07-21 21:39:34,2026-07-22 04:56:38,,,,,,0.56,
2026-07-21,20240123A,68.263,71.945,host,True,False,True,True,True,False,False,2026-07-21 21:39:34,2026-07-22 04:56:38,,,,,,0.56,
2026-07-21,20220222C,203.904,-28.027,host,True,False,False,True,True,False,False,2026-07-21 21:39:34,2026-07-22 04:56:38,,,,,,0.56,
2026-07-21,20190523A,207.064,72.471,host,True,False,True,True,True,False,False,2026-07-21 21:39:34,2026-07-22 04:56:38,,,,,,0.56,
2026-07-21,20250518,207.992,71.282,host,True,True,True,True,True,False,False,2026-07-21 21:39:34,2026-07-22 04:56:38,,,,,,0.56,
2026-07-21,20220224C,166.678,-22.94,host,True,False,True,True,True,False,False,2026-07-21 21:39:34,2026-07-22 04:56:38,,,,,,0.56,
2026-07-21,20220418A,219.106,70.095,host,True,True,True,True,True,True,True,2026-07-21 21:39:34,2026-07-22 04:56:38,2026-07-21 21:39:34,2026-07-21 22:44:34,1.441,106.35,43.95,0.547,133.9
2026-07-21,20190614D,65.076,73.707,host,True,False,True,True,True,False,False,2026-07-21 21:39:34,2026-07-22 04:56:38,,,,,,0.56,
2026-07-21,20221219A,257.63,71.627,host,True,True,True,True,True,True,True,2026-07-21 21:39:34,2026-07-22 04:56:38,2026-07-21 21:39:34,2026-07-22 01:04:34,1.383,96.65,46.33,0.552,160.34
2026-07-21,20230814B,335.976,73.026,host,True,True,True,True,True,True,True,2026-07-21 21:39:34,2026-07-22 04:56:38,2026-07-22 01:14:34,2026-07-22 04:54:34,1.404,96.35,45.4,0.567,-170.19
2026-07-21,20231020B,57.278,-37.77,host,False,False,True,True,True,False,False,2026-07-21 21:39:34,2026-07-22 04:56:38,,,,,,0.56,
2026-07-21,20230907D,187.142,8.658,host,True,False,True,True,True,False,False,2026-07-21 21:39:34,2026-07-22 04:56:38,,,,,,0.56,
2026-07-21,20230712A,167.36,72.558,host,True,False,True,True,True,False,False,2026-07-21 21:39:34,2026-07-22 04:56:38,,,,,,0.56,
2026-07-21,20220204A,274.228,69.722,host,True,True,True,True,True,True,True,2026-07-21 21:39:34,2026-07-22 04:56:38,2026-07-21 21:39:34,2026-07-22 02:24:34,1.331,92.13,48.71,0.555,168.27
2026-07-21,20230613A,356.853,-27.053,host,True,False,True,True,True,False,False,2026-07-21 21:39:34,2026-07-22 04:56:38,,,,,,0.56,
2026-07-21,20240119A,224.467,71.612,host,True,True,True,True,True,True,True,2026-07-21 21:39:34,2026-07-22 04:56:38,2026-07-21 21:39:34,2026-07-21 22:49:34,1.439,105.12,44.01,0.547,141.2
2026-07-21,20220717A,293.304,-19.288,host,True,True,True,True,True,True,True,2026-07-21 21:39:34,2026-07-22 04:56:38,2026-07-22 00:29:34,2026-07-22 01:04:34,1.494,7.0,42.01,0.558,1.19
2026-07-21,20220726A,73.946,69.93,host,True,False,True,True,True,False,False,2026-07-21 21:39:34,2026-07-22 04:56:38,,,,,,0.56,
2026-07-21,20231220A,123.909,73.66,host,True,False,True,True,True,False,False,2026-07-21 21:39:34,2026-07-22 04:56:38,,,,,,0.56,
2026-07-21,20180301A,93.227,4.671,host,True,False,True,True,True,False,False,2026-07-21 21:39:34,2026-07-22 04:56:38,,,,,,0.56,
2026-07-21,20230626A,235.63,71.134,host,True,True,True,True,True,True,True,2026-07-21 21:39:34,2026-07-22 04:56:38,2026-07-21 21:39:34,2026-07-21 23:39:34,1.407,101.69,45.29,0.549,146.81
2026-07-21,20230125D,150.205,-31.545,host,True,False,True,True,True,False,False,2026-07-21 21:39:34,2026-07-22 04:56:38,,,,,,0.56,
2026-07-21,20230913,305.037,70.793,host,True,True,True,True,True,True,True,2026-07-21 21:39:34,2026-07-22 04:56:38,2026-07-21 22:44:34,2026-07-22 04:19:34,1.348,91.3,47.88,0.561,179.27
2026-07-21,20230501A,340.027,70.922,host,True,True,True,True,True,True,True,2026-07-21 21:39:34,2026-07-22 04:56:38,2026-07-22 01:09:34,2026-07-22 04:54:34,1.364,95.34,47.17,0.567,-164.57
2026-07-21,20220506D,318.045,72.827,host,True,True,True,True,True,True,True,2026-07-21 21:39:34,2026-07-22 04:56:38,2026-07-21 23:59:34,2026-07-22 04:49:34,1.394,94.0,45.82,0.564,179.9
2026-07-21,20240229A,169.984,70.676,host,True,False,True,True,True,False,False,2026-07-21 21:39:34,2026-07-22 04:56:38,,,,,,0.56,
2026-07-21,20221116A,21.211,72.654,host,True,True,True,True,True,True,True,2026-07-21 21:39:34,2026-07-22 04:56:38,2026-07-22 04:14:34,2026-07-22 04:54:34,1.466,106.66,42.99,0.573,-142.4
2026-07-21,20230307A,177.782,71.695,host,True,False,True,True,True,False,False,2026-07-21 21:39:34,2026-07-22 04:56:38,,,,,,0.56,
2026-07-21,20231123B,242.538,70.785,host,True,True,True,True,True,True,True,2026-07-21 21:39:34,2026-07-22 04:56:38,2026-07-21 21:39:34,2026-07-22 00:09:34,1.388,99.62,46.11,0.55,150.5
2026-07-21,20221113A,71.411,70.307,host,True,False,True,True,True,False,False,2026-07-21 21:39:34,2026-07-22 04:56:38,,,,,,0.56,
2026-07-21,20221101B,342.216,70.682,host,True,True,True,True,True,True,True,2026-07-21 21:39:34,2026-07-22 04:56:38,2026-07-22 01:14:34,2026-07-22 04:54:34,1.363,95.59,47.18,0.567,-161.68
2026-07-21,20240215A,268.441,70.232,host,True,True,True,True,True,True,True,2026-07-21 21:39:34,2026-07-22 04:56:38,2026-07-21 21:39:34,2026-07-22 01:59:34,1.344,93.49,48.07,0.554,165.73
2026-07-21,20121102A,82.994542,33.147897,host,True,False,True,True,True,False,False,2026-07-21 21:39:34,2026-07-22 04:56:38,,,,,,0.56,
2026-07-21,20230628A,166.787,72.282,host,True,False,True,True,True,False,False,2026-07-21 21:39:34,2026-07-22 04:56:38,,,,,,0.56,
2026-07-21,20240213A,166.168,74.075,host,True,False,True,True,True,False,False,2026-07-21 21:39:34,2026-07-22 04:56:38,,,,,,0.56,
2026-07-21,20201124A,77.015,26.061,host,True,False,True,True,True,False,False,2026-07-21 21:39:34,2026-07-22 04:56:38,,,,,,0.56,
2026-07-21,20230124A,231.917,70.968,host,True,True,True,True,True,True,True,2026-07-21 21:39:34,2026-07-22 04:56:38,2026-07-21 21:39:34,2026-07-21 23:29:34,1.415,102.67,44.98,0.548,143.73
2026-07-21,20230930A,10.507,41.417,host,True,True,True,True,True,True,True,2026-07-21 21:39:34,2026-07-22 04:56:38,2026-07-22 02:04:34,2026-07-22 04:49:34,1.181,89.3,57.86,0.568,-101.8
2026-07-21,20240203,312.621,73.9,host,True,True,True,True,True,True,True,2026-07-21 21:39:34,2026-07-22 04:56:38,2026-07-21 23:54:34,2026-07-22 04:09:34,1.42,94.67,44.76,0.563,179.39
2026-07-21,20231120A,143.985,73.285,host,True,False,True,True,True,False,False,2026-07-21 21:39:34,2026-07-22 04:56:38,,,,,,0.56,
2026-07-21,20201123A,263.66,-50.764,host,False,False,True,True,True,False,False,2026-07-21 21:39:34,2026-07-22 04:56:38,,,,,,0.56,
2026-07-22,20171020A,333.8531,-19.5853,host,True,False,True,True,True,False,False,2026-07-22 21:38:52,2026-07-23 04:57:25,,,,,,0.654,
2026-07-22,20180924B,326.105236,-40.900253,host,False,False,True,True,True,False,False,2026-07-22 21:38:52,2026-07-23 04:57:25,,,,,,0.654,
2026-07-22,20190102C,322.415209,-79.475758,host,False,False,True,True,True,False,False,2026-07-22 21:38:52,2026-07-23 04:57:25,,,,,,0.654,
2026-07-22,20190608B,334.020406,-7.898868,host,True,True,True,True,True,True,True,2026-07-22 21:38:52,2026-07-23 04:57:25,2026-07-23 01:18:52,2026-07-23 04:53:52,1.248,33.57,53.26,0.661,-5.57
2026-07-22,20190714A,183.979525,-13.021079,host,True,False,True,True,True,False,False,2026-07-22 21:38:52,2026-07-23 04:57:25,,,,,,0.654,
2026-07-22,20191001A,323.352187,-54.747748,host,False,False,True,True,True,False,False,2026-07-22 21:38:52,2026-07-23 04:57:25,,,,,,0.654,
2026-07-22,20200906A,53.496,-14.083,host,True,False,True,True,True,False,False,2026-07-22 21:38:52,2026-07-23 04:57:25,,,,,,0.654,
2026-07-22,20210320C,204.458854,-16.122552,host,True,False,False,True,True,False,False,2026-07-22 21:38:52,2026-07-23 04:57:25,,,,,,0.654,
2026-07-22,20210410D,326.086,-79.318,host,False,False,True,True,True,False,False,2026-07-22 21:38:52,2026-07-23 04:57:25,,,,,,0.654,
2026-07-22,20210807D,299.2214,-0.7624,host,True,True,True,True,True,True,True,2026-07-22 21:38:52,2026-07-23 04:57:25,2026-07-22 22:28:52,2026-07-23 03:43:52,1.148,19.64,60.55,0.654,1.62
2026-07-22,20211127I,199.808,-18.838,host,True,False,False,True,True,False,False,2026-07-22 21:38:52,2026-07-23 04:57:25,,,,,,0.654,
2026-07-22,20211203C,204.56526,-31.379107,host,True,False,False,True,True,False,False,2026-07-22 21:38:52,2026-07-23 04:57:25,,,,,,0.654,
2026-07-22,20211212A,157.351,1.361,host,True,False,True,True,True,False,False,2026-07-22 21:38:52,2026-07-23 04:57:25,,,,,,0.654,
2026-07-22,20220207C,310.197679,72.882658,host,True,True,True,True,True,True,True,2026-07-22 21:38:52,2026-07-23 04:57:25,2026-07-22 23:23:52,2026-07-23 04:13:52,1.395,93.31,45.78,0.656,-179.95
2026-07-22,20220307B,350.875,72.192,host,True,True,True,True,True,True,True,2026-07-22 21:38:52,2026-07-23 04:57:25,2026-07-23 01:58:52,2026-07-23 04:53:52,1.4,98.14,45.58,0.662,-160.2
2026-07-22,20220310F,134.721,73.491,host,True,False,True,True,True,False,False,2026-07-22 21:38:52,2026-07-23 04:57:25,,,,,,0.654,
2026-07-22,20220319D,32.177917,71.03525,host,True,True,True,True,True,False,False,2026-07-22 21:38:52,2026-07-23 04:57:25,,,,,,0.654,
2026-07-22,20220509G,282.674806,70.242726,host,True,True,True,True,True,True,True,2026-07-22 21:38:52,2026-07-23 04:57:25,2026-07-22 21:38:52,2026-07-23 02:48:52,1.337,91.5,48.43,0.65,175.14
2026-07-22,20220825A,311.982,72.585,host,True,True,True,True,True,True,True,2026-07-22 21:38:52,2026-07-23 04:57:25,2026-07-22 23:28:52,2026-07-23 04:23:52,1.388,93.1,46.07,0.657,179.13
2026-07-22,20220912A,347.270174,48.706618,host,True,True,True,True,True,True,True,2026-07-22 21:38:52,2026-07-23 04:57:25,2026-07-23 00:28:52,2026-07-23 04:53:52,1.123,80.0,62.97,0.66,-129.62
2026-07-22,20220914A,282.058507,73.336282,host,True,True,True,True,True,True,True,2026-07-22 21:38:52,2026-07-23 04:57:25,2026-07-22 21:38:52,2026-07-23 02:13:52,1.405,94.5,45.39,0.649,179.34
2026-07-22,20220920A,240.256794,70.918007,host,True,True,True,True,True,True,True,2026-07-22 21:38:52,2026-07-23 04:57:25,2026-07-22 21:38:52,2026-07-22 23:58:52,1.397,100.39,45.69,0.645,148.3
2026-07-22,20221012A,280.801417,70.524175,host,True,True,True,True,True,True,True,2026-07-22 21:38:52,2026-07-23 04:57:25,2026-07-22 21:38:52,2026-07-23 02:38:52,1.343,91.96,48.13,0.65,174.36
2026-07-22,20181112A,327.348458,-52.970944,signal,False,False,True,True,True,False,False,2026-07-22 21:38:52,2026-07-23 04:57:25,,,,,,0.654,
2026-07-22,20190611B,320.742887,-79.397286,host,False,False,True,True,True,False,False,2026-07-22 21:38:52,2026-07-23 04:57:25,,,,,,0.654,
2026-07-22,20190711A,329.419,-80.358,host,False,False,True,True,True,False,False,2026-07-22 21:38:52,2026-07-23 04:57:25,,,,,,0.654,
2026-07-22,20191228A,344.430542,-29.594111,signal,True,False,True,True,True,False,False,2026-07-22 21:38:52,2026-07-23 04:57:25,,,,,,0.654,
2026-07-22,20200430A,229.706377,12.376607,host,True,True,True,True,True,True,True,2026-07-22 21:38:52,2026-07-23 04:57:25,2026-07-22 21:38:52,2026-07-22 23:38:52,1.212,77.81,55.56,0.644,56.71
2026-07-22,20200627A,326.695833,-39.484722,signal,False,False,True,True,True,False,False,2026-07-22 21:38:52,2026-07-23 04:57:25,,,,,,0.654,
2026-07-22,20210117A,339.979208,-16.151444,signal,True,True,True,True,True,True,True,2026-07-22 21:38:52,2026-07-23 04:57:25,2026-07-23 02:38:52,2026-07-23 04:53:52,1.409,36.45,45.23,0.664,0.33
2026-07-22,20210214G,6.93,-5.832222,signal,True,True,True,True,True,True,True,2026-07-22 21:38:52,2026-07-23 04:57:25,2026-07-23 03:18:52,2026-07-23 04:53:52,1.314,64.7,49.56,0.665,-29.97
2026-07-22,20210407E,78.650958,27.05825,signal,True,False,True,True,True,False,False,2026-07-22 21:38:52,2026-07-23 04:57:25,,,,,,0.654,
2026-07-22,20210809C,271.157083,1.328889,signal,True,True,True,True,True,True,True,2026-07-22 21:38:52,2026-07-23 04:57:25,2026-07-22 21:38:52,2026-07-23 01:58:52,1.139,36.82,61.38,0.648,16.44
2026-07-22,20210912A,350.7935,-30.405583,signal,True,False,True,True,True,False,False,2026-07-22 21:38:52,2026-07-23 04:57:25,,,,,,0.654,
2026-07-22,20220105A,208.803803,22.466479,host,True,True,True,True,True,True,True,2026-07-22 21:38:52,2026-07-23 04:57:25,2026-07-22 21:38:52,2026-07-22 22:33:52,1.338,100.01,48.35,0.642,71.42
2026-07-22,20220501C,352.379167,-32.490722,signal,True,False,True,True,True,False,False,2026-07-22 21:38:52,2026-07-23 04:57:25,,,,,,0.654,
2026-07-22,20220531A,294.709167,-60.296667,signal,False,False,True,True,True,False,False,2026-07-22 21:38:52,2026-07-23 04:57:25,,,,,,0.654,
2026-07-22,20220610A,351.073,-33.514,host,True,False,True,True,True,False,False,2026-07-22 21:38:52,2026-07-23 04:57:25,,,,,,0.654,
2026-07-22,20220725A,353.315342,-35.990268,host,True,False,True,True,True,False,False,2026-07-22 21:38:52,2026-07-23 04:57:25,,,,,,0.654,
2026-07-22,20220918A,17.592125,-70.811389,signal,False,False,True,True,True,False,False,2026-07-22 21:38:52,2026-07-23 04:57:25,,,,,,0.654,
2026-07-22,20221106A,56.704551,-25.569831,host,True,False,True,True,True,False,False,2026-07-22 21:38:52,2026-07-23 04:57:25,,,,,,0.654,
2026-07-22,20230521A,327.75125,-2.386111,signal,True,True,True,True,True,True,True,2026-07-22 21:38:52,2026-07-23 04:57:25,2026-07-23 00:28:52,2026-07-23 04:53:52,1.17,31.05,58.73,0.66,-6.41
2026-07-22,20230526A,22.232615,-52.717373,host,False,False,True,True,True,False,False,2026-07-22 21:38:52,2026-07-23 04:57:25,,,,,,0.654,
2026-07-22,20230708A,303.115511,-55.356262,host,False,False,True,True,True,False,False,2026-07-22 21:38:52,2026-07-23 04:57:25,,,,,,0.654,
2026-07-22,20230718A,128.161917,-40.451944,signal,False,False,True,True,True,False,False,2026-07-22 21:38:52,2026-07-23 04:57:25,,,,,,0.654,
2026-07-22,20230731A,174.601458,-56.799056,signal,False,False,True,True,True,False,False,2026-07-22 21:38:52,2026-07-23 04:57:25,,,,,,0.654,
2026-07-22,20230902A,52.139961,-47.333434,host,False,False,True,True,True,False,False,2026-07-22 21:38:52,2026-07-23 04:57:25,,,,,,0.654,
2026-07-22,20231006A,296.003333,-64.648889,signal,False,False,True,True,True,False,False,2026-07-22 21:38:52,2026-07-23 04:57:25,,,,,,0.654,
2026-07-22,20231226A,155.363856,6.109704,host,True,False,True,True,True,False,False,2026-07-22 21:38:52,2026-07-23 04:57:25,,,,,,0.654,
2026-07-22,20240201A,149.906029,14.088739,host,True,False,True,True,True,False,False,2026-07-22 21:38:52,2026-07-23 04:57:25,,,,,,0.654,
2026-07-22,20240208A,159.229001,-0.953397,host,True,False,True,True,True,False,False,2026-07-22 21:38:52,2026-07-23 04:57:25,,,,,,0.654,
2026-07-22,20240210A,8.77693,-28.271997,host,True,False,True,True,True,False,False,2026-07-22 21:38:52,2026-07-23 04:57:25,,,,,,0.654,
2026-07-22,20240304A,136.330524,-16.166242,host,True,False,True,True,True,False,False,2026-07-22 21:38:52,2026-07-23 04:57:25,,,,,,0.654,
2026-07-22,20240310A,17.621847,-44.439331,host,False,False,True,True,True,False,False,2026-07-22 21:38:52,2026-07-23 04:57:25,,,,,,0.654,
2026-07-22,20240318A,150.393564,37.616432,host,True,False,True,True,True,False,False,2026-07-22 21:38:52,2026-07-23 04:57:25,,,,,,0.654,
2026-07-22,20240304B,182.997,11.813,host,True,False,True,True,True,False,False,2026-07-22 21:38:52,2026-07-23 04:57:25,,,,,,0.654,
2026-07-22,20230521B,351.036,71.138,host,True,True,True,True,True,True,True,2026-07-22 21:38:52,2026-07-23 04:57:25,2026-07-23 01:48:52,2026-07-23 04:53:52,1.381,97.44,46.4,0.662,-158.03
2026-07-22,20240104A,348.874,72.821,host,True,True,True,True,True,True,True,2026-07-22 21:38:52,2026-07-23 04:57:25,2026-07-23 02:03:52,2026-07-23 04:53:52,1.41,98.16,45.18,0.662,-162.89
2026-07-22,20221029A,141.966,72.452,host,True,False,True,True,True,False,False,2026-07-22 21:38:52,2026-07-23 04:57:25,,,,,,0.654,
2026-07-22,20240123A,68.263,71.945,host,True,False,True,True,True,False,False,2026-07-22 21:38:52,2026-07-23 04:57:25,,,,,,0.654,
2026-07-22,20220222C,203.904,-28.027,host,True,False,False,True,True,False,False,2026-07-22 21:38:52,2026-07-23 04:57:25,,,,,,0.654,
2026-07-22,20190523A,207.064,72.471,host,True,False,True,True,True,False,False,2026-07-22 21:38:52,2026-07-23 04:57:25,,,,,,0.654,
2026-07-22,20250518,207.992,71.282,host,True,True,True,True,True,False,False,2026-07-22 21:38:52,2026-07-23 04:57:25,,,,,,0.654,
2026-07-22,20220224C,166.678,-22.94,host,True,False,True,True,True,False,False,2026-07-22 21:38:52,2026-07-23 04:57:25,,,,,,0.654,
2026-07-22,20220418A,219.106,70.095,host,True,True,True,True,True,True,True,2026-07-22 21:38:52,2026-07-23 04:57:25,2026-07-22 21:38:52,2026-07-22 22:38:52,1.438,106.49,44.06,0.642,134.42
2026-07-22,20190614D,65.076,73.707,host,True,False,True,True,True,False,False,2026-07-22 21:38:52,2026-07-23 04:57:25,,,,,,0.654,
2026-07-22,20221219A,257.63,71.627,host,True,True,True,True,True,True,True,2026-07-22 21:38:52,2026-07-23 04:57:25,2026-07-22 21:38:52,2026-07-23 00:58:52,1.382,96.66,46.37,0.647,160.9
2026-07-22,20230814B,335.976,73.026,host,True,True,True,True,True,True,True,2026-07-22 21:38:52,2026-07-23 04:57:25,2026-07-23 01:13:52,2026-07-23 04:53:52,1.404,96.0,45.44,0.661,-171.2
2026-07-22,20231020B,57.278,-37.77,host,False,False,True,True,True,False,False,2026-07-22 21:38:52,2026-07-23 04:57:25,,,,,,0.654,
2026-07-22,20230907D,187.142,8.658,host,True,False,True,True,True,False,False,2026-07-22 21:38:52,2026-07-23 04:57:25,,,,,,0.654,
2026-07-22,20230712A,167.36,72.558,host,True,False,True,True,True,False,False,2026-07-22 21:38:52,2026-07-23 04:57:25,,,,,,0.654,
2026-07-22,20220204A,274.228,69.722,host,True,True,True,True,True,True,True,2026-07-22 21:38:52,2026-07-23 04:57:25,2026-07-22 21:38:52,2026-07-23 02:23:52,1.332,92.08,48.65,0.649,167.2
2026-07-22,20230613A,356.853,-27.053,host,True,False,True,True,True,False,False,2026-07-22 21:38:52,2026-07-23 04:57:25,,,,,,0.654,
2026-07-22,20240119A,224.467,71.612,host,True,True,True,True,True,True,True,2026-07-22 21:38:52,2026-07-23 04:57:25,2026-07-22 21:38:52,2026-07-22 22:48:52,1.444,105.23,43.84,0.642,140.24
2026-07-22,20220717A,293.304,-19.288,host,True,True,True,True,True,True,True,2026-07-22 21:38:52,2026-07-23 04:57:25,2026-07-23 00:28:52,2026-07-23 00:58:52,1.494,7.9,42.01,0.652,0.66
2026-07-22,20220726A,73.946,69.93,host,True,False,True,True,True,False,False,2026-07-22 21:38:52,2026-07-23 04:57:25,,,,,,0.654,
2026-07-22,20231220A,123.909,73.66,host,True,False,True,True,True,False,False,2026-07-22 21:38:52,2026-07-23 04:57:25,,,,,,0.654,
2026-07-22,20180301A,93.227,4.671,host,True,False,True,True,True,False,False,2026-07-22 21:38:52,2026-07-23 04:57:25,,,,,,0.654,
2026-07-22,20230626A,235.63,71.134,host,True,True,True,True,True,True,True,2026-07-22 21:38:52,2026-07-23 04:57:25,2026-07-22 21:38:52,2026-07-22 23:38:52,1.411,101.79,45.14,0.644,145.83
2026-07-22,20230125D,150.205,-31.545,host,True,False,True,True,True,False,False,2026-07-22 21:38:52,2026-07-23 04:57:25,,,,,,0.654,
2026-07-22,20230913,305.037,70.793,host,True,True,True,True,True,True,True,2026-07-22 21:38:52,2026-07-23 04:57:25,2026-07-22 22:43:52,2026-07-23 04:13:52,1.348,91.08,47.88,0.655,179.85
2026-07-22,20230501A,340.027,70.922,host,True,True,True,True,True,True,True,2026-07-22 21:38:52,2026-07-23 04:57:25,2026-07-23 01:03:52,2026-07-23 04:53:52,1.365,94.95,47.13,0.66,-164.0
2026-07-22,20220506D,318.045,72.827,host,True,True,True,True,True,True,True,2026-07-22 21:38:52,2026-07-23 04:57:25,2026-07-22 23:58:52,2026-07-23 04:43:52,1.394,93.72,45.82,0.658,178.88
2026-07-22,20240229A,169.984,70.676,host,True,False,True,True,True,False,False,2026-07-22 21:38:52,2026-07-23 04:57:25,,,,,,0.654,
2026-07-22,20221116A,21.211,72.654,host,True,True,True,True,True,True,True,2026-07-22 21:38:52,2026-07-23 04:57:25,2026-07-23 04:08:52,2026-07-23 04:53:52,1.462,106.18,43.14,0.666,-143.35
2026-07-22,20230307A,177.782,71.695,host,True,False,True,True,True,False,False,2026-07-22 21:38:52,2026-07-23 04:57:25,,,,,,0.654,
2026-07-22,20231123B,242.538,70.785,host,True,True,True,True,True,True,True,2026-07-22 21:38:52,2026-07-23 04:57:25,2026-07-22 21:38:52,2026-07-23 00:08:52,1.391,99.7,45.97,0.645,149.49
2026-07-22,20221113A,71.411,70.307,host,True,False,True,True,True,False,False,2026-07-22 21:38:52,2026-07-23 04:57:25,,,,,,0.654,
2026-07-22,20221101B,342.216,70.682,host,True,True,True,True,True,True,True,2026-07-22 21:38:52,2026-07-23 04:57:25,2026-07-23 01:08:52,2026-07-23 04:53:52,1.361,95.19,47.27,0.661,-162.72
2026-07-22,20240215A,268.441,70.232,host,True,True,True,True,True,True,True,2026-07-22 21:38:52,2026-07-23 04:57:25,2026-07-22 21:38:52,2026-07-23 01:53:52,1.346,93.47,48.0,0.648,164.67
2026-07-22,20121102A,82.994542,33.147897,host,True,False,True,True,True,False,False,2026-07-22 21:38:52,2026-07-23 04:57:25,,,,,,0.654,
2026-07-22,20230628A,166.787,72.282,host,True,False,True,True,True,False,False,2026-07-22 21:38:52,2026-07-23 04:57:25,,,,,,0.654,
2026-07-22,20240213A,166.168,74.075,host,True,False,True,True,True,False,False,2026-07-22 21:38:52,2026-07-23 04:57:25,,,,,,0.654,
2026-07-22,20201124A,77.015,26.061,host,True,False,True,True,True,False,False,2026-07-22 21:38:52,2026-07-23 04:57:25,,,,,,0.654,
2026-07-22,20230124A,231.917,70.968,host,True,True,True,True,True,True,True,2026-07-22 21:38:52,2026-07-23 04:57:25,2026-07-22 21:38:52,2026-07-22 23:23:52,1.419,102.78,44.82,0.644,142.76
2026-07-22,20230930A,10.507,41.417,host,True,True,True,True,True,True,True,2026-07-22 21:38:52,2026-07-23 04:57:25,2026-07-23 02:03:52,2026-07-23 04:48:52,1.173,88.5,58.46,0.662,-102.54
2026-07-22,20240203,312.621,73.9,host,True,True,True,True,True,True,True,2026-07-22 21:38:52,2026-07-23 04:57:25,2026-07-22 23:53:52,2026-07-23 04:03:52,1.42,94.43,44.76,0.657,179.94
2026-07-22,20231120A,143.985,73.285,host,True,False,True,True,True,False,False,2026-07-22 21:38:52,2026-07-23 04:57:25,,,,,,0.654,
2026-07-22,20201123A,263.66,-50.764,host,False,False,True,True,True,False,False,2026-07-22 21:38:52,2026-07-23 04:57:25,,,,,,0.654,
2026-07-23,20171020A,333.8531,-19.5853,host,True,False,True,True,True,False,False,2026-07-23 21:38:08,2026-07-24 04:58:13,,,,,,0.742,
2026-07-23,20180924B,326.105236,-40.900253,host,False,False,True,True,True,False,False,2026-07-23 21:38:08,2026-07-24 04:58:13,,,,,,0.742,
2026-07-23,20190102C,322.415209,-79.475758,host,False,False,True,True,True,False,False,2026-07-23 21:38:08,2026-07-24 04:58:13,,,,,,0.742,
2026-07-23,20190608B,334.020406,-7.898868,host,True,True,True,True,True,True,True,2026-07-23 21:38:08,2026-07-24 04:58:13,2026-07-24 01:13:08,2026-07-24 04:58:08,1.247,32.61,53.33,0.748,-4.4
2026-07-23,20190714A,183.979525,-13.021079,host,True,False,True,True,True,False,False,2026-07-23 21:38:08,2026-07-24 04:58:13,,,,,,0.742,
2026-07-23,20191001A,323.352187,-54.747748,host,False,False,True,True,True,False,False,2026-07-23 21:38:08,2026-07-24 04:58:13,,,,,,0.742,
2026-07-23,20200906A,53.496,-14.083,host,True,False,True,True,True,False,False,2026-07-23 21:38:08,2026-07-24 04:58:13,,,,,,0.742,
2026-07-23,20210320C,204.458854,-16.122552,host,True,False,True,True,True,False,False,2026-07-23 21:38:08,2026-07-24 04:58:13,,,,,,0.742,
2026-07-23,20210410D,326.086,-79.318,host,False,False,True,True,True,False,False,2026-07-23 21:38:08,2026-07-24 04:58:13,,,,,,0.742,
2026-07-23,20210807D,299.2214,-0.7624,host,True,True,True,True,True,True,True,2026-07-23 21:38:08,2026-07-24 04:58:13,2026-07-23 22:28:08,2026-07-24 03:38:08,1.148,19.59,60.55,0.741,0.82
2026-07-23,20211127I,199.808,-18.838,host,True,False,True,True,True,False,False,2026-07-23 21:38:08,2026-07-24 04:58:13,,,,,,0.742,
2026-07-23,20211203C,204.56526,-31.379107,host,True,False,False,True,True,False,False,2026-07-23 21:38:08,2026-07-24 04:58:13,,,,,,0.742,
2026-07-23,20211212A,157.351,1.361,host,True,False,True,True,True,False,False,2026-07-23 21:38:08,2026-07-24 04:58:13,,,,,,0.742,
2026-07-23,20220207C,310.197679,72.882658,host,True,True,True,True,True,True,True,2026-07-23 21:38:08,2026-07-24 04:58:13,2026-07-23 23:23:08,2026-07-24 04:08:08,1.395,93.07,45.78,0.743,179.03
2026-07-23,20220307B,350.875,72.192,host,True,True,True,True,True,True,True,2026-07-23 21:38:08,2026-07-24 04:58:13,2026-07-24 01:58:08,2026-07-24 04:58:08,1.398,97.72,45.66,0.749,-161.2
2026-07-23,20220310F,134.721,73.491,host,True,False,True,True,True,False,False,2026-07-23 21:38:08,2026-07-24 04:58:13,,,,,,0.742,
2026-07-23,20220319D,32.177917,71.03525,host,True,True,True,True,True,True,True,2026-07-23 21:38:08,2026-07-24 04:58:13,2026-07-24 04:28:08,2026-07-24 04:58:08,1.473,108.69,42.74,0.753,-133.39
2026-07-23,20220509G,282.674806,70.242726,host,True,True,True,True,True,True,True,2026-07-23 21:38:08,2026-07-24 04:58:13,2026-07-23 21:38:08,2026-07-24 02:48:08,1.337,91.4,48.4,0.738,174.08
2026-07-23,20220825A,311.982,72.585,host,True,True,True,True,True,True,True,2026-07-23 21:38:08,2026-07-24 04:58:13,2026-07-23 23:23:08,2026-07-24 04:18:08,1.388,92.85,46.08,0.744,179.7
2026-07-23,20220912A,347.270174,48.706618,host,True,True,True,True,True,True,True,2026-07-23 21:38:08,2026-07-24 04:58:13,2026-07-24 00:23:08,2026-07-24 04:58:08,1.119,79.38,63.38,0.747,-130.91
2026-07-23,20220914A,282.058507,73.336282,host,True,True,True,True,True,True,True,2026-07-23 21:38:08,2026-07-24 04:58:13,2026-07-23 21:38:08,2026-07-24 02:08:08,1.405,94.39,45.39,0.737,179.9
2026-07-23,20220920A,240.256794,70.918007,host,True,True,True,True,True,True,True,2026-07-23 21:38:08,2026-07-24 04:58:13,2026-07-23 21:38:08,2026-07-23 23:53:08,1.401,100.47,45.55,0.733,147.31
2026-07-23,20221012A,280.801417,70.524175,host,True,True,True,True,True,True,True,2026-07-23 21:38:08,2026-07-24 04:58:13,2026-07-23 21:38:08,2026-07-24 02:38:08,1.343,91.88,48.11,0.738,173.3
2026-07-23,20181112A,327.348458,-52.970944,signal,False,False,True,True,True,False,False,2026-07-23 21:38:08,2026-07-24 04:58:13,,,,,,0.742,
2026-07-23,20190611B,320.742887,-79.397286,host,False,False,True,True,True,False,False,2026-07-23 21:38:08,2026-07-24 04:58:13,,,,,,0.742,
2026-07-23,20190711A,329.419,-80.358,host,False,False,True,True,True,False,False,2026-07-23 21:38:08,2026-07-24 04:58:13,,,,,,0.742,
2026-07-23,20191228A,344.430542,-29.594111,signal,True,False,True,True,True,False,False,2026-07-23 21:38:08,2026-07-24 04:58:13,,,,,,0.742,
2026-07-23,20200430A,229.706377,12.376607,host,True,True,True,True,True,True,True,2026-07-23 21:38:08,2026-07-24 04:58:13,2026-07-23 21:38:08,2026-07-23 23:38:08,1.222,78.64,54.91,0.732,57.15
2026-07-23,20200627A,326.695833,-39.484722,signal,False,False,True,True,True,False,False,2026-07-23 21:38:08,2026-07-24 04:58:13,,,,,,0.742,
2026-07-23,20210117A,339.979208,-16.151444,signal,True,True,True,True,True,True,True,2026-07-23 21:38:08,2026-07-24 04:58:13,2026-07-24 02:33:08,2026-07-24 04:58:08,1.409,35.51,45.23,0.75,1.32
2026-07-23,20210214G,6.93,-5.832222,signal,True,True,True,True,True,True,True,2026-07-23 21:38:08,2026-07-24 04:58:13,2026-07-24 03:13:08,2026-07-24 04:58:08,1.306,63.74,49.96,0.751,-29.07
2026-07-23,20210407E,78.650958,27.05825,signal,True,False,True,True,True,False,False,2026-07-23 21:38:08,2026-07-24 04:58:13,,,,,,0.742,
2026-07-23,20210809C,271.157083,1.328889,signal,True,True,True,True,True,True,True,2026-07-23 21:38:08,2026-07-24 04:58:13,2026-07-23 21:38:08,2026-07-24 01:53:08,1.142,37.52,61.15,0.736,17.81
2026-07-23,20210912A,350.7935,-30.405583,signal,True,False,True,True,True,False,False,2026-07-23 21:38:08,2026-07-24 04:58:13,,,,,,0.742,
2026-07-23,20220105A,208.803803,22.466479,host,True,True,True,True,True,True,True,2026-07-23 21:38:08,2026-07-24 04:58:13,2026-07-23 21:38:08,2026-07-23 22:33:08,1.353,100.82,47.65,0.731,71.37
2026-07-23,20220501C,352.379167,-32.490722,signal,True,False,True,True,True,False,False,2026-07-23 21:38:08,2026-07-24 04:58:13,,,,,,0.742,
2026-07-23,20220531A,294.709167,-60.296667,signal,False,False,True,True,True,False,False,2026-07-23 21:38:08,2026-07-24 04:58:13,,,,,,0.742,
2026-07-23,20220610A,351.073,-33.514,host,True,False,True,True,True,False,False,2026-07-23 21:38:08,2026-07-24 04:58:13,,,,,,0.742,
2026-07-23,20220725A,353.315342,-35.990268,host,True,False,True,True,True,False,False,2026-07-23 21:38:08,2026-07-24 04:58:13,,,,,,0.742,
2026-07-23,20220918A,17.592125,-70.811389,signal,False,False,True,True,True,False,False,2026-07-23 21:38:08,2026-07-24 04:58:13,,,,,,0.742,
2026-07-23,20221106A,56.704551,-25.569831,host,True,False,True,True,True,False,False,2026-07-23 21:38:08,2026-07-24 04:58:13,,,,,,0.742,
2026-07-23,20230521A,327.75125,-2.386111,signal,True,True,True,True,True,True,True,2026-07-23 21:38:08,2026-07-24 04:58:13,2026-07-24 00:23:08,2026-07-24 04:58:08,1.169,30.15,58.82,0.747,-5.07
2026-07-23,20230526A,22.232615,-52.717373,host,False,False,True,True,True,False,False,2026-07-23 21:38:08,2026-07-24 04:58:13,,,,,,0.742,
2026-07-23,20230708A,303.115511,-55.356262,host,False,False,True,True,True,False,False,2026-07-23 21:38:08,2026-07-24 04:58:13,,,,,,0.742,
2026-07-23,20230718A,128.161917,-40.451944,signal,False,False,True,True,True,False,False,2026-07-23 21:38:08,2026-07-24 04:58:13,,,,,,0.742,
2026-07-23,20230731A,174.601458,-56.799056,signal,False,False,True,True,True,False,False,2026-07-23 21:38:08,2026-07-24 04:58:13,,,,,,0.742,
2026-07-23,20230902A,52.139961,-47.333434,host,False,False,True,True,True,False,False,2026-07-23 21:38:08,2026-07-24 04:58:13,,,,,,0.742,
2026-07-23,20231006A,296.003333,-64.648889,signal,False,False,True,True,True,False,False,2026-07-23 21:38:08,2026-07-24 04:58:13,,,,,,0.742,
2026-07-23,20231226A,155.363856,6.109704,host,True,False,True,True,True,False,False,2026-07-23 21:38:08,2026-07-24 04:58:13,,,,,,0.742,
2026-07-23,20240201A,149.906029,14.088739,host,True,False,True,True,True,False,False,2026-07-23 21:38:08,2026-07-24 04:58:13,,,,,,0.742,
2026-07-23,20240208A,159.229001,-0.953397,host,True,False,True,True,True,False,False,2026-07-23 21:38:08,2026-07-24 04:58:13,,,,,,0.742,
2026-07-23,20240210A,8.77693,-28.271997,host,True,False,True,True,True,False,False,2026-07-23 21:38:08,2026-07-24 04:58:13,,,,,,0.742,
2026-07-23,20240304A,136.330524,-16.166242,host,True,False,True,True,True,False,False,2026-07-23 21:38:08,2026-07-24 04:58:13,,,,,,0.742,
2026-07-23,20240310A,17.621847,-44.439331,host,False,False,True,True,True,False,False,2026-07-23 21:38:08,2026-07-24 04:58:13,,,,,,0.742,
2026-07-23,20240318A,150.393564,37.616432,host,True,False,True,True,True,False,False,2026-07-23 21:38:08,2026-07-24 04:58:13,,,,,,0.742,
2026-07-23,20240304B,182.997,11.813,host,True,False,True,True,True,False,False,2026-07-23 21:38:08,2026-07-24 04:58:13,,,,,,0.742,
2026-07-23,20230521B,351.036,71.138,host,True,True,True,True,True,True,True,2026-07-23 21:38:08,2026-07-24 04:58:13,2026-07-24 01:48:08,2026-07-24 04:58:08,1.379,97.02,46.5,0.749,-159.05
2026-07-23,20240104A,348.874,72.821,host,True,True,True,True,True,True,True,2026-07-23 21:38:08,2026-07-24 04:58:13,2026-07-24 01:58:08,2026-07-24 04:58:08,1.408,97.76,45.25,0.749,-163.89
2026-07-23,20221029A,141.966,72.452,host,True,False,True,True,True,False,False,2026-07-23 21:38:08,2026-07-24 04:58:13,,,,,,0.742,
2026-07-23,20240123A,68.263,71.945,host,True,False,True,True,True,False,False,2026-07-23 21:38:08,2026-07-24 04:58:13,,,,,,0.742,
2026-07-23,20220222C,203.904,-28.027,host,True,False,False,True,True,False,False,2026-07-23 21:38:08,2026-07-24 04:58:13,,,,,,0.742,
2026-07-23,20190523A,207.064,72.471,host,True,False,True,True,True,False,False,2026-07-23 21:38:08,2026-07-24 04:58:13,,,,,,0.742,
2026-07-23,20250518,207.992,71.282,host,True,True,True,True,True,False,False,2026-07-23 21:38:08,2026-07-24 04:58:13,,,,,,0.742,
2026-07-23,20220224C,166.678,-22.94,host,True,False,True,True,True,False,False,2026-07-23 21:38:08,2026-07-24 04:58:13,,,,,,0.742,
2026-07-23,20220418A,219.106,70.095,host,True,True,True,True,True,True,True,2026-07-23 21:38:08,2026-07-24 04:58:13,2026-07-23 21:38:08,2026-07-23 22:38:08,1.443,106.63,43.86,0.731,133.49
2026-07-23,20190614D,65.076,73.707,host,True,False,True,True,True,False,False,2026-07-23 21:38:08,2026-07-24 04:58:13,,,,,,0.742,
2026-07-23,20221219A,257.63,71.627,host,True,True,True,True,True,True,True,2026-07-23 21:38:08,2026-07-24 04:58:13,2026-07-23 21:38:08,2026-07-24 00:53:08,1.384,96.67,46.29,0.735,159.89
2026-07-23,20230814B,335.976,73.026,host,True,True,True,True,True,True,True,2026-07-23 21:38:08,2026-07-24 04:58:13,2026-07-24 01:08:08,2026-07-24 04:58:08,1.403,95.65,45.47,0.748,-172.21
2026-07-23,20231020B,57.278,-37.77,host,False,False,True,True,True,False,False,2026-07-23 21:38:08,2026-07-24 04:58:13,,,,,,0.742,
2026-07-23,20230907D,187.142,8.658,host,True,False,True,True,True,False,False,2026-07-23 21:38:08,2026-07-24 04:58:13,,,,,,0.742,
2026-07-23,20230712A,167.36,72.558,host,True,False,True,True,True,False,False,2026-07-23 21:38:08,2026-07-24 04:58:13,,,,,,0.742,
2026-07-23,20220204A,274.228,69.722,host,True,True,True,True,True,True,True,2026-07-23 21:38:08,2026-07-24 04:58:13,2026-07-23 21:38:08,2026-07-24 02:18:08,1.331,92.03,48.68,0.737,167.79
2026-07-23,20230613A,356.853,-27.053,host,True,False,True,True,True,False,False,2026-07-23 21:38:08,2026-07-24 04:58:13,,,,,,0.742,
2026-07-23,20240119A,224.467,71.612,host,True,True,True,True,True,True,True,2026-07-23 21:38:08,2026-07-24 04:58:13,2026-07-23 21:38:08,2026-07-23 22:43:08,1.448,105.34,43.68,0.731,139.3
2026-07-23,20220717A,293.304,-19.288,host,True,True,True,True,True,True,True,2026-07-23 21:38:08,2026-07-24 04:58:13,2026-07-24 00:23:08,2026-07-24 00:53:08,1.494,8.82,42.01,0.739,0.13
2026-07-23,20220726A,73.946,69.93,host,True,False,True,True,True,False,False,2026-07-23 21:38:08,2026-07-24 04:58:13,,,,,,0.742,
2026-07-23,20231220A,123.909,73.66,host,True,False,True,True,True,False,False,2026-07-23 21:38:08,2026-07-24 04:58:13,,,,,,0.742,
2026-07-23,20180301A,93.227,4.671,host,True,False,True,True,True,False,False,2026-07-23 21:38:08,2026-07-24 04:58:13,,,,,,0.742,
2026-07-23,20230626A,235.63,71.134,host,True,True,True,True,True,True,True,2026-07-23 21:38:08,2026-07-24 04:58:13,2026-07-23 21:38:08,2026-07-23 23:33:08,1.414,101.88,45.0,0.732,144.85
2026-07-23,20230125D,150.205,-31.545,host,True,False,True,True,True,False,False,2026-07-23 21:38:08,2026-07-24 04:58:13,,,,,,0.742,
2026-07-23,20230913,305.037,70.793,host,True,True,True,True,True,True,True,2026-07-23 21:38:08,2026-07-24 04:58:13,2026-07-23 22:38:08,2026-07-24 04:13:08,1.348,90.86,47.88,0.742,178.8
2026-07-23,20230501A,340.027,70.922,host,True,True,True,True,True,True,True,2026-07-23 21:38:08,2026-07-24 04:58:13,2026-07-24 00:58:08,2026-07-24 04:58:08,1.363,94.57,47.2,0.747,-165.03
2026-07-23,20220506D,318.045,72.827,host,True,True,True,True,True,True,True,2026-07-23 21:38:08,2026-07-24 04:58:13,2026-07-23 23:53:08,2026-07-24 04:38:08,1.394,93.44,45.82,0.745,179.45
2026-07-23,20240229A,169.984,70.676,host,True,False,True,True,True,False,False,2026-07-23 21:38:08,2026-07-24 04:58:13,,,,,,0.742,
2026-07-23,20221116A,21.211,72.654,host,True,True,True,True,True,True,True,2026-07-23 21:38:08,2026-07-24 04:58:13,2026-07-24 04:03:08,2026-07-24 04:58:08,1.459,105.7,43.28,0.753,-144.3
2026-07-23,20230307A,177.782,71.695,host,True,False,True,True,True,False,False,2026-07-23 21:38:08,2026-07-24 04:58:13,,,,,,0.742,
2026-07-23,20231123B,242.538,70.785,host,True,True,True,True,True,True,True,2026-07-23 21:38:08,2026-07-24 04:58:13,2026-07-23 21:38:08,2026-07-24 00:03:08,1.394,99.77,45.84,0.733,148.5
2026-07-23,20221113A,71.411,70.307,host,True,False,True,True,True,False,False,2026-07-23 21:38:08,2026-07-24 04:58:13,,,,,,0.742,
2026-07-23,20221101B,342.216,70.682,host,True,True,True,True,True,True,True,2026-07-23 21:38:08,2026-07-24 04:58:13,2026-07-24 01:08:08,2026-07-24 04:58:08,1.36,94.79,47.34,0.748,-163.76
2026-07-23,20240215A,268.441,70.232,host,True,True,True,True,True,True,True,2026-07-23 21:38:08,2026-07-24 04:58:13,2026-07-23 21:38:08,2026-07-24 01:53:08,1.347,93.44,47.93,0.736,163.63
2026-07-23,20121102A,82.994542,33.147897,host,True,False,True,True,True,False,False,2026-07-23 21:38:08,2026-07-24 04:58:13,,,,,,0.742,
2026-07-23,20230628A,166.787,72.282,host,True,False,True,True,True,False,False,2026-07-23 21:38:08,2026-07-24 04:58:13,,,,,,0.742,
2026-07-23,20240213A,166.168,74.075,host,True,False,True,True,True,False,False,2026-07-23 21:38:08,2026-07-24 04:58:13,,,,,,0.742,
2026-07-23,20201124A,77.015,26.061,host,True,False,True,True,True,False,False,2026-07-23 21:38:08,2026-07-24 04:58:13,,,,,,0.742,
2026-07-23,20230124A,231.917,70.968,host,True,True,True,True,True,True,True,2026-07-23 21:38:08,2026-07-24 04:58:13,2026-07-23 21:38:08,2026-07-23 23:18:08,1.416,102.88,44.91,0.732,143.3
2026-07-23,20230930A,10.507,41.417,host,True,True,True,True,True,True,True,2026-07-23 21:38:08,2026-07-24 04:58:13,2026-07-24 01:58:08,2026-07-24 04:43:08,1.178,87.71,58.13,0.749,-102.13
2026-07-23,20240203,312.621,73.9,host,True,True,True,True,True,True,True,2026-07-23 21:38:08,2026-07-24 04:58:13,2026-07-23 23:48:08,2026-07-24 04:03:08,1.42,94.17,44.76,0.744,178.95
2026-07-23,20231120A,143.985,73.285,host,True,False,True,True,True,False,False,2026-07-23 21:38:08,2026-07-24 04:58:13,,,,,,0.742,
2026-07-23,20201123A,263.66,-50.764,host,False,False,True,True,True,False,False,2026-07-23 21:38:08,2026-07-24 04:58:13,,,,,,0.742,
2026-07-24,20171020A,333.8531,-19.5853,host,True,False,True,True,True,False,False,2026-07-24 21:37:23,2026-07-25 04:59:00,,,,,,0.82,
2026-07-24,20180924B,326.105236,-40.900253,host,False,False,True,True,True,False,False,2026-07-24 21:37:23,2026-07-25 04:59:00,,,,,,0.82,
2026-07-24,20190102C,322.415209,-79.475758,host,False,False,True,True,True,False,False,2026-07-24 21:37:23,2026-07-25 04:59:00,,,,,,0.82,
2026-07-24,20190608B,334.020406,-7.898868,host,True,True,True,True,True,True,True,2026-07-24 21:37:23,2026-07-25 04:59:00,2026-07-25 01:12:22,2026-07-25 04:57:22,1.246,31.64,53.39,0.825,-3.23
2026-07-24,20190714A,183.979525,-13.021079,host,True,False,True,True,True,False,False,2026-07-24 21:37:23,2026-07-25 04:59:00,,,,,,0.82,
2026-07-24,20191001A,323.352187,-54.747748,host,False,False,True,True,True,False,False,2026-07-24 21:37:23,2026-07-25 04:59:00,,,,,,0.82,
2026-07-24,20200906A,53.496,-14.083,host,True,False,True,True,True,False,False,2026-07-24 21:37:23,2026-07-25 04:59:00,,,,,,0.82,
2026-07-24,20210320C,204.458854,-16.122552,host,True,False,True,True,True,False,False,2026-07-24 21:37:23,2026-07-25 04:59:00,,,,,,0.82,
2026-07-24,20210410D,326.086,-79.318,host,False,False,True,True,True,False,False,2026-07-24 21:37:23,2026-07-25 04:59:00,,,,,,0.82,
2026-07-24,20210807D,299.2214,-0.7624,host,True,True,True,True,True,True,True,2026-07-24 21:37:23,2026-07-25 04:59:00,2026-07-24 22:22:23,2026-07-25 03:37:22,1.149,19.57,60.54,0.819,2.24
2026-07-24,20211127I,199.808,-18.838,host,True,False,True,True,True,False,False,2026-07-24 21:37:23,2026-07-25 04:59:00,,,,,,0.82,
2026-07-24,20211203C,204.56526,-31.379107,host,True,False,True,True,True,False,False,2026-07-24 21:37:23,2026-07-25 04:59:00,,,,,,0.82,
2026-07-24,20211212A,157.351,1.361,host,True,False,True,True,True,False,False,2026-07-24 21:37:23,2026-07-25 04:59:00,,,,,,0.82,
2026-07-24,20220207C,310.197679,72.882658,host,True,True,True,True,True,True,True,2026-07-24 21:37:23,2026-07-25 04:59:00,2026-07-24 23:17:22,2026-07-25 04:02:22,1.395,92.83,45.78,0.821,179.61
2026-07-24,20220307B,350.875,72.192,host,True,True,True,True,True,True,True,2026-07-24 21:37:23,2026-07-25 04:59:00,2026-07-25 01:52:22,2026-07-25 04:57:22,1.396,97.3,45.74,0.826,-162.2
2026-07-24,20220310F,134.721,73.491,host,True,False,True,True,True,False,False,2026-07-24 21:37:23,2026-07-25 04:59:00,,,,,,0.82,
2026-07-24,20220319D,32.177917,71.03525,host,True,True,True,True,True,True,True,2026-07-24 21:37:23,2026-07-25 04:59:00,2026-07-25 04:27:22,2026-07-25 04:57:22,1.468,108.17,42.93,0.83,-134.31
2026-07-24,20220509G,282.674806,70.242726,host,True,True,True,True,True,True,True,2026-07-24 21:37:23,2026-07-25 04:59:00,2026-07-24 21:37:23,2026-07-25 02:42:22,1.338,91.3,48.37,0.816,173.03
2026-07-24,20220825A,311.982,72.585,host,True,True,True,True,True,True,True,2026-07-24 21:37:23,2026-07-25 04:59:00,2026-07-24 23:22:22,2026-07-25 04:17:22,1.388,92.59,46.07,0.821,178.69
2026-07-24,20220912A,347.270174,48.706618,host,True,True,True,True,True,True,True,2026-07-24 21:37:23,2026-07-25 04:59:00,2026-07-25 00:22:22,2026-07-25 04:57:22,1.115,78.75,63.77,0.824,-132.22
2026-07-24,20220914A,282.058507,73.336282,host,True,True,True,True,True,True,True,2026-07-24 21:37:23,2026-07-25 04:59:00,2026-07-24 21:37:23,2026-07-25 02:07:22,1.405,94.28,45.39,0.815,178.91
2026-07-24,20220920A,240.256794,70.918007,host,True,True,True,True,True,True,True,2026-07-24 21:37:23,2026-07-25 04:59:00,2026-07-24 21:37:23,2026-07-24 23:47:22,1.399,100.55,45.63,0.812,147.87
2026-07-24,20221012A,280.801417,70.524175,host,True,True,True,True,True,True,True,2026-07-24 21:37:23,2026-07-25 04:59:00,2026-07-24 21:37:23,2026-07-25 02:32:22,1.344,91.79,48.07,0.816,172.26
2026-07-24,20181112A,327.348458,-52.970944,signal,False,False,True,True,True,False,False,2026-07-24 21:37:23,2026-07-25 04:59:00,,,,,,0.82,
2026-07-24,20190611B,320.742887,-79.397286,host,False,False,True,True,True,False,False,2026-07-24 21:37:23,2026-07-25 04:59:00,,,,,,0.82,
2026-07-24,20190711A,329.419,-80.358,host,False,False,True,True,True,False,False,2026-07-24 21:37:23,2026-07-25 04:59:00,,,,,,0.82,
2026-07-24,20191228A,344.430542,-29.594111,signal,True,False,True,True,True,False,False,2026-07-24 21:37:23,2026-07-25 04:59:00,,,,,,0.82,
2026-07-24,20200430A,229.706377,12.376607,host,True,True,True,True,True,True,True,2026-07-24 21:37:23,2026-07-25 04:59:00,2026-07-24 21:37:23,2026-07-24 23:32:22,1.232,79.48,54.25,0.812,57.56
2026-07-24,20200627A,326.695833,-39.484722,signal,False,False,True,True,True,False,False,2026-07-24 21:37:23,2026-07-25 04:59:00,,,,,,0.82,
2026-07-24,20210117A,339.979208,-16.151444,signal,True,True,True,True,True,True,True,2026-07-24 21:37:23,2026-07-25 04:59:00,2026-07-25 02:32:22,2026-07-25 04:52:22,1.409,34.57,45.23,0.827,0.76
2026-07-24,20210214G,6.93,-5.832222,signal,True,True,True,True,True,True,True,2026-07-24 21:37:23,2026-07-25 04:59:00,2026-07-25 03:12:22,2026-07-25 04:57:22,1.299,62.79,50.35,0.828,-28.15
2026-07-24,20210407E,78.650958,27.05825,signal,True,False,True,True,True,False,False,2026-07-24 21:37:23,2026-07-25 04:59:00,,,,,,0.82,
2026-07-24,20210809C,271.157083,1.328889,signal,True,True,True,True,True,True,True,2026-07-24 21:37:23,2026-07-25 04:59:00,2026-07-24 21:37:23,2026-07-25 01:52:22,1.144,38.22,60.9,0.815,19.15
2026-07-24,20210912A,350.7935,-30.405583,signal,True,False,True,True,True,False,False,2026-07-24 21:37:23,2026-07-25 04:59:00,,,,,,0.82,
2026-07-24,20220105A,208.803803,22.466479,host,True,True,True,True,True,True,True,2026-07-24 21:37:23,2026-07-25 04:59:00,2026-07-24 21:37:23,2026-07-24 22:27:23,1.345,101.63,48.05,0.81,71.4
2026-07-24,20220501C,352.379167,-32.490722,signal,True,False,True,True,True,False,False,2026-07-24 21:37:23,2026-07-25 04:59:00,,,,,,0.82,
2026-07-24,20220531A,294.709167,-60.296667,signal,False,False,True,True,True,False,False,2026-07-24 21:37:23,2026-07-25 04:59:00,,,,,,0.82,
2026-07-24,20220610A,351.073,-33.514,host,True,False,True,True,True,False,False,2026-07-24 21:37:23,2026-07-25 04:59:00,,,,,,0.82,
2026-07-24,20220725A,353.315342,-35.990268,host,True,False,True,True,True,False,False,2026-07-24 21:37:23,2026-07-25 04:59:00,,,,,,0.82,
2026-07-24,20220918A,17.592125,-70.811389,signal,False,False,True,True,True,False,False,2026-07-24 21:37:23,2026-07-25 04:59:00,,,,,,0.82,
2026-07-24,20221106A,56.704551,-25.569831,host,True,False,True,True,True,False,False,2026-07-24 21:37:23,2026-07-25 04:59:00,,,,,,0.82,
2026-07-24,20230521A,327.75125,-2.386111,signal,True,True,True,True,True,True,True,2026-07-24 21:37:23,2026-07-25 04:59:00,2026-07-25 00:22:22,2026-07-25 04:57:22,1.168,29.24,58.89,0.824,-3.73
2026-07-24,20230526A,22.232615,-52.717373,host,False,False,True,True,True,False,False,2026-07-24 21:37:23,2026-07-25 04:59:00,,,,,,0.82,
2026-07-24,20230708A,303.115511,-55.356262,host,False,False,True,True,True,False,False,2026-07-24 21:37:23,2026-07-25 04:59:00,,,,,,0.82,
2026-07-24,20230718A,128.161917,-40.451944,signal,False,False,True,True,True,False,False,2026-07-24 21:37:23,2026-07-25 04:59:00,,,,,,0.82,
2026-07-24,20230731A,174.601458,-56.799056,signal,False,False,True,True,True,False,False,2026-07-24 21:37:23,2026-07-25 04:59:00,,,,,,0.82,
2026-07-24,20230902A,52.139961,-47.333434,host,False,False,True,True,True,False,False,2026-07-24 21:37:23,2026-07-25 04:59:00,,,,,,0.82,
2026-07-24,20231006A,296.003333,-64.648889,signal,False,False,True,True,True,False,False,2026-07-24 21:37:23,2026-07-25 04:59:00,,,,,,0.82,
2026-07-24,20231226A,155.363856,6.109704,host,True,False,True,True,True,False,False,2026-07-24 21:37:23,2026-07-25 04:59:00,,,,,,0.82,
2026-07-24,20240201A,149.906029,14.088739,host,True,False,True,True,True,False,False,2026-07-24 21:37:23,2026-07-25 04:59:00,,,,,,0.82,
2026-07-24,20240208A,159.229001,-0.953397,host,True,False,True,True,True,False,False,2026-07-24 21:37:23,2026-07-25 04:59:00,,,,,,0.82,
2026-07-24,20240210A,8.77693,-28.271997,host,True,False,True,True,True,False,False,2026-07-24 21:37:23,2026-07-25 04:59:00,,,,,,0.82,
2026-07-24,20240304A,136.330524,-16.166242,host,True,False,True,True,True,False,False,2026-07-24 21:37:23,2026-07-25 04:59:00,,,,,,0.82,
2026-07-24,20240310A,17.621847,-44.439331,host,False,False,True,True,True,False,False,2026-07-24 21:37:23,2026-07-25 04:59:00,,,,,,0.82,
2026-07-24,20240318A,150.393564,37.616432,host,True,False,True,True,True,False,False,2026-07-24 21:37:23,2026-07-25 04:59:00,,,,,,0.82,
2026-07-24,20240304B,182.997,11.813,host,True,False,True,True,True,False,False,2026-07-24 21:37:23,2026-07-25 04:59:00,,,,,,0.82,
2026-07-24,20230521B,351.036,71.138,host,True,True,True,True,True,True,True,2026-07-24 21:37:23,2026-07-25 04:59:00,2026-07-25 01:42:22,2026-07-25 04:57:22,1.377,96.58,46.59,0.826,-160.06
2026-07-24,20240104A,348.874,72.821,host,True,True,True,True,True,True,True,2026-07-24 21:37:23,2026-07-25 04:59:00,2026-07-25 01:52:22,2026-07-25 04:57:22,1.407,97.35,45.31,0.826,-164.88
2026-07-24,20221029A,141.966,72.452,host,True,False,True,True,True,False,False,2026-07-24 21:37:23,2026-07-25 04:59:00,,,,,,0.82,
2026-07-24,20240123A,68.263,71.945,host,True,False,True,True,True,False,False,2026-07-24 21:37:23,2026-07-25 04:59:00,,,,,,0.82,
2026-07-24,20220222C,203.904,-28.027,host,True,False,True,True,True,False,False,2026-07-24 21:37:23,2026-07-25 04:59:00,,,,,,0.82,
2026-07-24,20190523A,207.064,72.471,host,True,False,True,True,True,False,False,2026-07-24 21:37:23,2026-07-25 04:59:00,,,,,,0.82,
2026-07-24,20250518,207.992,71.282,host,True,True,True,True,True,False,False,2026-07-24 21:37:23,2026-07-25 04:59:00,,,,,,0.82,
2026-07-24,20220224C,166.678,-22.94,host,True,False,True,True,True,False,False,2026-07-24 21:37:23,2026-07-25 04:59:00,,,,,,0.82,
2026-07-24,20220418A,219.106,70.095,host,True,True,True,True,True,True,True,2026-07-24 21:37:23,2026-07-25 04:59:00,2026-07-24 21:37:23,2026-07-24 22:32:23,1.448,106.77,43.66,0.81,132.56
2026-07-24,20190614D,65.076,73.707,host,True,False,True,True,True,False,False,2026-07-24 21:37:23,2026-07-25 04:59:00,,,,,,0.82,
2026-07-24,20221219A,257.63,71.627,host,True,True,True,True,True,True,True,2026-07-24 21:37:23,2026-07-25 04:59:00,2026-07-24 21:37:23,2026-07-25 00:52:22,1.386,96.68,46.2,0.814,158.89
2026-07-24,20230814B,335.976,73.026,host,True,True,True,True,True,True,True,2026-07-24 21:37:23,2026-07-25 04:59:00,2026-07-25 01:02:22,2026-07-25 04:57:22,1.402,95.29,45.5,0.825,-173.21
2026-07-24,20231020B,57.278,-37.77,host,False,False,True,True,True,False,False,2026-07-24 21:37:23,2026-07-25 04:59:00,,,,,,0.82,
2026-07-24,20230907D,187.142,8.658,host,True,False,True,True,True,False,False,2026-07-24 21:37:23,2026-07-25 04:59:00,,,,,,0.82,
2026-07-24,20230712A,167.36,72.558,host,True,False,True,True,True,False,False,2026-07-24 21:37:23,2026-07-25 04:59:00,,,,,,0.82,
2026-07-24,20220204A,274.228,69.722,host,True,True,True,True,True,True,True,2026-07-24 21:37:23,2026-07-25 04:59:00,2026-07-24 21:37:23,2026-07-25 02:12:22,1.333,91.98,48.62,0.816,166.74
2026-07-24,20230613A,356.853,-27.053,host,True,False,True,True,True,False,False,2026-07-24 21:37:23,2026-07-25 04:59:00,,,,,,0.82,
2026-07-24,20240119A,224.467,71.612,host,True,True,True,True,True,True,True,2026-07-24 21:37:23,2026-07-25 04:59:00,2026-07-24 21:37:23,2026-07-24 22:37:23,1.446,105.45,43.77,0.81,139.84
2026-07-24,20220717A,293.304,-19.288,host,True,True,True,True,True,True,True,2026-07-24 21:37:23,2026-07-25 04:59:00,2026-07-25 00:17:22,2026-07-25 00:52:22,1.494,9.75,42.01,0.818,1.07
2026-07-24,20220726A,73.946,69.93,host,True,False,True,True,True,False,False,2026-07-24 21:37:23,2026-07-25 04:59:00,,,,,,0.82,
2026-07-24,20231220A,123.909,73.66,host,True,False,True,True,True,False,False,2026-07-24 21:37:23,2026-07-25 04:59:00,,,,,,0.82,
2026-07-24,20180301A,93.227,4.671,host,True,False,True,True,True,False,False,2026-07-24 21:37:23,2026-07-25 04:59:00,,,,,,0.82,
2026-07-24,20230626A,235.63,71.134,host,True,True,True,True,True,True,True,2026-07-24 21:37:23,2026-07-25 04:59:00,2026-07-24 21:37:23,2026-07-24 23:27:22,1.412,101.97,45.08,0.811,145.41
2026-07-24,20230125D,150.205,-31.545,host,True,False,True,True,True,False,False,2026-07-24 21:37:23,2026-07-25 04:59:00,,,,,,0.82,
2026-07-24,20230913,305.037,70.793,host,True,True,True,True,True,True,True,2026-07-24 21:37:23,2026-07-25 04:59:00,2026-07-24 22:32:23,2026-07-25 04:07:22,1.348,90.64,47.88,0.82,179.4
2026-07-24,20230501A,340.027,70.922,host,True,True,True,True,True,True,True,2026-07-24 21:37:23,2026-07-25 04:59:00,2026-07-25 00:57:22,2026-07-25 04:57:22,1.362,94.17,47.26,0.825,-166.06
2026-07-24,20220506D,318.045,72.827,host,True,True,True,True,True,True,True,2026-07-24 21:37:23,2026-07-25 04:59:00,2026-07-24 23:47:22,2026-07-25 04:37:22,1.394,93.16,45.82,0.822,-179.98
2026-07-24,20240229A,169.984,70.676,host,True,False,True,True,True,False,False,2026-07-24 21:37:23,2026-07-25 04:59:00,,,,,,0.82,
2026-07-24,20221116A,21.211,72.654,host,True,True,True,True,True,True,True,2026-07-24 21:37:23,2026-07-25 04:59:00,2026-07-25 04:02:22,2026-07-25 04:57:22,1.455,105.21,43.42,0.829,-145.24
2026-07-24,20230307A,177.782,71.695,host,True,False,True,True,True,False,False,2026-07-24 21:37:23,2026-07-25 04:59:00,,,,,,0.82,
2026-07-24,20231123B,242.538,70.785,host,True,True,True,True,True,True,True,2026-07-24 21:37:23,2026-07-25 04:59:00,2026-07-24 21:37:23,2026-07-24 23:57:22,1.392,99.85,45.92,0.812,149.07
2026-07-24,20221113A,71.411,70.307,host,True,False,True,True,True,False,False,2026-07-24 21:37:23,2026-07-25 04:59:00,,,,,,0.82,
2026-07-24,20221101B,342.216,70.682,host,True,True,True,True,True,True,True,2026-07-24 21:37:23,2026-07-25 04:59:00,2026-07-25 01:02:22,2026-07-25 04:57:22,1.358,94.39,47.41,0.825,-164.78
2026-07-24,20240215A,268.441,70.232,host,True,True,True,True,True,True,True,2026-07-24 21:37:23,2026-07-25 04:59:00,2026-07-24 21:37:23,2026-07-25 01:47:22,1.346,93.42,47.97,0.815,164.22
2026-07-24,20121102A,82.994542,33.147897,host,True,False,True,True,True,False,False,2026-07-24 21:37:23,2026-07-25 04:59:00,,,,,,0.82,
2026-07-24,20230628A,166.787,72.282,host,True,False,True,True,True,False,False,2026-07-24 21:37:23,2026-07-25 04:59:00,,,,,,0.82,
2026-07-24,20240213A,166.168,74.075,host,True,False,True,True,True,False,False,2026-07-24 21:37:23,2026-07-25 04:59:00,,,,,,0.82,
2026-07-24,20201124A,77.015,26.061,host,True,False,True,True,True,False,False,2026-07-24 21:37:23,2026-07-25 04:59:00,,,,,,0.82,
2026-07-24,20230124A,231.917,70.968,host,True,True,True,True,True,True,True,2026-07-24 21:37:23,2026-07-25 04:59:00,2026-07-24 21:37:23,2026-07-24 23:17:22,1.42,102.98,44.75,0.811,142.34
2026-07-24,20230930A,10.507,41.417,host,True,True,True,True,True,True,True,2026-07-24 21:37:23,2026-07-25 04:59:00,2026-07-25 01:52:22,2026-07-25 04:37:22,1.182,86.9,57.79,0.826,-101.71
2026-07-24,20240203,312.621,73.9,host,True,True,True,True,True,True,True,2026-07-24 21:37:23,2026-07-25 04:59:00,2026-07-24 23:42:22,2026-07-25 03:57:22,1.42,93.92,44.76,0.821,179.51
2026-07-24,20231120A,143.985,73.285,host,True,False,True,True,True,False,False,2026-07-24 21:37:23,2026-07-25 04:59:00,,,,,,0.82,
2026-07-24,20201123A,263.66,-50.764,host,False,False,False,True,True,False,False,2026-07-24 21:37:23,2026-07-25 04:59:00,,,,,,0.82,
